participant_id,alpha_pos,alpha_neg,phi,rho,capacity,kappa,epsilon,nll,aic,bic,aicc,pseudo_r2,alpha_pos_hdi_low,alpha_pos_hdi_high,alpha_pos_sd,alpha_neg_hdi_low,alpha_neg_hdi_high,alpha_neg_sd,phi_hdi_low,phi_hdi_high,phi_sd,rho_hdi_low,rho_hdi_high,rho_sd,capacity_hdi_low,capacity_hdi_high,capacity_sd,kappa_hdi_low,kappa_hdi_high,kappa_sd,epsilon_hdi_low,epsilon_hdi_high,epsilon_sd,max_rhat,min_ess_bulk,num_divergences,min_bfmi,per_chain_ess_bulk,n_trials,converged,at_bounds,parameterization_version,kappa_parameterization
9187,0.01779843308031559,3.091716644121334e-05,0.5274785757064819,0.20991259813308716,2.272671937942505,-0.22562295198440552,0.11844221502542496,,,,,,0.013212756253778934,0.022599680349230766,0.002450115978717804,1.591505920106595e-11,0.00010410473623778671,3.9555128751089796e-05,0.33534303307533264,0.7336273789405823,0.09753482043743134,0.07425796240568161,0.3356168866157532,0.07028388977050781,2.0000345706939697,2.707658529281616,0.22801586985588074,-0.45183610916137695,-0.0037433505058288574,0.11392360925674438,0.035460855811834335,0.2031409740447998,0.04428766295313835,1.0,2922.0,0,0.7117196321487427,624;851;378;1115,990,True,,"v4.0-K[2,6]-phiapprox",softmax
10000,0.012779571115970612,3.115412255283445e-05,0.2906480133533478,0.27713486552238464,2.2569873332977295,-0.3595889210700989,0.08706630021333694,,,,,,0.009487831965088844,0.01623711548745632,0.0017469534650444984,4.2410974038231686e-11,0.00010304588067810982,3.992880374426022e-05,0.20656350255012512,0.3781219720840454,0.04371245205402374,0.17744356393814087,0.3852476477622986,0.052634961903095245,2.000042200088501,2.658001184463501,0.2022443562746048,-0.5886013507843018,-0.13396231830120087,0.11562668532133102,0.0456479974091053,0.12830400466918945,0.021443674340844154,1.0,5737.0,0,0.7117196321487427,624;851;378;1115,988,True,,"v4.0-K[2,6]-phiapprox",softmax
10002,0.032637692987918854,3.396481042727828e-05,0.14926622807979584,0.2855711579322815,2.259244203567505,0.8446212410926819,0.09428225457668304,,,,,,0.017148908227682114,0.05090601369738579,0.008862861432135105,6.843835914649432e-11,0.00011180555156897753,5.351024083211087e-05,0.05750459060072899,0.26220396161079407,0.05418016389012337,0.17949599027633667,0.39282533526420593,0.05503020063042641,2.000044345855713,2.6580417156219482,0.21086202561855316,0.5639042258262634,1.0,0.15310005843639374,0.06393815577030182,0.12258610129356384,0.015022357925772667,1.0,4076.0,0,0.7117196321487427,624;851;378;1115,986,True,,"v4.0-K[2,6]-phiapprox",softmax
10003,0.01056902576237917,3.126045339740813e-05,0.22670839726924896,0.23112601041793823,2.238664150238037,0.23454776406288147,0.028696727007627487,,,,,,0.0076156845316290855,0.013461153954267502,0.0014949924079701304,2.2768301133346824e-10,0.00010096442565554753,4.1511466406518593e-05,0.1547260582447052,0.2983812093734741,0.03697147220373154,0.15228787064552307,0.3127428889274597,0.041930291801691055,2.00004243850708,2.5996289253234863,0.1839572787284851,0.040566325187683105,0.42995163798332214,0.09952758252620697,0.006699076388031244,0.05361549183726311,0.012491049244999886,1.0,4281.0,0,0.7117196321487427,624;851;378;1115,973,True,,"v4.0-K[2,6]-phiapprox",softmax
10004,0.01632806286215782,3.627668775152415e-05,0.05197809636592865,0.3469703793525696,2.293095111846924,0.9875267148017883,0.08327395468950272,,,,,,0.007422781549394131,0.026429973542690277,0.00513765262439847,3.287937699880672e-10,0.00011685244680847973,0.00013367434439714998,0.013505132868885994,0.0929931104183197,0.020451003685593605,0.22910523414611816,0.47920459508895874,0.06672745198011398,2.0000383853912354,2.7684946060180664,0.25008442997932434,0.9133328199386597,1.0,0.03659450262784958,0.058392010629177094,0.10862687230110168,0.012895212508738041,1.0,4306.0,0,0.7117196321487427,624;851;378;1115,990,True,,"v4.0-K[2,6]-phiapprox",softmax
10005,0.013344543054699898,3.2444797398056835e-05,0.12450368702411652,0.2831239104270935,2.258702039718628,0.32011231780052185,0.039580121636390686,,,,,,0.009098011068999767,0.018031466752290726,0.0023267981596291065,2.621198258445645e-10,0.00010562691022641957,4.579536835080944e-05,0.07549744844436646,0.17356887459754944,0.025232503190636635,0.19527742266654968,0.38551270961761475,0.049489688128232956,2.000014066696167,2.6604998111724854,0.20385311543941498,0.04081813991069794,0.5904686450958252,0.14272280037403107,0.017299769446253777,0.0638282373547554,0.012053556740283966,1.0,5774.0,0,0.7117196321487427,624;851;378;1115,985,True,,"v4.0-K[2,6]-phiapprox",softmax
10006,0.012289966456592083,3.3934971725102514e-05,0.0837392583489418,0.32123610377311707,2.2706751823425293,0.4546077251434326,0.036969710141420364,,,,,,0.0077195800840854645,0.017207082360982895,0.0024309626314789057,1.4057814912149524e-09,0.00011376851034583524,5.083863652544096e-05,0.045545876026153564,0.12771466374397278,0.021063750609755516,0.21971917152404785,0.4340404272079468,0.05617058277130127,2.0000405311584473,2.695775032043457,0.22113235294818878,0.14607521891593933,0.7795668244361877,0.1630510687828064,0.018617503345012665,0.05518841743469238,0.00946930143982172,1.0,5178.0,0,0.7117196321487427,624;851;378;1115,987,True,,"v4.0-K[2,6]-phiapprox",softmax
10016,0.0125127537176013,3.259170625824481e-05,0.08973079174757004,0.2925203740596771,2.283677339553833,0.8233926296234131,0.047740258276462555,,,,,,0.008339916355907917,0.01696302928030491,0.002230478450655937,2.1702539765300344e-09,0.00010803185432450846,4.96559077873826e-05,0.05581887438893318,0.12559092044830322,0.017974894493818283,0.1992529332637787,0.3939603865146637,0.05003036931157112,2.00004243850708,2.731200695037842,0.24766777455806732,0.5518067479133606,1.0,0.15328030288219452,0.02480916865170002,0.06936536729335785,0.011575473472476006,1.0,5012.0,0,0.7117196321487427,624;851;378;1115,987,True,,"v4.0-K[2,6]-phiapprox",softmax
10017,0.007724120747298002,3.453623503446579e-05,0.029386822134256363,0.3843395411968231,2.322155714035034,0.9831169247627258,0.09664753079414368,,,,,,0.002971474314108491,0.012847303412854671,0.0025911317206919193,6.352399162246058e-11,0.00011113406799267977,8.856587373884395e-05,0.003200509352609515,0.057215090841054916,0.01478862576186657,0.24844852089881897,0.5410792827606201,0.07840894162654877,2.0000414848327637,2.8940234184265137,0.29250508546829224,0.8893709182739258,1.0,0.044145673513412476,0.07078512012958527,0.12395262718200684,0.01369036640971899,1.0,2599.0,0,0.7117196321487427,624;851;378;1115,986,True,,"v4.0-K[2,6]-phiapprox",softmax
10018,0.018137577921152115,3.2811673008836806e-05,0.2514064311981201,0.23276279866695404,2.2365448474884033,0.31717225909233093,0.0458553247153759,,,,,,0.012999596074223518,0.023451773449778557,0.002723892219364643,3.192469899548911e-10,0.0001086700867745094,4.522420931607485e-05,0.15162423253059387,0.35405534505844116,0.05260501429438591,0.13587239384651184,0.33287331461906433,0.05168813839554787,2.0002386569976807,2.5871481895446777,0.18134643137454987,0.09647325426340103,0.5300995111465454,0.11041674762964249,0.017952149733901024,0.07706549018621445,0.01537558063864708,1.0,4026.0,0,0.7117196321487427,624;851;378;1115,986,True,,"v4.0-K[2,6]-phiapprox",softmax
10024,0.01874375529587269,3.426150942686945e-05,0.13951382040977478,0.31133919954299927,2.268942356109619,0.9416547417640686,0.027751319110393524,,,,,,0.011851897463202477,0.026426713913679123,0.0037778764963150024,5.518437443119417e-11,0.00011050084140151739,5.434241393231787e-05,0.08396321535110474,0.19608664512634277,0.02906815893948078,0.21236056089401245,0.43104287981987,0.05731995776295662,2.000044584274292,2.6875243186950684,0.21859894692897797,0.7414155006408691,1.0,0.09187320619821548,0.008798769675195217,0.0472196564078331,0.009993787854909897,1.0,5260.0,0,0.7117196321487427,624;851;378;1115,718,True,,"v4.0-K[2,6]-phiapprox",softmax
10025,0.01681789755821228,3.12272495648358e-05,0.34452641010284424,0.25410765409469604,2.2445974349975586,0.5390893816947937,0.054421018809080124,,,,,,0.01102040708065033,0.0233937818557024,0.003198659513145685,1.3216335803534207e-09,0.00010120809020008892,4.032452488900162e-05,0.19492590427398682,0.47704076766967773,0.07103551179170609,0.1360197365283966,0.37688350677490234,0.061874955892562866,2.0000410079956055,2.6142468452453613,0.1915450543165207,0.2037249058485031,0.8676881790161133,0.16740667819976807,0.018047474324703217,0.0949016809463501,0.020383471623063087,1.0,4998.0,0,0.7117196321487427,624;851;378;1115,414,True,,"v4.0-K[2,6]-phiapprox",softmax
10027,0.028043005615472794,3.4638153010746464e-05,0.15804585814476013,0.23904186487197876,2.2427923679351807,0.364114373922348,0.03521103784441948,,,,,,0.015081526711583138,0.04334355890750885,0.00745011493563652,2.625602513184333e-10,0.00011217412247788161,5.838608922204003e-05,0.05730041489005089,0.27592504024505615,0.05827176570892334,0.13267812132835388,0.33377569913864136,0.05246056616306305,2.0000412464141846,2.6058175563812256,0.18855613470077515,0.0678018182516098,0.6677731275558472,0.154572531580925,0.015266679227352142,0.056342460215091705,0.010737349279224873,1.0,3931.0,0,0.7117196321487427,624;851;378;1115,718,True,,"v4.0-K[2,6]-phiapprox",softmax
10029,0.02562187984585762,3.340855619171634e-05,0.14037853479385376,0.3035058081150055,2.26845121383667,-0.28776228427886963,0.04803426191210747,,,,,,0.01557662058621645,0.037678807973861694,0.005855052266269922,5.74370107031541e-10,0.00011039302626159042,5.2767183660762385e-05,0.07378197461366653,0.21668991446495056,0.036767590790987015,0.18829697370529175,0.41664251685142517,0.05889856070280075,2.000041961669922,2.688168525695801,0.2207147181034088,-0.653530478477478,0.094384104013443,0.19227415323257446,0.025035176426172256,0.07121578603982925,0.011890176683664322,1.0,5544.0,0,0.7117196321487427,624;851;378;1115,720,True,,"v4.0-K[2,6]-phiapprox",softmax
10030,0.02096456103026867,3.3051848731702194e-05,0.06310305744409561,0.24779324233531952,2.2443325519561768,0.9558908939361572,0.03615247830748558,,,,,,0.01058991253376007,0.03313419967889786,0.0061258976347744465,6.791594509003573e-10,0.00010752393427537754,4.9490561650600284e-05,0.009350310079753399,0.11950773000717163,0.029253829270601273,0.15620842576026917,0.3415369391441345,0.047527339309453964,2.0000407695770264,2.6145777702331543,0.1915043294429779,0.7745120525360107,1.0,0.0824597030878067,0.017149172723293304,0.05691603943705559,0.01030348427593708,1.0,5797.0,0,0.7117196321487427,624;851;378;1115,716,True,,"v4.0-K[2,6]-phiapprox",softmax
10031,0.019589493051171303,3.231369919376448e-05,0.1405247449874878,0.24172943830490112,2.24996280670166,0.13132093846797943,0.07383455336093903,,,,,,0.012048294767737389,0.028342923149466515,0.00426661130040884,7.148329150830079e-10,0.00010718022531364113,4.580516542773694e-05,0.0684119388461113,0.2177862823009491,0.038265448063611984,0.13842031359672546,0.33301424980163574,0.05072410777211189,2.0000417232513428,2.6362717151641846,0.19608697295188904,-0.1921071857213974,0.4376765191555023,0.161463662981987,0.039580073207616806,0.11081802845001221,0.018179161474108696,1.0,5073.0,0,0.7117196321487427,624;851;378;1115,719,True,,"v4.0-K[2,6]-phiapprox",softmax
10035,0.012997068464756012,3.401967114768922e-05,0.16177994012832642,0.27931252121925354,2.2438371181488037,0.13867756724357605,0.024253971874713898,,,,,,0.008291157893836498,0.017750507220625877,0.002470722422003746,4.259757269142739e-10,0.00011128241021651775,5.722701462218538e-05,0.09186989068984985,0.23411017656326294,0.03671599179506302,0.1846936047077179,0.385629266500473,0.05163029208779335,2.0000412464141846,2.61398983001709,0.19240334630012512,-0.13068357110023499,0.4049339294433594,0.13663548231124878,0.003844653721898794,0.04667144641280174,0.011546897701919079,1.0,6139.0,0,0.7117196321487427,624;851;378;1115,717,True,,"v4.0-K[2,6]-phiapprox",softmax
10036,0.013234522193670273,3.00625051750103e-05,0.3110227584838867,0.26969146728515625,2.2461800575256348,-0.03406970575451851,0.04232883080840111,,,,,,0.010107538662850857,0.01633300818502903,0.0015990971587598324,1.9439694298739596e-09,9.601770580047742e-05,3.739175372174941e-05,0.23257175087928772,0.39335721731185913,0.04109228402376175,0.16700056195259094,0.37798380851745605,0.05370106175541878,2.0000410079956055,2.620790958404541,0.19691075384616852,-0.2556898891925812,0.19351515173912048,0.11470283567905426,0.011722554452717304,0.07315030694007874,0.01637670397758484,1.0,5395.0,0,0.7117196321487427,624;851;378;1115,713,True,,"v4.0-K[2,6]-phiapprox",softmax
10039,0.012673456221818924,3.333596032462083e-05,0.15873675048351288,0.24955500662326813,2.2503244876861572,0.2963160276412964,0.04311538115143776,,,,,,0.008452770300209522,0.016906199976801872,0.0021863123401999474,7.394190815190882e-10,0.00010904158989433199,5.064108336227946e-05,0.09346964955329895,0.22902169823646545,0.0350811704993248,0.14632606506347656,0.352141797542572,0.05448582023382187,2.00004243850708,2.636507749557495,0.19579467177391052,0.021638669073581696,0.5733861923217773,0.14125001430511475,0.01364040281623602,0.0746348425745964,0.016130128875374794,1.0,5493.0,0,0.7117196321487427,624;851;378;1115,711,True,,"v4.0-K[2,6]-phiapprox",softmax
10041,0.010513350367546082,3.1112936994759366e-05,0.4802932143211365,0.23147998750209808,2.2353901863098145,0.5069788694381714,0.08943470567464828,,,,,,0.007428910117596388,0.013764624483883381,0.0016177676152437925,1.0238052627897787e-09,0.00010000701149692759,4.1977626096922904e-05,0.3408931493759155,0.6161825060844421,0.06964530795812607,0.12152737379074097,0.3482523560523987,0.058457013219594955,2.00004243850708,2.5951788425445557,0.1873338222503662,0.3035701513290405,0.7050898671150208,0.10371623933315277,0.02207595854997635,0.1616056263446808,0.037296898663043976,1.0,4503.0,0,0.7117196321487427,624;851;378;1115,696,True,,"v4.0-K[2,6]-phiapprox",softmax
10043,0.011317972093820572,3.285601633251645e-05,0.30443596839904785,0.28559035062789917,2.260246753692627,0.16306613385677338,0.05261457711458206,,,,,,0.008340687490999699,0.014591117389500141,0.0016154098557308316,2.9455931027655424e-09,0.00010791006207000464,4.607440860127099e-05,0.2099025547504425,0.3956666886806488,0.047713108360767365,0.171066015958786,0.40337178111076355,0.059500325471162796,2.0000438690185547,2.6530213356018066,0.21683882176876068,-0.0597214438021183,0.39685145020484924,0.1154923364520073,0.01571762189269066,0.09208312630653381,0.020118193700909615,1.0,5469.0,0,0.7117196321487427,624;851;378;1115,716,True,,"v4.0-K[2,6]-phiapprox",softmax
10044,0.011318759992718697,3.1749736081110314e-05,0.30481281876564026,0.28620797395706177,2.2611069679260254,0.1642947942018509,0.05230225995182991,,,,,,0.008233911357820034,0.014536461792886257,0.0016064643859863281,1.9421030061916866e-10,0.00010679225670173764,4.378229641588405e-05,0.2190309464931488,0.4014480710029602,0.04716142266988754,0.17253610491752625,0.4073038399219513,0.05999468266963959,2.0000417232513428,2.6658670902252197,0.21655339002609253,-0.06374472379684448,0.404422402381897,0.11751946061849594,0.01518032606691122,0.09173718094825745,0.02015969716012478,1.0,5413.0,0,0.7117196321487427,624;851;378;1115,716,True,,"v4.0-K[2,6]-phiapprox",softmax
10047,0.014439268037676811,3.177135295118205e-05,0.24534620344638824,0.298522412776947,2.2518534660339355,0.02116023749113083,0.04694775491952896,,,,,,0.010379777289927006,0.018470805138349533,0.0020767536479979753,3.5928984232214134e-09,0.00010604871204122901,4.2504052544245496e-05,0.17431572079658508,0.32250404357910156,0.03809335455298424,0.19105395674705505,0.41149479150772095,0.057286377996206284,2.0000407695770264,2.6330528259277344,0.1969534456729889,-0.23030023276805878,0.26450440287590027,0.12717537581920624,0.019442524760961533,0.0759841650724411,0.014825346879661083,1.0,5744.0,0,0.7117196321487427,624;851;378;1115,717,True,,"v4.0-K[2,6]-phiapprox",softmax
10050,0.018792491406202316,3.084057243540883e-05,0.3350732922554016,0.2753371000289917,2.2700655460357666,-0.08247418701648712,0.041945818811655045,,,,,,0.014368218369781971,0.02345939166843891,0.0023217261768877506,5.309124251340336e-10,0.00010029757686425,4.004008587799035e-05,0.22807681560516357,0.4357011020183563,0.053089436143636703,0.1494823396205902,0.39478209614753723,0.061431676149368286,2.0000438690185547,2.6845927238464355,0.21535833179950714,-0.34319740533828735,0.1599208116531372,0.12976111471652985,0.012874503619968891,0.07210180163383484,0.015513735823333263,1.0,5449.0,0,0.7117196321487427,624;851;378;1115,717,True,,"v4.0-K[2,6]-phiapprox",softmax
10051,0.016007540747523308,3.2521438697585836e-05,0.1737213134765625,0.28654032945632935,2.24802565574646,0.24667304754257202,0.045162077993154526,,,,,,0.01119236834347248,0.02118038386106491,0.0025686922017484903,1.2333545296172588e-10,0.00010797331924550235,4.4228407205082476e-05,0.10315403342247009,0.2420128881931305,0.03583291545510292,0.1791321337223053,0.3902233839035034,0.053248677402734756,2.0000410079956055,2.626795768737793,0.20223799347877502,-0.04031515121459961,0.5614393353462219,0.15396380424499512,0.02052910625934601,0.07174693048000336,0.013330213725566864,1.0,5518.0,0,0.7117196321487427,624;851;378;1115,709,True,,"v4.0-K[2,6]-phiapprox",softmax
10052,0.017461318522691727,3.237666896893643e-05,0.32680603861808777,0.24226687848567963,2.2954061031341553,0.31336939334869385,0.07344111800193787,,,,,,0.011956639587879181,0.0236043743789196,0.003044996177777648,1.4778585022412472e-09,0.00010708469926612452,4.381112739793025e-05,0.19356748461723328,0.4589419364929199,0.06842555105686188,0.14131882786750793,0.35462692379951477,0.05543286353349686,2.0000030994415283,2.79065203666687,0.2467995285987854,0.059609003365039825,0.5655971765518188,0.1281748116016388,0.02600724808871746,0.12872666120529175,0.026803288608789444,1.0,4992.0,0,0.7117196321487427,624;851;378;1115,709,True,,"v4.0-K[2,6]-phiapprox",softmax
10055,0.022814448922872543,3.4819171560229734e-05,0.10422080010175705,0.29525959491729736,2.269207000732422,0.43269574642181396,0.11662846803665161,,,,,,0.00795547291636467,0.04457586631178856,0.010541916824877262,9.836714776056965e-10,0.00010923585796263069,9.411889914190397e-05,0.03307265415787697,0.19070446491241455,0.0416603684425354,0.1832929253578186,0.4192890226840973,0.061850715428590775,2.0000429153442383,2.703672170639038,0.22421559691429138,-0.011571675539016724,0.8495394587516785,0.21474261581897736,0.08114627003669739,0.15274715423583984,0.018106097355484962,1.0,3736.0,0,0.7117196321487427,624;851;378;1115,719,True,,"v4.0-K[2,6]-phiapprox",softmax
