participant_id,aic_M1,aic_M2,aic_M3,aic_M5,aic_M6a,aic_M6b,winning_model,m6b_nll,m6b_aic,m6b_n_trials,m6b_alpha,m6b_phi,m6b_rho,m6b_capacity,m6b_kappa_total,m6b_kappa_share,m6b_epsilon
10000,1601.0509033203125,1498.0382080078125,1470.70068359375,1460.7496337890625,1431.4254150390625,1433.4254150390625,M6a,709.7127075195312,1433.4254150390625,988,0.0055483202449977,0.3257994055747986,0.3616646826267242,2.314682006835937,0.8486090898513794,6.389455553849372e-29,0.1071441993117332
9187,1731.1865234375,1722.115234375,1710.8028564453125,1699.4140625,1669.171142578125,1671.171142578125,M6a,828.5855712890625,1671.171142578125,990,0.0102775245904922,0.3749221265316009,0.1714229583740234,3.0,0.9999823570251464,2.9748756372383797e-15,0.256714403629303
10002,977.3806762695312,965.2493896484376,932.4334106445312,930.3724365234376,944.5587768554688,928.9515991210938,M6b,457.4757995605469,928.9515991210938,986,0.028439586982131,0.2546202540397644,0.33192178606987,2.0,1.0,0.590158998966217,0.0989237502217292
10003,1433.494384765625,1275.283203125,1250.79833984375,1233.892578125,1228.5162353515625,1225.1536865234375,M6b,605.5768432617188,1225.1536865234375,973,0.0030649066902697,0.1637322902679443,0.1883103549480438,2.208893299102783,0.786239743232727,0.2820912301540375,0.007722180802375
10004,821.3636474609375,806.3148803710938,751.4127197265625,753.4154052734375,806.6741333007812,753.4126586914062,M3,369.7063293457031,753.4126586914062,990,0.0167721156030893,0.0688411071896553,0.3958807587623596,2.3971242904663086,1.0,1.0,0.0922488644719123
10005,936.3023071289062,865.56787109375,854.8370361328125,849.687255859375,804.0365600585938,805.826416015625,M6a,395.9132080078125,805.826416015625,985,0.0050912383012473,0.1218081563711166,0.2718546390533447,2.0890557765960693,1.0,0.0486993417143821,0.0251028072088956
10006,811.0402221679688,719.2747802734375,708.6095581054688,707.439208984375,693.6390991210938,691.7213134765625,M6b,338.86065673828125,691.7213134765625,987,0.0056099244393408,0.0982507690787315,0.3999572694301605,2.0,1.0,0.2711925208568573,0.0333917401731014
10016,892.6576538085938,832.6592407226562,808.4204711914062,791.6520385742188,816.5413208007812,802.8595581054688,M5,394.4297790527344,802.8595581054688,987,0.0055572241544723,0.0993066057562828,0.1608166992664337,4.999999523162842,1.0,0.6005076766014099,0.0436297953128814
10017,827.2874145507812,827.2103271484375,774.9093627929688,776.5607299804688,821.4824829101562,776.9093627929688,M3,381.4546813964844,776.9093627929688,986,0.0010000000474974,0.0182706508785486,0.5369417071342468,2.0,1.0,1.0,0.10728220641613
10018,1252.8262939453125,1176.14697265625,1162.3724365234375,1142.5284423828125,1153.3746337890625,1149.3648681640625,M5,567.6824340820312,1149.3648681640625,986,0.0088174287229776,0.2016624808311462,0.203888326883316,2.0,0.7742022275924683,0.3614968359470367,0.0405326150357723
10024,632.8497314453125,586.8970947265625,536.3878784179688,531.8667602539062,574.8522338867188,537.0008544921875,M5,261.5004272460937,537.0008544921875,718,0.0091852955520153,0.1139273419976234,0.1706550270318985,3.230787754058838,1.0,0.8570302724838257,0.0010000000474974
10025,601.7063598632812,574.5770874023438,530.220703125,523.6685485839844,508.1679992675781,506.27294921875,M6b,246.136474609375,506.27294921875,414,0.0010000000474974,0.0010000000474974,0.0789860188961029,2.0,1.0,0.2691972255706787,0.0175250601023435
10027,641.3211669921875,614.6468505859375,604.0799560546875,605.306396484375,589.227294921875,587.4078979492188,M6b,286.7039489746094,587.4078979492188,718,0.0129879945889115,0.1184751167893409,0.2103993743658065,2.0,1.0,0.2650401890277862,0.0309998672455549
10028,1468.0926513671875,1422.113037109375,1420.182861328125,1408.3675537109375,1409.2701416015625,1410.92529296875,M5,698.462646484375,1410.92529296875,699,0.0014529809122905,0.4876510500907898,0.1397341936826706,5.105884075164795,0.354762315750122,0.1437232047319412,0.0010000001639127
10029,587.437744140625,573.5128784179688,566.9183959960938,566.8486938476562,565.0160522460938,567.0160522460938,M6a,276.5080261230469,567.0160522460938,720,0.0204774197191,0.2495305389165878,0.323788970708847,4.143609046936035,0.7298825979232788,1.609491195470319e-22,0.0488016903400421
10030,524.3417358398438,504.4786682128906,465.5372619628906,467.3507080078125,502.0909729003906,467.5372619628906,M3,226.7686309814453,467.5372619628906,716,0.0109218144789338,0.0010000000474974,0.1848841607570648,2.0,1.0,1.0,0.0312768220901489
10031,781.062744140625,764.7734375,761.5411376953125,758.9892578125,747.8832397460938,749.876220703125,M6a,367.9381103515625,749.876220703125,719,0.0100883645936846,0.1252833604812622,0.1819055378437042,3.0,0.8434861898422241,0.0181855130940675,0.0886754021048545
10035,738.9307861328125,671.3570556640625,661.932373046875,655.7246704101562,644.7125244140625,646.2837524414062,M6a,316.1418762207031,646.2837524414062,717,0.0061115585267543,0.1534283012151718,0.2611009180545807,2.0,0.7763210535049438,0.1141977459192276,0.0010000000474974
10036,1157.9656982421875,1054.4300537109375,1055.442138671875,1033.8087768554688,1014.9429931640624,1016.9429931640624,M6a,501.4714965820313,1016.9429931640624,713,0.0044090575538575,0.3053931593894958,0.3700552880764007,2.0,0.7816426753997803,1.8207110263901427e-09,0.054401509463787
10039,807.194580078125,739.4222412109375,747.186767578125,725.6104736328125,728.9606323242188,727.9785766601562,M5,356.9892883300781,727.9785766601562,711,0.0056444001384079,0.1360198855400085,0.2043262124061584,2.437433242797852,1.0,0.2313394695520401,0.0421006642282009
10041,1380.9608154296875,1341.04833984375,1304.427001953125,1299.3170166015625,1315.5732421875,1290.1009521484375,M6b,638.0504760742188,1290.1009521484375,696,0.0030510989017784,0.4298522174358368,0.2773240506649017,2.0,1.0,0.5511311292648315,0.1418210566043853
10043,1112.02001953125,1032.2174072265625,1020.0909423828124,992.814697265625,986.1856079101562,986.0482177734376,M6b,486.0241088867188,986.0482177734376,716,0.0532901510596275,0.5534058809280396,0.9474344849586488,5.000000476837158,1.0,0.15656478703022,0.0987778529524803
10044,1112.02001953125,1032.2174072265625,1020.0909423828124,992.814697265625,986.1856079101562,986.0482177734376,M6b,486.0241088867188,986.0482177734376,716,0.0532901510596275,0.5534058809280396,0.9474344849586488,5.000000476837158,1.0,0.15656478703022,0.0987778529524803
10047,1025.9911499023438,909.387939453125,914.08349609375,897.79541015625,871.3010864257812,873.3011474609375,M6a,429.6505737304688,873.3011474609375,717,0.0056628845632076,0.2740871012210846,0.4926027953624725,2.0,0.9741758108139038,4.217188230570823e-12,0.0619577951729297
10048,1363.9354248046875,1281.66552734375,931.1828002929688,916.0429077148438,936.8883056640624,911.5422973632812,M6b,448.7711486816406,911.5422973632812,702,0.0010000000474974,0.1061388179659843,0.1022941693663597,2.0,1.0,0.5290517807006836,0.0010000000474974
10050,988.2782592773438,938.333740234375,926.3287963867188,900.7261352539062,879.9353637695312,881.9353637695312,M6a,433.9676818847656,881.9353637695312,717,0.0077192299067974,0.3452605605125427,0.3217012882232666,3.0,1.0,2.939655128848316e-39,0.0639916285872459
10051,764.8978271484375,716.6640014648438,699.946044921875,683.6278686523438,679.6898803710938,680.3841552734375,M6a,333.19207763671875,680.3841552734375,709,0.0050930548459291,0.1612596064805984,0.1723422110080719,4.999999523162842,0.9999995231628418,0.1560578495264053,0.0473835207521915
10052,1054.549560546875,1008.4960327148438,997.2583618164062,983.9725952148438,955.0093383789062,954.2100219726562,M6b,470.1050109863281,954.2100219726562,709,0.0050874068401753,0.245712473988533,0.1143676042556762,3.906501054763794,0.9612311124801636,0.1870051622390747,0.0010000070324167
10055,739.0925903320312,731.92529296875,727.9330444335938,728.0355224609375,722.8032836914062,723.734619140625,M6a,354.8673095703125,723.734619140625,719,0.0105691784992814,0.099798172712326,0.2698499262332916,3.066901683807373,1.0,0.2552589178085327,0.1318093985319137
10057,1092.224609375,1021.0986328125,1004.8468017578124,988.7819213867188,1002.8211059570312,1004.8211669921876,M5,495.41058349609375,1004.8211669921876,712,0.0051709474064409,0.2078215777873993,0.3983916342258453,2.009058952331543,0.8669760227203369,1.0350144982882344e-24,0.1469719558954239
10058,1046.900634765625,983.534912109375,967.77490234375,966.3917236328124,959.9674072265624,960.5462646484376,M6a,473.2731323242188,960.5462646484376,697,0.0033051664941012,0.1277898252010345,0.1644784808158874,2.0,0.4947452545166015,0.2594965696334839,0.0010000000474974
10059,723.2122802734375,645.8839111328125,615.54052734375,614.8029174804688,643.5001831054688,617.2319946289062,M5,301.6159973144531,617.2319946289062,718,0.0060931383632123,0.1443690955638885,0.4739527106285095,3.000009059906006,0.9999995231628418,0.8993686437606812,0.0740823969244957
10062,378.7359924316406,361.8052978515625,333.274658203125,335.2785339355469,369.5597839355469,335.274658203125,M3,160.6373291015625,335.274658203125,718,0.0106734903529286,0.0010000000474974,0.3776382803916931,2.0,1.0,1.0,0.0351442396640777
10063,1260.318359375,1237.8248291015625,1217.9677734375,1197.6514892578125,1190.60107421875,1184.968505859375,M6b,585.4842529296875,1184.968505859375,713,0.0038670855574309,0.1929737031459808,0.0737248361110687,5.000000476837158,1.0,0.278923898935318,0.1135110184550285
10064,960.5103759765624,940.1737670898438,940.8892822265624,929.04931640625,919.9032592773438,921.9032592773438,M6a,453.9516296386719,921.9032592773438,712,0.0046798423863947,0.124455526471138,0.1928130835294723,2.9999988079071045,1.0,2.9387807186065765e-39,0.1484233438968658
10065,546.6510009765625,538.706298828125,509.445556640625,509.1187133789063,533.9750366210938,511.3829040527344,M5,248.6914520263672,511.3829040527344,719,0.0012202197685837,0.0380054600536823,0.1127707213163375,5.999991416931152,0.867586612701416,0.9257744550704956,0.0010000000474974
10066,602.0934448242188,581.791748046875,563.9765014648438,554.0477294921875,579.2368774414062,565.3778076171875,M5,275.6889038085937,565.3778076171875,706,0.0069960230030119,0.0649909526109695,0.2155738174915313,2.582458972930908,1.0,0.7385531067848206,0.0442536547780036
10067,1333.7425537109375,1228.8331298828125,1216.966552734375,1207.3411865234375,1203.4522705078125,1205.4522705078125,M6a,595.7261352539062,1205.4522705078125,716,0.00219741393812,0.2709088623523712,0.2262004166841507,2.0,0.4778739213943481,1.322564593130428e-35,0.0477399863302707
10071,675.8930053710938,629.7969970703125,635.7726440429688,637.7103271484375,635.2826538085938,634.0258178710938,M2,310.0129089355469,634.0258178710938,720,0.0123874153941869,0.1501470506191253,0.5579234957695007,2.0,1.0,0.3890106379985809,0.087077222764492
10072,669.397705078125,633.7433471679688,637.9542846679688,612.4259033203125,645.7254638671875,638.887939453125,M5,312.4439697265625,638.887939453125,718,0.0115517880767583,0.1121932342648506,0.1340165883302688,4.999999523162842,1.0,0.6985685229301453,0.0642842575907707
10073,669.397705078125,633.7433471679688,637.9542846679688,612.4259033203125,645.7254638671875,638.887939453125,M5,312.4439697265625,638.887939453125,718,0.0115517880767583,0.1121932342648506,0.1340165883302688,4.999999523162842,1.0,0.6985685229301453,0.0642842575907707
10074,818.7822875976562,820.9256591796875,797.86669921875,786.06103515625,819.23046875,796.721923828125,M5,391.3609619140625,796.721923828125,717,0.0081193605437874,0.0545246303081512,0.0622526742517948,5.0,1.0,0.7428204417228699,0.0723668113350868
10075,830.8456420898438,813.3713989257812,807.8817749023438,805.0921630859375,780.1865234375,782.1865844726562,M6a,384.0932922363281,782.1865844726562,717,0.0074816704727709,0.1052667871117591,0.1785004585981369,3.000000238418579,1.0,2.9408658507214925e-39,0.1105815321207046
10076,1157.83154296875,1031.8809814453125,983.9730224609376,974.5870361328124,994.9283447265624,960.8519897460938,M6b,473.4259948730469,960.8519897460938,710,0.0030533564276993,0.1979778409004211,0.2152668088674545,2.0,1.0,0.5319964289665222,0.0074437209405004
10077,688.8116455078125,677.2936401367188,660.8905029296875,660.3970947265625,672.0259399414062,662.1852416992188,M5,324.0926208496094,662.1852416992188,719,0.1863278895616531,0.4043385088443756,0.8676182627677917,4.999999523162842,1.0,0.7649181485176086,0.1097344756126403
10078,768.6524658203125,756.2803344726562,749.174560546875,749.7471923828125,754.7213745117188,749.7994384765625,M3,367.8997192382813,749.7994384765625,719,0.0168316178023815,0.1475999653339386,0.1138041988015174,6.0,0.8459969758987427,0.6266058683395386,0.1019902899861335
10079,668.7145385742188,630.1460571289062,614.9647827148438,615.4393920898438,603.03955078125,599.6251220703125,M6b,292.81256103515625,599.6251220703125,719,0.0105842305347323,0.1994701772928238,0.3681574463844299,2.0,1.0,0.2978048622608185,0.0265524871647357
10081,849.8812255859375,750.3834838867188,738.5191650390625,715.2213134765625,711.3853759765625,713.385498046875,M6a,349.6927490234375,713.385498046875,716,0.0048113237135112,0.1660154461860656,0.1106434985995292,4.96639347076416,0.9985911846160888,9.745619866663444e-10,0.0010000019101426
10083,843.1822509765625,831.3245849609375,810.0052490234375,809.262451171875,791.648681640625,791.6881713867188,M6a,388.8440856933594,791.6881713867188,703,0.0117983408272266,0.2518495917320251,0.1253164112567901,5.000000476837158,0.938185214996338,0.2193343639373779,0.0503228828310966
10084,445.5388793945313,449.9229736328125,404.3970947265625,408.8832092285156,449.878662109375,406.3971252441406,M3,196.1985626220703,406.3971252441406,717,0.9567742347717284,0.7537040114402771,0.8433024287223816,6.0,1.0,1.0,0.0464387722313404
10086,1261.949951171875,1253.1502685546875,830.6572265625,820.1973266601562,876.3026123046875,831.7545166015625,M5,408.8772583007813,831.7545166015625,630,0.0010000000474974,0.0510197356343269,0.0293029733002185,4.103727340698242,1.0,0.875420868396759,0.0010000000474974
10087,680.9271240234375,654.5629272460938,625.2359008789062,622.1881103515625,652.1204223632812,626.8502197265625,M5,306.42510986328125,626.8502197265625,714,0.0161394346505403,0.1002456247806549,0.2525705993175506,2.0,1.0,0.8863479495048523,0.073274165391922
10088,528.9916381835938,490.66015625,473.9515075683594,471.3026428222656,507.4048461914063,475.9515380859375,M5,230.97576904296875,475.9515380859375,720,0.1685672402381897,0.2276515513658523,0.9990000128746032,5.4365081787109375,1.0,1.0,0.0641314536333084
10089,806.375,729.01171875,741.0689086914062,733.5133056640625,730.8289794921875,732.7073364257812,M2,359.3536682128906,732.7073364257812,716,0.0088449083268642,0.173695221543312,0.1711999177932739,2.999999761581421,0.5810728073120117,0.085669569671154,0.0288830883800983
10092,698.073974609375,670.9554443359375,665.9328002929688,661.4969482421875,653.2992553710938,655.2991943359375,M6a,320.64959716796875,655.2991943359375,714,0.0110476957634091,0.1705131232738495,0.2890141904354095,3.934224367141724,0.9841150045394896,1.3360690331865044e-08,0.0802057534456253
10093,1072.6326904296875,1020.3027954101562,1000.17138671875,996.3084106445312,1020.2539672851562,1000.105224609375,M5,493.0526123046875,1000.105224609375,712,0.0081619620323181,0.2620911598205566,0.0965459272265434,5.0,0.6746466159820557,0.7376038432121277,0.0010000000474974
10094,1140.1182861328125,1114.9468994140625,1111.0526123046875,1090.0709228515625,1107.709228515625,1109.709228515625,M5,547.8546142578125,1109.709228515625,709,0.0054443180561065,0.1850837171077728,0.1383620202541351,2.999999761581421,0.2917758226394653,2.9571769648462334e-39,0.1306888163089752
10095,929.7409057617188,862.2247314453125,856.234130859375,836.2962646484375,829.8917846679688,831.891845703125,M6a,408.9459228515625,831.891845703125,712,0.0333595499396324,0.4987817406654358,0.8558923602104187,5.0,0.9121897220611572,3.4774251389535493e-07,0.0494138747453689
10097,1020.3076782226562,951.0883178710938,929.9552612304688,917.4137573242188,935.664306640625,931.9552612304688,M5,458.9776306152344,931.9552612304688,717,0.0100710028782486,0.2610916495323181,0.2717533111572265,2.0,-0.5911532640457153,1.0,0.0528313182294368
10098,686.3126831054688,660.5521240234375,658.6929321289062,654.853515625,651.644287109375,653.6443481445312,M6a,319.8221740722656,653.6443481445312,712,0.0078360894694924,0.1197088584303855,0.2019563317298889,3.0,0.6947304010391235,5.022735560800129e-09,0.052187830209732
10099,854.236572265625,807.521728515625,799.2678833007812,785.1669921875,775.6468505859375,777.64697265625,M6a,381.823486328125,777.64697265625,714,0.0075876200571656,0.1532662659883499,0.2257189601659774,2.1827642917633057,0.8543844223022461,4.081687432488934e-09,0.0636367872357368
10101,711.1494140625,663.0965576171875,621.1023559570312,622.1117553710938,662.2329711914062,623.1023559570312,M3,304.5511779785156,623.1023559570312,715,0.0082335649058222,0.0389055833220481,0.2465439587831497,2.0,1.0,1.0,0.0717586651444435
10102,929.6585083007812,925.8125610351562,924.1759033203124,915.0792236328124,902.1180419921876,904.1181030273438,M6a,445.0590515136719,904.1181030273438,716,0.0126744303852319,0.2855303585529327,0.3584112226963043,2.0,1.0,5.7851486060878606e-39,0.1492065489292144
10103,497.47113037109375,499.2406921386719,462.3299560546875,464.3675537109375,501.2886657714844,464.3299865722656,M3,225.1649932861328,464.3299865722656,719,0.5214977860450745,0.9990000128746032,0.7876151204109192,2.0,1.0,1.0,0.0776932090520858
10104,1148.0535888671875,1133.19921875,1110.798095703125,1110.4627685546875,1089.237548828125,1087.1240234375,M6b,536.56201171875,1087.1240234375,715,0.0049335570074617,0.1371617913246154,0.1846678704023361,2.0,1.0,0.2613554000854492,0.1750446856021881
10106,926.0604248046876,899.7055053710938,894.3624877929688,888.5714721679688,885.050537109375,882.3119506835938,M6b,434.1559753417969,882.3119506835938,719,0.0090167000889778,0.1510460078716278,0.1927880048751831,2.0,0.9768517017364502,0.3416438996791839,0.0942488610744476
10107,855.8672485351562,802.3419189453125,789.4044189453125,786.45849609375,766.943115234375,764.5918579101562,M6b,375.2959289550781,764.5918579101562,714,0.0044565396383404,0.1364864259958267,0.2818221747875213,2.0,1.0,0.2488031089305877,0.0499864444136619
10109,754.5718994140625,700.2739868164062,695.2732543945312,690.0123291015625,673.19287109375,673.6707763671875,M6a,329.8353881835937,673.6707763671875,719,0.0010000000474974,0.1054412499070167,0.2794340550899505,2.999999761581421,1.0,0.1767841428518295,0.0683365389704704
10110,754.5718994140625,700.2739868164062,695.2732543945312,690.0123291015625,673.19287109375,673.6707763671875,M6a,329.8353881835937,673.6707763671875,719,0.0010000000474974,0.1054412499070167,0.2794340550899505,2.999999761581421,1.0,0.1767841428518295,0.0683365389704704
10111,1214.576416015625,1161.3958740234375,1150.2559814453125,1132.255859375,1126.8406982421875,1128.840576171875,M6a,557.4202880859375,1128.840576171875,713,0.003617072943598,0.2106953710317611,0.2665645182132721,2.0,0.7221188545227051,3.5486191892961094e-13,0.1545091420412063
10112,1229.6285400390625,1146.6875,976.47216796875,969.33203125,986.4527587890624,948.9686279296876,M6b,467.48431396484375,948.9686279296876,707,0.0010000000474974,0.0936185717582702,0.1322448402643203,2.0,1.0,0.5354890823364258,0.0010000000474974
10114,986.7537231445312,953.1746826171876,949.2455444335938,944.3313598632812,944.3472290039062,942.3576049804688,M6b,464.1788024902344,942.3576049804688,709,0.0081549575552344,0.1186174675822258,0.0932844653725624,2.0,0.6205689907073975,0.370499312877655,0.0241030137985944
10115,738.969970703125,737.4605102539062,684.4483032226562,684.6859130859375,722.5000610351562,686.4483032226562,M3,336.2241516113281,686.4483032226562,711,0.0070821838453412,0.0354273281991481,0.0837111100554466,6.0,1.0,1.0,0.0734477788209915
10116,789.6176147460938,735.7113647460938,743.3216552734375,740.5353393554688,735.793701171875,737.793701171875,M2,361.8968505859375,737.793701171875,718,0.0045271883718669,0.1194936037063598,0.217433676123619,4.553482055664063,1.0,1.2378560849957143e-11,0.1124352514743805
10117,579.9328002929688,581.1024780273438,574.865966796875,574.2193603515625,571.046142578125,573.0462036132812,M6a,279.5231018066406,573.0462036132812,715,0.0468835644423961,0.5765607953071594,0.737182080745697,2.0,0.8685177564620972,4.3107341697948286e-13,0.0537677966058254
10120,764.2582397460938,725.2771606445312,710.6863403320312,709.0852661132812,721.8784790039062,705.2186889648438,M6b,345.6093444824219,705.2186889648438,715,0.0015039565041661,0.0463014096021652,0.1414671540260315,2.7794950008392334,1.0,0.5209722518920898,0.0163579992949962
10121,1088.114013671875,1037.046142578125,1037.330322265625,1021.3023681640624,1008.6489868164062,1010.6489868164062,M6a,498.3244934082031,1010.6489868164062,711,0.007096235640347,0.277666836977005,0.3381995260715484,2.999999761581421,0.9565008878707886,4.7272069844175614e-20,0.1569925099611282
10125,923.3290405273438,880.62255859375,895.1192016601562,877.0899047851562,866.5474853515625,868.5474243164062,M6a,427.2737121582031,868.5474243164062,717,0.0085028568282723,0.1739427298307418,0.0946496203541755,3.239006519317627,0.800508975982666,2.4715141391795648e-11,0.0542052648961544
10126,541.28955078125,533.7928466796875,494.5328369140625,496.6259765625,525.461181640625,496.5328674316406,M3,241.2664337158203,496.5328674316406,719,0.4217168986797333,0.2606948912143707,0.9347416758537292,5.000004291534424,1.0,1.0,0.0796776860952377
10128,993.9151611328124,987.2676391601562,977.3185424804688,966.7186279296876,948.0928344726562,950.0928955078124,M6a,468.0464477539063,950.0928955078124,705,0.0061883088201284,0.0164678189903497,0.061674203723669,4.402125358581543,1.0,5.498519174695904e-12,0.170247197151184
10130,1247.1451416015625,1213.1507568359375,1189.144775390625,1180.490966796875,1198.5985107421875,1191.1448974609375,M5,588.5724487304688,1191.1448974609375,713,0.0068355440162122,0.1558160930871963,0.2019091695547104,2.0,-0.7300096750259399,1.0,0.2173049598932266
10135,911.253173828125,907.2915649414062,885.1605224609375,868.2286376953125,853.37109375,851.677978515625,M6b,418.8389892578125,851.677978515625,704,0.002958595752716,0.066655732691288,0.1152512058615684,3.0331485271453857,1.0,0.2239236235618591,0.0707065239548683
10137,576.2764892578125,509.0023193359375,510.9865112304688,512.0517272949219,488.3245239257813,490.3245239257813,M6a,238.16226196289065,490.3245239257813,718,0.0027018697001039,0.1072172075510025,0.2221247106790542,4.999999523162842,1.0,8.512822669004548e-10,0.0371254943311214
10139,1330.7047119140625,1258.626220703125,1250.2030029296875,1237.298583984375,1212.302001953125,1214.302001953125,M6a,600.1510009765625,1214.302001953125,705,0.0035114423371851,0.4183595180511474,0.5021305680274963,2.0,0.817347526550293,9.063410030809644e-17,0.1663033217191696
10140,808.5829467773438,797.0723266601562,779.6038208007812,769.7281494140625,762.6785888671875,761.927001953125,M6b,373.9635009765625,761.927001953125,715,0.104051873087883,0.6693373918533325,0.827656626701355,5.000000476837158,0.9999997615814208,0.2498687207698822,0.0961581692099571
10141,909.813232421875,857.4132690429688,851.6337890625,846.1864624023438,815.3878784179688,817.3878173828125,M6a,401.6939086914063,817.3878173828125,716,0.0034341411665081,0.1035904064774513,0.2401318252086639,2.0,1.0,4.37463677479058e-13,0.079656034708023
10142,534.9041137695312,511.742919921875,508.4301452636719,510.31683349609375,511.020263671875,510.4301452636719,M3,248.21507263183597,510.4301452636719,719,0.014933249913156,0.1660289913415908,0.5697193741798401,2.0,0.3496656417846679,1.0,0.0432635955512523
10143,664.971923828125,638.8425903320312,633.1077880859375,632.781982421875,618.5335083007812,619.423583984375,M6a,302.7117919921875,619.423583984375,719,0.0064147287048399,0.1161638051271438,0.1589091718196869,6.0,1.0,0.1631301790475845,0.0656842663884162
10145,671.3558959960938,669.7012939453125,663.7421875,665.4164428710938,675.194091796875,665.7421875,M3,325.87109375,665.7421875,713,0.6088091135025024,0.2821422219276428,0.9990000128746032,4.5991315841674805,-1.0,1.0,0.1405931711196899
10147,552.7826538085938,528.6627807617188,499.64697265625,501.6523132324219,526.3242797851562,501.6468811035156,M3,243.8234405517578,501.6468811035156,716,0.0016291956417262,0.0197916869074106,0.2051786333322525,4.189615249633789,1.0,1.0,0.0687420666217804
10148,1168.5146484375,1140.0450439453125,1133.8287353515625,1120.9185791015625,1112.7955322265625,1114.7955322265625,M6a,550.3977661132812,1114.7955322265625,705,0.0053770430386066,0.1571112722158432,0.1868500560522079,2.339726686477661,0.9855891466140748,4.396144039076066e-12,0.2240722328424453
10149,1150.9114990234375,1083.2847900390625,1069.751953125,1058.4515380859375,1056.054931640625,1058.0550537109375,M6a,522.0275268554688,1058.0550537109375,713,0.0051272776909172,0.2285987734794616,0.1641466170549392,3.0941646099090576,0.5748969316482544,1.6732067120717176e-11,0.0716141760349273
10150,744.689453125,733.5147094726562,686.1534423828125,670.07080078125,692.6450805664062,675.6930541992188,M5,330.8465270996094,675.6930541992188,715,0.0072254952974617,0.0732118561863899,0.142088383436203,2.015477418899536,1.0,0.5377838015556335,0.021319780498743
10151,778.7384033203125,721.6703491210938,715.520263671875,711.1315307617188,718.8464965820312,709.3707275390625,M6b,347.68536376953125,709.3707275390625,717,0.0068125119432806,0.1242877915501594,0.3130927979946136,2.0,1.0,0.5012750625610352,0.0589986070990562
10152,855.5480346679688,829.2383422851562,822.500732421875,815.79443359375,792.7113647460938,793.8424072265625,M6a,389.9212036132813,793.8424072265625,719,0.0094249509274959,0.1983405649662017,0.1619032174348831,3.269313335418701,1.0,0.1287412792444229,0.0718680173158645
10154,702.124755859375,682.9380493164062,684.9552612304688,668.3731689453125,669.4201049804688,671.0657348632812,M5,328.5328674316406,671.0657348632812,717,0.0074307476170361,0.0509986020624637,0.1288748383522033,2.0,0.7721982002258301,0.1094972640275955,0.0128372767940163
10155,918.4134521484376,876.8574829101562,878.9948120117188,874.0442504882812,862.4445190429688,864.4445190429688,M6a,425.2222595214844,864.4445190429688,713,0.003946665674448,0.1212537139654159,0.157071053981781,6.0,1.0,9.58946984319642e-12,0.1421020030975341
10156,587.0606689453125,591.56396484375,589.4591674804688,591.330078125,588.8378295898438,590.837890625,M1,288.4189453125,590.837890625,712,0.042357962578535,0.1100028306245803,0.1349757313728332,2.0,-0.4321142435073852,2.938758297831148e-39,0.0812386721372604
10157,840.9920043945312,771.4833374023438,774.2734375,757.5574951171875,753.6486206054688,755.404052734375,M6a,370.7020263671875,755.404052734375,719,0.0034464108757674,0.1299368739128112,0.1411723047494888,3.554408550262451,0.748184084892273,0.0854972526431083,0.0047615268267691
10158,456.83197021484375,453.378662109375,423.00634765625,424.5176086425781,457.4459533691406,425.00634765625,M3,205.503173828125,425.00634765625,716,0.013957624323666,0.0344725809991359,0.0956418067216873,5.000000476837158,1.0,1.0,0.0268422421067953
10159,671.3684692382812,636.3338012695312,638.2095947265625,636.2288208007812,637.192138671875,636.1116943359375,M6b,311.05584716796875,636.1116943359375,716,0.0052942214533686,0.0557232201099395,0.1514602154493332,3.000000238418579,0.7834397554397583,0.4062446057796478,0.0462391749024391
10160,919.6546020507812,883.7636108398438,875.8221435546875,844.9017333984375,860.3411865234375,862.3411254882812,M5,424.1705627441406,862.3411254882812,717,0.0083169592544436,0.2050690948963165,0.0955880731344223,6.0,0.5912171602249146,2.938758297831148e-39,0.0357194617390632
10162,712.597900390625,689.0917358398438,669.28076171875,667.4610595703125,680.0526123046875,669.5660400390625,M5,327.78302001953125,669.5660400390625,714,0.0150143299251794,0.1294448971748352,0.4528603553771972,2.0,1.0,0.6913732886314392,0.1039125323295593
10163,1029.5523681640625,986.590087890625,958.0980224609376,942.7105102539062,934.1255493164062,936.1255493164062,M6a,461.0627746582031,936.1255493164062,719,0.0042189634405076,0.2053468227386474,0.2410806566476822,3.5711050033569336,1.0,2.938758297831148e-39,0.1200532913208007
10164,1339.1766357421875,1278.188232421875,1270.9459228515625,1268.8175048828125,1269.935791015625,1271.935791015625,M5,628.9678955078125,1271.935791015625,719,0.0019825205672532,0.1669482886791229,0.1095099300146102,2.999999761581421,0.33251953125,6.444686846407421e-07,0.1030199602246284
10165,1289.0457763671875,1228.4456787109375,1221.572265625,1214.006591796875,1219.231689453125,1221.231689453125,M5,603.6158447265625,1221.231689453125,713,0.0044139912351965,0.2322887927293777,0.3449919521808624,2.0,0.5762835741043091,7.884738868757514e-13,0.2433567196130752
10166,873.5292358398438,843.6532592773438,833.3440551757812,813.2666015625,797.3756103515625,799.3756713867188,M6a,392.6878356933594,799.3756713867188,714,0.0087404977530241,0.1786895394325256,0.180771142244339,2.0,0.9736775159835817,1.6487916904103522e-21,0.0524696633219718
10168,612.4806518554688,599.3399047851562,576.4811401367188,578.1666259765625,603.8397216796875,578.4810791015625,M3,282.24053955078125,578.4810791015625,718,0.01018195040524,0.0010000001639127,0.2566301822662353,2.0,1.0,1.0,0.090281918644905
10169,792.5377807617188,758.80615234375,743.9473266601562,739.2261352539062,714.18505859375,716.1851196289062,M6a,351.0925598144531,716.1851196289062,713,0.0116446008905768,0.2600114047527313,0.3854146003723144,2.0,1.0,6.366559364660076e-22,0.0490790493786335
10170,743.71142578125,735.6988525390625,674.3173828125,656.6342163085938,700.8582153320312,675.4207153320312,M5,330.7103576660156,675.4207153320312,718,0.0103193586692214,0.1194451004266738,0.0993227139115333,6.0,1.0,0.83077472448349,0.0558608919382095
10171,731.453857421875,719.9253540039062,716.8010864257812,709.3964233398438,705.793212890625,707.7932739257812,M6a,346.8966369628906,707.7932739257812,718,0.0065556336194276,0.0936446338891983,0.172139286994934,2.999999761581421,0.7678065299987793,1.2073172255227908e-14,0.0699009895324707
10172,843.988525390625,849.8123779296875,809.5079956054688,811.018310546875,847.5316772460938,811.5081176757812,M3,398.7540588378906,811.5081176757812,719,0.0010000000474974,0.0342156440019607,0.3516006767749786,2.0,1.0,1.0,0.1747237294912338
10174,890.0621337890625,841.4464721679688,838.028076171875,825.6637573242188,832.6351928710938,834.196533203125,M5,410.0982666015625,834.196533203125,714,0.0076521048322319,0.2031280845403671,0.3415968716144562,2.0,0.5396208763122559,0.1807117760181427,0.0717226415872573
10175,1034.6507568359375,1000.1260375976562,999.359619140625,982.2372436523438,974.7183837890624,976.7183837890624,M6a,481.3591918945313,976.7183837890624,717,0.0085358871147036,0.2483899742364883,0.2258072644472122,3.0,0.8919695615768433,5.490054244550179e-11,0.1387774795293808
10177,776.0158081054688,771.42822265625,754.1956176757812,755.1746826171875,754.7598266601562,747.8729248046875,M6b,366.93646240234375,747.8729248046875,715,0.0090459855273365,0.0687724873423576,0.1928729265928268,2.0,1.0,0.4615435600280761,0.0953752249479293
10178,665.2744140625,612.8546752929688,610.6157836914062,607.6651000976562,592.7421875,594.5758666992188,M6a,290.2879333496094,594.5758666992188,718,0.0093697290867567,0.2030146420001983,0.4007182121276855,2.0,0.906324863433838,0.0848246067762374,0.0234559122473001
10179,427.0246887207031,402.25103759765625,403.6526184082031,398.075927734375,407.6812744140625,403.5465087890625,M5,194.77325439453125,403.5465087890625,716,0.3037925660610199,0.5056183934211731,0.7968369722366333,6.0,1.0,0.533125102519989,0.0346452295780181
10180,1177.624267578125,1129.2554931640625,1124.5565185546875,1113.119873046875,1112.73876953125,1114.73876953125,M6a,550.369384765625,1114.73876953125,708,0.0043718297965824,0.1653598695993423,0.1964487880468368,2.0,0.5855692625045776,2.0352463048851926e-23,0.1514609158039093
10181,1002.8096313476562,964.3258666992188,955.2338256835938,950.02734375,949.3374633789062,951.33740234375,M6a,468.668701171875,951.33740234375,719,0.0059495628811419,0.1551391631364822,0.15352663397789,2.5959010124206543,0.3596029281616211,1.0546349210605044e-10,0.0557112358510494
10182,1030.325927734375,948.67333984375,939.4229125976562,937.313232421875,928.63232421875,930.63232421875,M6a,458.316162109375,930.63232421875,696,0.0061584943905472,0.2142549157142639,0.1960782408714294,2.0228211879730225,0.4425497055053711,7.109548626899054e-12,0.0193877406418323
10183,1162.7218017578125,1153.37744140625,1125.738037109375,1113.014404296875,1071.9866943359375,1064.52294921875,M6b,525.261474609375,1064.52294921875,719,0.0010000000474974,0.0726174265146255,0.0480229705572128,5.999999046325684,1.0,0.2647885978221893,0.0010000000474974
10185,1323.331298828125,1273.5889892578125,1266.670166015625,1241.87451171875,1233.467041015625,1235.1458740234375,M6a,610.5729370117188,1235.1458740234375,710,0.0020896079950034,0.2423698455095291,0.2584739625453949,2.0,0.8696038722991943,0.0876539796590805,0.182827889919281
10186,572.5604858398438,553.1080932617188,514.706787109375,516.5096740722656,536.4323120117188,516.2577209472656,M3,251.1288604736328,516.2577209472656,718,0.0043761427514255,0.0010000000474974,0.1764428466558456,2.7895779609680176,1.0,0.870954155921936,0.050813503563404
10191,727.2939453125,725.1767578125,707.9218139648438,708.7198486328125,719.2723999023438,708.4797973632812,M3,347.2398986816406,708.4797973632812,708,0.0095131928101181,0.0270803365856409,0.1009004339575767,5.464323043823242,1.0,0.7218980193138123,0.1171734556555748
10192,1419.8828125,1273.720947265625,1272.9808349609375,1272.6656494140625,1285.3056640625,1271.759033203125,M6b,628.8795166015625,1271.759033203125,709,0.0010000000474974,0.2308313399553299,0.1848108470439911,2.0,0.5782908201217651,0.669799268245697,0.0541555471718311
10196,816.8817749023438,802.9027099609375,802.9707641601562,802.006103515625,807.4898071289062,798.5296020507812,M6b,392.2648010253906,798.5296020507812,718,0.005637320689857,0.0538312494754791,0.055995088070631,5.0,0.9524778127670288,0.4798609316349029,0.0221885610371828
10197,773.5986938476562,756.3198852539062,752.6784057617188,751.505126953125,746.8756103515625,742.3474731445312,M6b,364.1737365722656,742.3474731445312,716,0.0101922545582056,0.1399572938680648,0.1140171736478805,5.0,1.0,0.3788391351699829,0.0719049721956253
10198,928.4937133789062,879.2318725585938,632.067138671875,627.1712646484375,699.713134765625,634.0306396484375,M5,310.01531982421875,634.0306396484375,479,0.0010000000474974,0.061362586915493,0.0589907243847847,2.999999761581421,1.0,0.976695477962494,0.0010000000474974
10199,662.3223266601562,638.3095092773438,600.9676513671875,600.1890258789062,624.22705078125,601.4263916015625,M5,293.71319580078125,601.4263916015625,710,0.0089261038228869,0.0936041697859764,0.2953038513660431,2.0347495079040527,1.0,0.7971327900886536,0.0532599911093711
10200,825.0557250976562,814.3834838867188,813.443359375,807.64990234375,803.3416748046875,805.3416748046875,M6a,395.67083740234375,805.3416748046875,719,0.0136257037520408,0.1627160608768463,0.1629372239112854,2.999999761581421,0.749991774559021,1.803366227916761e-26,0.1119324788451194
10201,1030.5418701171875,995.3938598632812,990.1663208007812,961.3681030273438,941.9379272460938,943.9379272460938,M6a,464.9689636230469,943.9379272460938,719,0.0051810108125209,0.0964921414852142,0.1301276832818985,2.0,1.0,4.3693165947301937e-13,0.0844914987683296
10202,810.6183471679688,785.9008178710938,791.8359375,784.377685546875,776.114501953125,777.997314453125,M6a,381.9986572265625,777.997314453125,718,0.0097718015313148,0.1637935936450958,0.2653493583202362,3.000002145767212,1.0,0.0621405616402626,0.1163858473300933
10203,612.5335693359375,606.4795532226562,606.8898315429688,607.8663330078125,601.049560546875,605.1184692382812,M6a,295.5592346191406,605.1184692382812,716,0.2729165852069855,0.5263596773147583,0.8394359946250916,5.66181230545044,1.0,3.7301637473285965e-11,0.0909924730658531
10204,722.202392578125,682.3749389648438,677.0516357421875,677.5824584960938,668.8089599609375,668.2818603515625,M6b,327.14093017578125,668.2818603515625,718,0.0101918065920472,0.1716281771659851,0.1828736662864685,3.881683349609375,0.9483972787857056,0.2841614186763763,0.0510916635394096
10208,987.6093139648438,969.9622192382812,958.06591796875,939.0498046875,915.3775634765624,916.9080810546876,M6a,451.45404052734375,916.9080810546876,694,0.0067969015799462,0.1561049371957779,0.0668811872601509,6.0,1.0,0.0823668986558914,0.0708369314670562
10209,914.9277954101562,892.1476440429688,893.32861328125,878.7142333984375,886.297607421875,888.297607421875,M5,437.1488037109375,888.297607421875,715,0.0057568242773413,0.1324520856142044,0.2377730011940002,2.0,0.5488780736923218,4.238674050020258e-18,0.0988356098532676
10212,868.468994140625,861.2679443359375,830.5577392578125,825.1969604492188,858.0321044921875,832.5578002929688,M5,409.2789001464844,832.5578002929688,716,0.0154480077326297,0.0459890887141227,0.0922717601060867,3.690093994140625,1.0,1.0,0.1471598446369171
10215,1067.048095703125,1037.60693359375,1037.4302978515625,1036.4786987304688,1012.6585083007812,1014.6585083007812,M6a,500.3292541503906,1014.6585083007812,719,0.0086134113371372,0.1880523711442947,0.2884507179260254,2.0,1.0,3.4885328286076274e-30,0.1859670132398605
10216,1180.033935546875,1103.7867431640625,1100.6361083984375,1093.490478515625,1080.03173828125,1080.2064208984375,M6a,533.1032104492188,1080.2064208984375,717,0.0035815630108118,0.1427998393774032,0.1638444513082504,2.0,0.7708055973052979,0.2162515819072723,0.0809983983635902
10217,742.0302734375,724.6773071289062,725.0792236328125,725.8631591796875,709.2998657226562,710.9283447265625,M6a,348.46417236328125,710.9283447265625,719,0.00318389153108,0.0133274523541331,0.0610515587031841,6.0,0.836773157119751,0.1169612929224968,0.0348271578550338
10218,1302.3126220703125,1213.787353515625,1200.5640869140625,1188.412841796875,1183.655029296875,1185.655029296875,M6a,585.8275146484375,1185.655029296875,694,0.0020488230511546,0.2097671777009964,0.172176718711853,2.0,0.5016659498214722,2.9450417201451804e-39,0.0356601774692535
10220,959.9998779296876,950.8557739257812,944.5711059570312,936.27783203125,911.0709228515624,913.0709228515624,M6a,449.5354614257813,913.0709228515624,718,0.0099116768687963,0.2691387236118316,0.2795989513397217,2.9782583713531494,1.0,2.3643808333179316e-14,0.1385335028171539
10221,1314.3382568359375,1277.41015625,1262.2808837890625,1239.2171630859375,1180.48779296875,1182.48779296875,M6a,584.243896484375,1182.48779296875,707,0.002995588351041,0.303811639547348,0.0837264508008956,5.0,0.8685977458953857,1.15392939648018e-08,0.0010000000474974
10222,841.6932983398438,805.9629516601562,774.438232421875,768.4275512695312,782.80029296875,766.3803100585938,M6b,376.1901550292969,766.3803100585938,710,0.0083490060642361,0.1350541412830352,0.1409170627593994,2.999999761581421,1.0,0.5534510612487793,0.0475489199161529
10224,1175.2034912109375,1114.642333984375,1107.934326171875,1062.350830078125,1045.2938232421875,1045.679931640625,M6a,515.8399658203125,1045.679931640625,717,0.0037252237088978,0.172627106308937,0.0664061233401298,4.999999523162842,0.9783062934875488,0.1323806941509246,0.0010000000474974
10225,635.9105224609375,630.1056518554688,622.4425048828125,619.5399169921875,617.4061889648438,614.7827758789062,M6b,300.3913879394531,614.7827758789062,713,0.1128163486719131,0.7860629558563232,0.7457537651062012,6.0,1.0,0.3303041756153106,0.0514971166849136
10226,1081.6885986328125,1055.140869140625,1051.4189453125,1031.3116455078125,1041.68896484375,1043.68896484375,M5,514.844482421875,1043.68896484375,718,0.0051054591313004,0.1524170190095901,0.0855748131871223,5.999999523162842,0.5463457107543945,2.938758297831148e-39,0.1064628660678863
10227,718.8495483398438,674.8515625,688.1906127929688,682.2678833007812,678.5338745117188,678.8696899414062,M2,332.4348449707031,678.8696899414062,717,0.0061698048375546,0.1111683100461959,0.4557690620422363,2.0,1.0,0.2490960359573364,0.0995378792285919
10228,614.1408081054688,599.9071044921875,568.1163940429688,566.9722290039062,604.0508422851562,570.116455078125,M5,278.0582275390625,570.116455078125,712,0.0172231215983629,0.0010000000474974,0.0883199647068977,2.0,1.0,1.0,0.0432470701634883
10229,1034.7364501953125,997.8446655273438,980.8311767578124,969.8236083984376,968.7786865234376,970.7786865234376,M6a,478.3893432617188,970.7786865234376,707,0.0800604671239852,0.5863797068595886,0.9043724536895752,5.000000476837158,0.8538987636566162,4.5417078546434236e-20,0.136334091424942
10231,1494.9991455078125,1477.378173828125,1448.988037109375,1446.879638671875,1462.6622314453125,1439.9986572265625,M6b,712.9993286132812,1439.9986572265625,718,0.0010000000474974,0.1875916272401809,0.0830137357115745,2.0,1.0,0.5709600448608398,0.2468204647302627
10234,751.0050048828125,705.2598266601562,704.7993774414062,706.5799560546875,701.3517456054688,699.99658203125,M6b,342.998291015625,699.99658203125,708,0.0110716372728347,0.1817526817321777,0.2595088481903076,3.0,0.9276821613311768,0.3565033972263336,0.0738345682621002
10235,1001.1021118164062,954.8410034179688,951.0113525390624,946.91845703125,944.884033203125,946.6829223632812,M6a,466.3414611816406,946.6829223632812,720,0.0035323030315339,0.1221271753311157,0.29609015583992,2.0,0.5754088163375854,0.1349758952856063,0.1335644572973251
10236,685.6527099609375,663.18603515625,669.0451049804688,652.6959228515625,664.4048461914062,666.4048461914062,M5,326.2024230957031,666.4048461914062,718,0.0059361695311963,0.0797725915908813,0.2494165897369384,2.0,0.5480145215988159,3.238227011204548e-30,0.051804456859827
10239,882.1129760742188,855.6762084960938,846.2771606445312,834.5827026367188,818.2830200195312,820.2830200195312,M6a,403.1415100097656,820.2830200195312,718,0.0087497802451252,0.1557293385267257,0.204026997089386,2.739177703857422,1.0,7.796628029851495e-31,0.1083386167883873
10240,362.0059509277344,361.8960876464844,357.50421142578125,359.5726623535156,354.8889465332031,354.2333374023437,M6b,170.11666870117188,354.2333374023437,720,0.3987957537174225,0.93006831407547,0.8269793391227722,6.0,1.0,0.3237028121948242,0.0078107230365276
10241,774.6249389648438,775.6521606445312,721.0244750976562,717.9823608398438,776.4000244140625,723.0245361328125,M5,354.51226806640625,723.0245361328125,720,0.0010000000474974,0.0201742500066757,0.103782795369625,4.241816520690918,1.0,1.0,0.0692811459302902
10242,589.7476806640625,530.8446044921875,518.0421447753906,515.4549865722656,527.2070922851562,516.2462158203125,M5,251.12310791015625,516.2462158203125,719,0.012171171605587,0.1740985661745071,0.6022356748580933,2.0,1.0,0.620429515838623,0.0383508205413818
10243,1136.9915771484375,1075.4647216796875,1026.937744140625,1004.2327270507812,1009.3626708984376,991.0330810546876,M6b,488.51654052734375,991.0330810546876,711,0.0045645534992218,0.1784369051456451,0.0965247973799705,3.172008514404297,1.0,0.4106645882129669,0.0010000000474974
10245,737.6097412109375,732.0518798828125,713.9232788085938,716.1138305664062,739.0015869140625,715.9232788085938,M3,350.9616394042969,715.9232788085938,719,0.3125250041484833,0.2792454957962036,0.8772377967834473,6.0,1.0,1.0,0.1523709595203399
10246,788.3004760742188,778.8762817382812,755.619140625,754.385986328125,765.8944091796875,757.6192016601562,M5,371.8096008300781,757.6192016601562,715,0.0246370416134595,0.2185917645692825,0.0852738320827484,6.0,-1.0,1.0,0.0932239294052124
10248,768.037109375,735.57470703125,729.5435791015625,726.3516845703125,713.432373046875,714.6010131835938,M6a,350.3005065917969,714.6010131835938,718,0.0151870232075452,0.2560780942440033,0.4368074536323547,2.0,1.0,0.1485451459884643,0.0739010795950889
