participant_id,start_0,start_1,start_2,start_3,start_4,start_5,start_6,start_7,start_8,start_9,start_10,start_11,start_12,start_13,start_14,start_15,start_16,start_17,start_18,start_19,start_20,start_21,start_22,start_23,start_24,start_25,start_26,start_27,start_28,start_29,start_30,start_31,start_32,start_33,start_34,start_35,start_36,start_37,start_38,start_39,start_40,start_41,start_42,start_43,start_44,start_45,start_46,start_47,start_48,start_49
10000,913.99164,913.4813,900.1755,912.4763,913.67596,882.1845,912.5315,912.4763,913.99164,913.67596,900.1755,1231.5398,913.2559,1230.5626,912.6496,912.4763,913.36487,913.2559,913.67596,882.1846,913.67596,912.6451,913.67596,914.35187,1231.5405,913.67596,912.6496,900.1755,913.2559,889.0784,913.4814,913.67596,882.1846,913.67596,913.67596,913.48126,882.1846,913.67596,900.1755,,908.40674,912.4763,912.6496,912.6451,912.47626,,912.64496,913.4813,913.4813,913.25586
9187,1333.249,1152.4911,1152.4911,1151.2585,1151.2585,1151.2585,1333.713,1152.4911,1333.1376,1333.7134,1152.4911,1333.7134,1333.0718,1333.1377,1153.7809,1333.7134,1152.4911,1333.1382,1153.7808,1152.4911,1151.2585,1152.4911,1153.7809,1151.2585,1333.714,1151.2587,1152.4911,1152.4911,1333.7139,1151.2587,1152.4911,1151.2587,1333.6785,1333.714,1333.0502,1333.0826,1151.2587,1152.4911,1151.2585,1333.7129,1151.2585,1333.0496,1152.4911,1152.4911,1151.2587,1247.2958,1152.4911,1152.4911,1152.4911,1152.4911
10002,1137.6294,1158.6395,1137.6294,1093.8634,1149.2668,1137.6294,1168.7354,1149.2668,1137.6294,1144.6093,1169.0408,1484.2206,1168.8584,1483.1157,1094.3262,1168.7354,1139.6083,1093.8479,1137.6294,1169.0408,1153.6077,1139.6083,1141.236,1149.2668,1484.2202,1137.6293,1159.9238,1161.6987,1159.9359,1159.9238,1137.6294,1144.6093,1159.9238,1094.3262,1168.4615,1137.6294,1158.525,1137.6293,1159.9238,1159.9359,1159.9238,1159.9359,1168.6842,1093.8478,1158.8572,1141.2361,1158.6392,1137.6293,1158.6393,1168.4617
10003,1015.99225,1018.8799,1007.23785,1011.49347,1016.78375,955.99243,1006.82385,,1015.21936,955.99243,953.0558,1469.9377,955.99255,1468.643,1007.15643,1006.82385,1007.23785,953.05786,1016.7837,953.0558,1011.49335,1013.74493,953.0558,1011.63257,1469.938,1011.4933,1006.82385,1018.7247,1015.21936,1006.82385,1011.49335,1193.3414,1006.8238,953.0558,1015.21936,1021.0513,965.4353,1021.4133,1006.824,964.4886,1006.824,955.99243,1013.7448,953.0559,955.99255,1015.21954,1015.21936,1018.87994,1018.8799,1013.7448
10004,794.6771,780.13654,780.1364,792.7602,792.76013,726.6895,741.07697,792.7602,794.6314,726.6896,726.6895,741.07697,726.6895,792.76013,726.6895,741.07697,778.3769,792.76013,792.76013,726.6895,792.76013,792.7602,726.6896,809.23444,792.76013,792.7602,741.1913,780.1364,792.7602,741.0771,793.49084,792.76013,809.8149,792.76013,767.32996,807.4976,727.40967,807.4976,750.79156,741.077,741.07697,767.32996,726.6896,726.6895,792.76013,792.76013,793.4908,780.13654,780.1365,726.6896
10005,883.0522,898.02765,884.9387,882.3022,882.3022,797.58875,881.1939,869.0228,882.3022,882.3022,797.5887,869.0228,797.5887,869.0672,854.76404,881.1938,899.47156,882.3021,882.3022,797.5887,869.0228,883.5973,869.0227,869.06714,882.3022,797.7863,854.76404,896.08374,882.3022,854.76404,882.92053,882.3022,894.58356,797.6917,797.5887,898.47943,882.3022,898.5864,854.76404,898.71497,854.76404,854.764,797.58875,797.58875,882.92053,882.3022,882.92053,898.02783,898.8041,797.58875
10006,843.3069,891.7732,892.1353,924.97064,924.97064,828.3812,843.1508,843.1509,843.1508,843.1508,828.3813,843.1508,843.1508,1485.9636,843.15076,828.3813,887.37103,843.1508,924.97064,828.3813,924.97064,928.3499,828.3813,928.3402,830.174,924.7747,843.15076,891.773,843.1508,843.1508,828.3813,924.7748,891.7732,,,891.7731,843.151,897.3259,849.85675,843.1508,843.1508,828.3813,843.15094,843.1508,843.1509,928.3402,964.1367,891.773,891.773,843.1509
10007,1312.8347,1260.1578,1312.6328,1312.4453,1260.1578,1312.8401,1312.8402,1249.6627,1312.5905,1312.8402,1259.9803,1312.8402,1312.8402,1312.5922,1261.6198,1312.8402,1295.7217,1312.5919,1290.7937,1249.4952,1312.5903,1312.5901,1312.5903,1260.1567,1312.8406,1312.8403,1259.9805,1259.9805,1312.8401,1312.5924,1312.8378,1312.5924,1312.4453,1312.8406,1312.4453,1312.8403,1312.8402,1312.8403,1261.6198,1312.8406,1312.8401,1312.4453,1259.9807,1260.1578,1261.6198,1312.4453,1312.4453,1312.4457,1312.5903,1312.8402
10016,751.65063,751.65063,751.6081,751.66864,734.13464,734.1598,748.8781,952.90515,746.43756,,734.1736,746.9962,734.1598,745.185,746.9962,995.72864,751.6171,748.8781,745.185,751.26373,734.1345,746.9962,840.87616,734.1736,734.1736,751.26373,748.8781,751.6199,745.185,747.0318,751.65063,734.1597,751.66864,745.185,746.9962,751.65063,746.3155,751.26373,734.1345,995.77313,746.99615,751.65405,734.1408,952.80286,836.0016,745.185,746.3155,751.65063,751.26373,746.9962
10017,836.22437,836.0456,836.0456,836.22437,831.64905,832.7708,912.2777,932.8749,836.22437,831.6477,1380.9498,836.22437,836.0807,836.2435,836.2436,836.1989,932.8751,836.2169,836.22437,836.1648,831.6477,836.22437,831.64905,932.87524,836.22437,831.6477,836.092,836.2095,831.6477,836.2415,836.2436,836.04694,836.18945,831.67206,829.39075,836.2435,836.0469,836.04694,832.72864,836.2169,836.2415,836.2435,932.8752,836.23193,932.875,836.22437,836.22437,836.2415,932.8751,836.2436
10018,980.515,980.51733,974.3572,980.29205,899.5946,,899.5946,980.29205,969.2857,952.57465,985.12805,1433.6841,899.5946,1432.3312,,899.5946,974.35706,952.5746,1167.8882,899.5946,978.80817,956.04114,1433.0238,978.80817,978.80817,978.80817,917.9487,974.35706,980.515,952.5747,972.65936,985.04596,974.35706,899.5946,899.5946,980.51733,953.7575,980.51733,899.5946,983.1097,947.5435,974.7511,972.65936,953.75745,974.7511,980.29205,978.37024,980.49243,980.51733,899.5946
10024,871.47986,878.3333,878.0785,871.74146,874.0441,831.16315,888.67975,,871.79926,831.16797,831.1632,1288.6674,831.22943,1287.7417,831.1631,865.0099,880.38794,871.74146,871.74146,831.16315,874.0441,871.79926,871.74146,871.4799,871.47986,874.0441,831.16315,879.86664,831.16315,865.8795,871.74146,874.0441,852.6633,871.79926,831.168,881.1068,831.16315,881.1068,852.66327,881.1068,865.87964,831.168,831.16315,831.16797,865.0099,871.79926,852.6633,878.8342,880.38794,831.163
10025,889.5514,889.55804,889.5581,889.5514,889.5581,889.5514,889.5581,,1349.6584,1350.1907,889.5581,1350.1907,1349.33,1349.33,894.3349,889.5514,898.7185,894.3348,891.5497,1267.7382,897.53394,889.5581,1349.6249,897.53406,1350.1923,1350.1907,889.5581,889.558,1349.5903,889.5514,906.13794,898.7185,898.2832,1350.1913,1348.8491,1348.8491,889.5581,898.7185,889.5581,1350.1907,889.5581,1349.33,889.5581,889.5514,891.51,929.7447,889.5514,889.5581,889.55804,905.9802
10027,788.5588,737.4524,737.4522,717.6758,724.01025,717.6757,719.608,788.1793,719.6079,719.608,717.6757,719.608,719.608,717.6757,738.721,738.72095,737.45233,717.6757,719.608,717.6758,717.67566,738.69836,717.6757,795.7071,788.1793,740.551,798.16595,737.4523,717.6757,717.6757,737.45233,717.6758,737.45233,719.608,737.4523,737.4523,717.67566,737.4522,719.608,717.6758,719.608,738.69836,719.608,717.6757,719.608,788.5588,795.54517,737.4522,737.4522,738.69824
10028,1230.0297,1232.3024,1375.459,1230.0297,1229.1477,1213.5435,1375.4583,1230.0297,1374.8464,1375.4583,1213.5433,1375.4586,1375.1914,1374.8469,1230.0297,1375.4583,1232.3024,1374.8469,1230.0297,1222.4197,1229.1477,1235.5522,1234.7068,1230.0297,1375.4587,1229.2673,1240.7959,1233.9252,1375.4587,1213.5436,1230.0297,1230.0297,1374.9708,1375.4587,1229.1477,1374.8618,1229.2672,1232.3025,1228.8076,1230.0297,1233.071,1374.8616,1213.5437,1230.0297,1230.0297,1233.0753,1213.5436,1232.3025,1222.4197,1229.2673
10029,1071.5105,930.1886,930.1886,919.64026,919.6631,919.6402,919.64026,926.33057,919.6632,919.66315,919.64026,1380.9514,919.64026,1379.818,926.3305,926.3305,930.1886,919.64026,919.6631,919.6631,926.33057,919.6632,930.1886,919.6404,1380.9514,926.3305,919.6631,930.18854,926.33044,926.3305,926.3305,919.6631,919.6631,926.33057,926.33057,930.1886,919.6632,930.1886,919.6631,919.6402,919.64026,919.64026,919.6631,919.64026,919.6403,926.3305,919.64026,930.18854,930.1886,919.6404
10030,880.1755,880.17554,857.2804,862.6691,880.1755,930.1779,880.1756,891.6174,880.1755,890.05994,930.1779,880.17554,880.17554,891.8052,878.8469,925.6858,880.1755,829.903,885.4017,930.1779,884.0838,925.68585,870.47125,884.3528,885.40186,885.4019,895.28546,857.2804,890.0599,941.4067,829.903,829.903,829.903,885.4019,829.903,885.40186,871.04016,885.402,941.4067,880.1756,944.582,884.0839,885.40186,832.10443,880.1755,890.0599,884.08386,932.27783,885.4018,884.0839
10031,904.29486,899.5301,893.1391,901.6317,1374.0973,1374.875,895.9946,859.9449,1038.1212,859.9449,859.9449,885.92206,860.18176,903.52905,890.17444,895.9947,882.3868,901.1138,901.6776,859.9449,859.9449,904.3848,860.5326,1370.7811,901.67755,860.18176,859.9449,893.13904,859.9449,885.92206,860.18176,1370.61,893.139,859.9449,901.11395,1369.8569,859.9449,882.43933,859.9449,901.11395,885.9221,895.9947,860.5326,890.17444,895.9947,903.94574,893.13904,899.5301,901.1138,859.9449
10035,723.65,727.57306,706.89026,,713.9498,643.03876,682.78705,720.9932,685.5664,713.9498,643.0387,682.78705,682.78705,643.03876,682.78705,682.78705,727.57306,,722.8473,643.03876,690.3425,727.57306,897.6368,729.70435,722.8473,685.5664,713.70154,715.97296,643.0387,682.78705,722.8473,722.8473,,725.74414,713.9498,727.57306,643.08624,727.57306,643.0387,643.03876,682.78705,643.03876,681.7903,774.26355,715.97296,685.5664,685.5664,715.9731,706.89026,643.08624
10036,940.6608,947.2202,1301.9177,909.3135,951.75793,909.3134,940.6609,959.04877,956.4823,951.75793,910.7563,1302.9497,951.75793,1301.9172,940.6607,940.6608,956.6488,940.6608,951.75793,909.3134,951.75806,940.6608,909.3133,951.75793,1302.9506,909.3137,940.6609,947.2202,951.75793,951.39087,956.4823,951.75793,940.6608,909.3134,951.75793,956.64874,951.75793,956.6488,940.6609,956.64886,940.6608,956.4823,951.75793,909.3135,956.4821,956.4825,956.4823,947.2202,947.22015,951.758
10039,710.6722,750.6707,750.5845,710.6722,737.0949,710.6722,747.1421,736.09314,712.5826,737.0949,712.5826,750.6542,750.6497,1239.0443,710.67694,747.21295,750.6024,750.53876,737.0949,710.6721,750.53876,737.17804,955.14984,710.67694,747.20416,737.0949,710.67694,749.9913,712.5826,710.67694,737.0949,747.20416,749.9913,737.0949,745.52936,750.6707,747.20416,750.53876,710.677,750.6024,736.09314,736.0932,747.21295,736.09314,904.99176,737.17804,736.0932,750.64655,749.9913,737.178
10041,1407.782,1273.4448,1408.4176,1279.2494,1279.2494,1262.3623,1408.4176,1279.2494,1407.9087,1408.4177,1262.3622,1408.4178,1408.4177,1407.7825,1261.3232,1408.4177,1279.2494,1407.7822,1279.2494,1261.3232,1279.2494,1262.3623,1279.2494,1279.2494,1408.4183,1279.2494,1262.3622,1262.3622,1408.4176,1262.3622,1279.2494,1279.2494,1408.0876,1408.4183,1273.4447,1279.2494,1262.3623,1279.2494,1261.3232,1408.4177,1262.3623,1408.1096,1262.3623,1279.2494,1273.4447,1279.7363,1273.4447,1273.4447,1279.2494,1262.3622
10043,949.8427,948.79205,937.9849,912.64685,912.5894,912.64685,912.58936,948.79205,948.79193,952.32245,945.3352,1235.9346,952.27576,1234.9908,912.58936,948.79205,948.79205,948.79193,951.32904,912.64685,952.32245,912.58936,952.32245,948.79205,1235.9349,952.32245,948.79193,945.32184,912.58936,945.32184,948.792,952.37616,944.4926,952.3761,951.329,948.79205,948.7922,948.79205,912.64685,948.79205,945.32184,952.27576,952.27576,945.3218,912.5894,945.32184,948.79205,948.79205,948.79205,948.79205
10047,974.04724,1004.68024,994.1104,1317.5771,1461.8743,923.9753,992.88007,990.2029,1010.4555,987.3757,923.97534,1462.2476,989.3149,1460.9044,923.9753,992.3508,1004.68024,974.1317,1009.6272,923.9753,987.3756,992.3508,974.1317,974.1317,1006.0727,970.21783,974.1317,1004.68024,974.04724,992.3508,992.88007,1013.12994,974.13165,994.07513,992.59814,1007.6297,1461.1833,1007.62964,923.9753,992.3508,923.97534,991.0121,974.1317,978.3503,974.1317,993.92395,993.9238,1004.68024,1006.72736,974.1317
10048,1345.1653,1198.8236,1167.8264,1181.877,1167.8264,1158.0635,1167.8264,1167.8264,1345.1653,1345.7968,1158.066,1345.7968,1345.4197,1345.1732,1158.0659,1345.7968,1245.9404,1345.1654,1167.8264,1158.0635,1158.0658,1158.0635,1158.0636,1167.8264,1345.7972,1158.0635,1158.0658,1167.8265,1345.7975,1158.0635,1167.8264,1167.8264,1345.1294,1345.7975,1167.8264,1345.1287,1158.0659,1167.8264,1158.0635,1345.7968,1158.0658,1345.4188,1158.0636,1167.8264,1167.8264,1167.8264,1167.8264,1167.8264,1198.8237,1158.0658
10050,1060.9777,1096.0353,1076.8868,1076.8868,1130.3121,1076.8868,1060.9777,1130.3121,1131.7297,1096.0352,1096.0349,1489.7131,1076.8868,1488.4645,1096.0154,1096.0349,1116.6278,1061.484,1130.3121,1060.9777,1130.3121,1134.4465,1131.7216,1131.7297,1489.714,1130.3121,1096.0349,1076.8868,1096.8486,1060.9777,1096.0349,1130.6035,1096.0349,1130.3123,1076.8868,1096.0349,1096.0154,1130.6888,1096.8486,1096.0349,1096.0154,1096.0349,1076.8868,1096.8486,1060.9775,1131.6729,1096.0154,1096.0349,1096.0349,1096.0352
10051,840.1101,874.85614,861.40924,858.92206,858.922,804.42816,858.98627,858.98627,858.92206,869.0537,804.42816,1269.9911,869.0537,804.4281,858.922,858.92206,872.5337,858.922,,804.4281,828.93616,872.6098,804.42816,1269.9915,858.98627,804.4281,858.92206,870.2277,869.0537,804.42816,840.1101,874.9313,840.11005,841.4685,874.5459,870.22766,874.5459,872.5337,807.0068,874.85614,840.1101,858.92206,804.42816,869.0537,858.922,858.92206,858.922,872.5337,874.8562,874.5459
10052,1101.8596,1104.9812,1088.7292,1101.8596,1101.8597,1078.6537,1097.5237,1101.8595,1101.8596,1105.1471,1088.7292,1312.8385,1101.8595,1311.9515,1097.5238,1088.7292,1104.9813,1311.9521,1101.8597,1078.6536,1101.8595,1097.5237,1101.82,1103.6129,1312.8392,1101.8596,1088.7292,1098.7097,1311.9521,1104.839,1103.6129,1103.4406,1088.7292,1312.8392,1103.4406,1104.9813,1105.1471,1103.811,1097.5238,1104.9813,1097.5238,1103.6129,1101.8596,1103.811,1103.6129,1103.6129,1101.8596,1104.9813,1104.634,1101.8595
10055,905.2728,893.3414,874.88965,845.1774,845.3207,845.1774,846.2034,854.21716,906.03265,845.1774,845.1774,845.1774,845.1774,845.17737,845.17737,876.25116,874.73645,877.253,876.44293,845.1774,876.248,,846.2034,911.5646,845.1774,876.248,876.248,874.8896,845.3207,845.17737,876.25116,877.36444,874.8896,874.8896,876.248,874.7363,845.1774,874.7363,852.7846,876.2479,845.17737,876.248,876.248,845.1774,877.36444,845.1774,877.25305,874.8896,874.8896,846.2034
10057,1127.5347,1101.5007,1101.5006,1085.6316,1085.6316,1085.6316,1127.5347,1085.6316,1118.5726,1085.6316,1101.5007,1445.7695,1085.6316,1444.6748,1085.6316,1085.6316,1101.5006,1085.6316,1085.6316,1085.6316,1089.9341,1085.6316,1085.6316,1085.6316,1445.7699,1085.6316,1085.6316,1101.5006,1085.6316,1085.6316,1127.5347,1085.6316,1085.6316,1085.6316,1085.6316,1101.5007,1085.6316,1101.5007,1085.6316,1101.5007,1085.6316,1127.5347,1085.6316,1085.6316,1089.9341,1101.5007,1085.6316,1101.5006,1101.5007,1085.6316
10058,1018.35535,1047.3713,1031.0774,1018.35535,953.09546,953.0952,953.0954,1041.8901,1041.8903,953.23334,953.0953,1501.7979,953.09534,1500.4349,1041.8903,953.23334,1048.2764,953.0953,1041.8901,953.0953,1041.7245,953.23334,,1049.1768,1041.8903,953.23334,953.23334,1031.0774,953.0953,953.0953,954.41034,953.23334,953.0954,1041.7245,953.0954,1031.0774,953.0954,1257.4458,953.09534,953.0954,1018.6487,953.0953,953.0954,953.09534,,1041.8901,953.23334,1047.3713,1048.2484,953.0953
10059,866.4361,878.3681,878.36804,890.0075,890.00745,878.13855,878.1385,890.00757,890.00745,878.13855,878.13855,878.28937,878.13855,878.2894,884.3362,884.8283,878.36804,884.8283,890.00757,866.43616,890.00745,892.54034,878.13855,892.00256,890.00745,892.50415,878.28937,878.36804,890.0075,878.17285,884.2156,890.00745,878.36804,890.00757,878.13855,878.6604,878.2894,891.50854,878.17285,866.43616,878.1728,878.13855,878.13855,878.1385,884.3362,878.9388,884.21545,878.36804,891.50854,878.2894
10062,832.4334,887.25757,815.3352,808.5746,,808.2632,975.9819,850.9849,851.7173,808.2632,808.26324,825.0952,811.26654,808.2632,849.9685,833.7142,953.1778,815.4351,818.45844,833.8646,815.33527,953.9226,808.7063,832.43274,818.1238,847.3221,974.68146,975.98047,811.26654,975.9456,808.2632,808.2632,796.14624,808.2633,796.14624,815.33514,855.0056,815.33527,848.15485,808.5746,975.98267,824.74097,808.5746,848.1548,808.7063,849.9685,832.43274,931.84625,953.9189,796.28625
10063,1111.0011,1110.3569,1110.3569,1110.3569,1137.8696,1110.3569,1110.3569,1137.8696,1316.6554,1317.2329,1110.3243,1317.2332,1110.3243,1316.5483,1118.1084,1317.2332,1137.8696,1316.549,1110.3569,1110.3569,1110.3569,1137.8696,1110.3569,1110.3569,1317.2339,1110.3569,1110.3569,1110.3569,1317.234,1137.8696,1117.8191,1110.3242,1137.8696,1317.234,1110.3569,1316.4657,1137.8696,1110.357,1110.3569,1317.2329,1110.3569,1316.7975,1137.8696,1137.8696,1110.3569,1117.8191,1110.3569,1110.3569,1137.8696,1110.3569
10064,952.48126,950.6345,932.2102,945.0001,906.14954,906.14954,947.7449,945.0001,952.48126,906.1495,906.2209,1369.964,944.0305,1368.6755,906.1496,947.74493,932.2102,906.22095,906.1495,906.1495,906.1495,947.7449,932.2102,943.8418,906.14954,906.1495,944.0305,932.2102,943.9769,941.39136,947.74493,932.21014,932.2102,906.14954,944.0305,950.6344,944.0305,946.499,906.14954,932.2102,906.1495,906.1495,944.03046,944.0305,947.7449,923.71375,948.64484,950.4137,932.2101,944.03046
10065,,701.4549,701.45996,697.0965,701.3491,695.61975,690.6937,935.412,696.82446,696.82446,695.45294,697.07306,696.82446,701.1658,962.73,903.16284,701.1658,695.61975,695.61975,700.0891,984.7585,962.92664,701.27924,701.46497,696.82446,695.45294,846.67206,701.2793,696.82446,690.6937,697.0222,684.76855,701.45557,695.61975,697.07306,701.44977,695.45294,701.1658,700.0891,696.82446,690.6937,697.0222,803.14215,683.3399,803.1422,697.02216,697.02216,701.2495,701.44977,697.0731
10066,904.5816,941.5709,904.58154,909.7327,909.0801,941.5856,914.06573,909.0801,909.2961,909.0116,905.96643,904.58167,941.52106,904.5816,861.8902,908.2614,904.5346,909.2961,909.73267,941.5709,911.239,904.5345,911.94305,1349.0408,918.38074,904.58154,861.8903,909.93335,911.9994,909.93335,904.58154,911.94293,909.93335,909.0801,904.58154,904.5816,904.5817,904.5816,909.93335,904.58154,896.5134,904.5815,941.52106,909.2043,904.53455,911.239,910.40076,941.5709,904.58154,941.52106
10067,1162.4146,1157.2635,1152.0337,1117.1948,1118.2527,1477.7899,1118.2528,1118.2527,1118.2527,1117.1947,1117.1948,1482.0232,1117.1948,1480.9548,1117.1948,1117.1948,1161.6626,1480.9546,1481.2285,1477.2446,1159.6178,1480.9547,1146.9387,1118.2527,1482.0238,1117.1948,1481.7657,1160.0283,1480.9553,1146.9387,1160.797,1155.4728,1146.9386,1155.4727,1117.1948,1157.2635,1117.1947,1157.2635,1122.2655,1157.2635,1146.9385,1117.1946,1161.9813,1480.9547,1160.797,1117.1948,1117.1948,1157.2635,1157.2635,1118.1777
10071,830.116,824.0242,822.475,802.55035,802.5503,802.55035,803.5541,829.1515,983.29846,802.55035,802.5503,802.5503,802.5503,811.6589,811.5709,811.5709,834.11194,811.5709,802.5503,802.5503,824.0242,823.5336,1043.3766,830.6042,830.116,802.55035,802.5503,823.5337,802.5503,811.5709,812.10364,804.86066,823.53357,811.571,811.5709,822.4751,802.5503,824.0242,811.5709,830.1161,811.5709,803.5541,802.5503,813.6308,834.11194,830.1161,827.65894,824.0242,822.4751,811.5709
10072,935.289,928.11884,928.1188,934.34,934.2909,931.76996,931.76996,934.9263,935.03235,931.76996,931.7698,931.76996,934.34015,935.289,931.76996,928.1189,935.3101,934.9263,934.3473,925.36115,934.2909,935.289,934.2909,935.289,935.03235,934.2909,931.76996,928.3496,934.2909,931.76996,931.7697,934.2909,928.11884,934.2909,934.6722,931.7698,934.2909,935.03235,928.11884,934.3473,928.1188,934.9263,931.76996,931.76996,935.03235,935.289,931.76996,931.76996,935.31006,931.76996
10074,1156.4641,1156.4641,1141.9631,1156.4641,1156.4597,1156.464,1156.4597,1156.4597,1156.4597,1156.4597,1156.4641,1484.2212,1156.4641,1483.0363,1156.4641,1156.4641,1220.2837,1156.4596,1156.4597,1156.4597,1156.4596,1141.9633,1156.4597,1156.4597,1484.2207,1141.9633,1156.4596,1156.4641,1156.4597,1156.4641,1141.9631,1156.4641,1141.9631,1156.4641,1156.4597,1156.4641,1156.4597,1141.9633,1156.4641,1156.4641,1156.7631,1156.4641,1156.4596,1141.9633,1156.4597,1156.4641,1156.4596,1156.4641,1141.9631,1156.4641
10075,998.0774,1001.45935,987.41766,956.5954,959.5691,956.57495,989.54803,956.575,993.5906,956.5751,956.5749,1462.2473,956.57495,959.56903,974.26636,989.54803,987.4178,956.57495,959.5692,956.5751,956.57495,1001.45935,956.57495,956.57513,959.56915,992.711,956.59564,987.41766,956.5748,974.9581,959.5692,959.56915,974.2664,992.711,956.57513,1001.45935,956.5954,999.6165,974.26636,990.11035,974.26636,959.5692,956.5749,956.59546,959.5691,956.5749,959.56903,1001.45935,1000.6964,956.5749
10076,1021.35516,1347.9928,1029.4152,1037.181,1037.8625,995.493,1028.1356,1037.181,995.4928,997.6854,997.9158,1347.9928,1032.0847,1346.9275,1021.35516,1028.1356,,1021.38275,1037.8553,995.4929,995.49304,1028.1356,995.4929,1037.8722,1347.993,1037.8397,1021.35516,,1347.2317,1021.35516,1021.35516,1037.8397,1021.35516,997.6856,1037.7737,1037.8397,1028.1356,1037.8397,1021.3551,1037.854,1021.38275,1028.1356,1021.35516,1021.35516,1028.1356,1021.38275,1028.1356,1347.9923,,1021.38275
10077,961.88684,951.4027,951.4027,958.9546,950.5043,928.83954,953.2731,950.5043,928.8395,934.396,928.8396,1399.6272,950.50433,1398.2676,962.09656,934.2484,965.9968,958.9546,958.9546,928.8395,950.5043,961.8869,,959.80365,958.9546,950.5043,928.83954,951.40894,950.5042,928.8396,928.8395,958.9546,951.40894,934.2484,950.5042,963.703,950.50433,963.703,928.8396,961.8289,951.4027,928.8396,928.8396,928.83954,961.88696,928.83954,961.8289,951.4027,963.6355,928.8396
10078,1329.4681,897.3479,892.14734,890.38165,881.53674,865.9297,891.7765,890.38165,980.71344,865.9297,865.9613,1330.4142,898.38,1329.1088,865.9613,891.77637,898.8987,890.38165,881.61774,865.9297,865.9296,892.35266,865.9297,881.53674,881.53674,865.9296,891.50037,897.3479,881.53674,887.2854,890.38165,881.53674,897.34784,865.9297,865.9297,898.8987,890.38165,898.38,868.509,881.53674,887.2854,891.77637,868.5089,868.509,891.7764,890.38165,892.35266,897.3479,899.5093,865.9297
10079,742.69257,775.0924,777.3952,752.01575,772.988,709.6002,750.099,942.9648,751.3485,742.4395,742.43964,751.34863,742.4396,922.4299,709.99646,750.099,774.88104,751.3485,742.4396,751.3486,742.4396,,1347.5939,742.6926,752.01575,742.4396,844.7452,776.3265,752.7103,750.099,751.3486,742.4395,776.3265,742.4396,761.8196,772.9073,742.4395,772.988,750.099,750.099,750.099,752.01575,752.01575,710.21234,923.0932,742.43964,709.9965,772.988,774.88635,742.4396
10081,802.40497,821.1042,816.09827,822.6074,795.12396,817.5031,802.40497,816.71,802.40497,822.60974,819.6379,822.60974,817.5031,801.9924,801.9924,823.31616,816.09845,822.6074,795.1239,795.12396,804.05945,801.9924,795.3173,801.9924,827.16534,795.12396,819.37537,821.2875,827.1653,822.6074,822.6098,819.6379,816.09827,802.40497,822.6098,821.1042,817.5031,821.1041,817.6493,819.6378,816.7101,822.60974,817.5031,817.6841,974.7684,795.26013,822.6074,821.1042,821.2875,817.5031
10083,1035.0963,1035.0963,1035.0963,1185.6417,1030.6348,1030.6349,1030.6348,1185.6418,1030.6349,1030.6348,1030.6348,1433.6848,1035.0964,1432.723,1094.5267,1030.6348,1185.6418,1041.8508,1185.6418,1030.6348,1030.6348,1030.6349,1185.6418,1185.6418,1433.6857,1035.0963,1030.6348,1035.0963,1033.9397,1035.0963,1035.0963,1185.6418,1030.6348,1433.6847,1030.6348,1035.0964,1033.3779,1185.6418,1035.0963,1030.6348,1035.0963,1035.0963,1035.0963,1030.6348,1035.0963,1201.6843,1030.6348,1035.0963,1035.0963,1030.6348
10084,904.8771,1037.1221,905.0304,904.6942,906.40155,903.94836,889.33496,904.8311,904.79987,905.03125,1133.2732,925.25726,904.4136,904.41364,903.5207,899.8436,1092.2577,892.9271,1133.0134,905.6075,914.8721,906.10205,904.942,903.63873,903.9487,906.3919,906.1602,1132.2146,904.8771,895.2634,904.4137,903.9488,895.44446,904.6939,899.45355,903.94824,1133.9226,903.9487,1132.9745,904.99054,1094.5867,904.97296,1132.2147,889.33496,905.1121,914.8722,904.9315,957.6725,903.6387,1134.4375
10086,1442.183,1208.0425,1441.7438,1442.4733,1441.8518,1208.1306,1441.7434,1209.6964,1442.1771,1442.4755,1208.0425,1442.4755,1441.7438,1441.7433,1209.3809,1442.4755,1208.0425,1441.7432,1235.4281,1442.1035,1441.5208,1208.1305,1442.1036,1441.7432,1442.4769,1442.4757,1209.2085,1208.0425,1442.4755,1208.0422,1209.3809,1442.1038,1441.5195,1442.4761,1441.5208,1441.5208,1442.4733,1442.476,1208.1306,1442.4755,1208.0425,1441.7434,1209.2086,1229.3184,1209.3807,1229.4843,1441.5208,1235.3336,1208.0425,1208.0425
10087,749.2455,757.0646,757.06464,767.0435,766.95074,748.5253,748.52527,766.6431,766.6431,767.04346,748.52527,748.52527,748.5253,767.0434,767.0435,757.0646,757.0646,748.52527,766.6653,738.2325,766.6431,768.40375,907.3274,766.6431,748.52527,766.6431,748.52527,757.0646,766.6653,748.5253,748.52527,748.5253,757.06464,766.95074,767.04333,757.0646,766.6431,754.56824,738.23254,757.0646,748.52527,748.52527,748.5253,752.1086,907.3274,748.52527,748.5253,757.0646,754.56824,748.52527
10088,760.87103,760.67017,763.9613,761.8309,761.58514,736.3269,760.6818,761.58514,761.47266,760.6819,736.3269,761.03754,760.6819,760.87103,760.6603,764.0764,762.30493,761.8309,761.8309,736.3269,760.67035,760.87103,761.47266,736.3269,761.8309,759.2072,740.7394,759.898,761.03754,758.8887,762.3048,761.8309,736.3269,736.34576,760.6818,761.58514,761.8309,762.3049,761.5559,761.8309,757.7916,761.58514,760.6818,932.6798,741.12646,761.03754,736.3269,760.6702,762.305,760.6819
10089,856.2893,853.4508,853.4508,855.9361,855.9361,861.5748,837.90814,855.8451,855.89813,834.59283,1393.1874,837.90826,834.5927,810.8062,834.59283,834.5928,843.13116,815.6291,855.9361,810.8062,855.936,810.8062,810.8063,855.93604,855.93604,855.936,834.59283,853.4508,855.9361,834.59283,837.90814,855.936,853.4508,855.936,856.0027,861.3251,855.93604,861.32513,834.5928,811.0206,,861.698,834.59283,837.90814,834.5929,855.8981,,853.4508,861.5786,834.5929
10090,1298.2083,1221.1268,1298.558,1219.6083,1219.6083,1212.2402,1298.5573,1219.6083,1298.2145,1298.5579,1219.6083,1298.5576,1298.5574,1298.0842,1219.6083,1298.5573,1221.1268,1298.0841,1219.6083,1212.2408,1211.7147,1298.2142,1211.7148,1219.6083,1298.5579,1219.6083,1221.0542,1221.6498,1298.5579,1221.6498,1221.0542,1219.6083,1298.0834,1298.5579,1219.6083,1298.5573,1298.2145,1219.6082,1217.2935,1298.5579,1298.5576,1298.1923,1213.4762,1221.0544,1221.0544,1211.7147,1219.6083,1221.1268,1221.127,1221.0542
10092,911.7211,911.8192,906.7743,889.91626,893.3473,889.9162,1042.8539,910.67267,911.8192,893.40814,913.2536,1427.0927,903.58325,1425.655,903.5834,903.5834,911.81915,912.1737,911.4795,889.9163,915.3496,897.74646,911.38196,910.6726,911.38196,893.3473,897.6821,910.1476,911.38196,897.6821,893.34717,897.6821,910.1476,911.38196,903.5834,911.8192,903.5834,915.41064,893.4081,906.7743,915.7888,903.5834,903.5833,,903.5834,911.7211,925.9431,911.8192,915.17554,903.5834
10093,1176.3961,1177.656,1144.1277,1158.917,1179.1427,1132.5765,1175.2504,1176.3961,1176.8335,1430.6559,1129.1531,1431.4878,1129.153,1430.472,1129.1531,1175.2504,1167.2338,1430.6302,1182.6624,1129.1531,1129.153,1129.153,1180.8633,1176.3961,1431.4883,1179.1426,1175.2504,1167.2339,1430.4722,1167.2338,1176.3961,1180.8633,1160.0991,1431.4874,1430.6411,1180.3698,1129.1531,1180.3698,1158.9169,1167.2338,1160.0991,1176.2379,1160.0991,1160.0991,1129.153,1132.5765,1176.8788,1177.656,1144.1277,1132.5765
10094,1135.9694,1136.5767,1129.8187,1134.3842,1134.3842,1101.8385,1135.3644,1134.3842,1123.1924,1101.8385,1101.8385,1386.4448,1109.4033,1385.4834,1135.3644,1135.3644,1129.8187,1385.7175,1134.3842,1101.8385,1109.4094,1137.2332,1134.3842,1134.3842,1386.4451,1139.2756,1135.3644,1129.8188,1386.44,1130.0819,1134.3842,1134.3842,1130.0819,1386.4451,1107.1926,1137.2332,1107.1926,1137.2333,1130.0742,1101.8385,1130.0742,1135.3644,1107.1926,1101.8385,1130.0742,1109.3036,1123.1924,1136.5768,1137.2332,1107.1926
10095,1035.31,1079.1572,1063.38,1035.3102,1036.4338,1036.4337,1035.31,1036.4337,1036.4337,1035.3102,1036.4337,1422.6985,1035.31,1421.6184,1036.4336,1035.31,1063.38,1035.552,1036.4337,1035.31,1035.3102,1035.3102,1035.3102,1035.3102,1422.6991,1035.31,1035.5521,1063.3801,1035.31,1035.31,1035.3102,1036.4338,1035.3102,1035.31,1035.31,1079.1572,1036.4337,1063.3801,1035.3102,1079.1572,1035.31,1035.552,1035.552,1035.3102,1035.3102,1035.3102,1035.3102,1063.3801,1079.1572,1035.3102
10097,879.58795,873.46155,873.6189,879.58765,879.5878,808.2495,808.2496,879.58765,873.5577,,808.2495,1271.0892,860.9569,1269.9614,869.61707,860.95685,873.5578,860.95685,879.5879,808.24976,808.24963,881.6591,870.7353,1017.8727,1271.0897,808.2495,856.2934,873.4616,808.2496,860.95703,808.24945,879.5877,856.2934,,808.24963,881.3408,808.24976,881.31494,856.2934,873.58673,,869.61707,860.957,860.9569,860.9569,879.58765,868.3653,873.46155,873.46155,856.2934
10098,777.88275,785.2937,785.3183,767.78735,767.78735,739.77814,779.01843,779.2413,777.88275,767.78735,742.58765,777.8827,767.78735,,785.2937,1375.4579,785.3388,777.88275,767.7874,739.77814,767.7873,778.2594,778.25946,767.78735,767.78735,767.7873,,783.96375,779.2413,739.8696,777.8827,767.78735,783.96375,767.7874,777.8826,785.2937,767.7873,784.5181,768.74603,739.8696,,785.2855,739.8696,914.4125,778.25946,777.8827,767.7873,785.3304,784.5181,781.2899
10099,905.15717,910.4614,893.8741,909.617,909.617,846.0751,,909.617,880.27893,846.07495,846.0849,1246.9211,846.0749,1245.8538,,917.0738,910.4614,905.15717,909.617,846.07495,,846.0749,846.075,914.6536,1246.9216,909.617,1171.1647,901.28485,846.075,846.075,846.075,902.3681,846.075,846.07513,902.3681,910.4614,846.075,910.4614,846.07495,909.617,846.075,902.3681,902.3681,846.075,905.15717,902.3681,846.07495,901.28485,910.4614,909.3383
10101,1089.1403,1046.9513,1046.9513,990.1881,1089.4534,990.1881,990.1881,990.1881,1089.1667,990.1881,990.1881,1578.7001,990.1881,1577.186,990.1881,990.1881,1046.9513,990.1881,990.1881,990.1881,990.1881,990.1881,1089.4532,1018.6526,990.1881,1085.8964,990.1881,1046.9513,990.1881,990.1881,1089.4532,1089.4532,990.1881,990.1881,1090.9437,1089.4532,990.1881,1089.4534,990.1881,990.1881,990.1881,990.1881,990.1881,990.1881,1085.8964,990.1881,990.1881,1046.9513,1046.9513,990.1882
10102,1042.2261,1042.2261,1042.2261,1035.151,1035.1511,1035.151,1035.151,1042.2261,1035.1509,1035.151,1035.1509,1382.0504,1035.151,1380.9753,1035.151,1035.151,1042.2261,1035.1509,1035.1509,1035.151,1035.1509,1035.1509,1087.2395,1035.1509,1382.0508,1042.2261,1042.2261,1042.2261,1035.1511,1035.1509,1035.1509,1035.1509,1035.151,1382.051,1035.151,1042.2261,1035.151,1042.2261,1035.151,1035.1509,1035.1509,1035.1509,1035.1509,1035.1509,1035.1511,1035.151,1035.151,1042.2261,1042.2261,1035.1509
10103,995.2599,990.7656,995.8116,994.9717,1004.1385,995.0722,995.67914,1005.9085,995.3946,996.1836,993.10834,996.05383,1004.13855,995.2597,1380.7559,1564.1455,995.8116,990.2688,995.0722,994.7835,996.34204,995.8116,993.1082,1005.9085,994.29803,1004.1386,995.0722,990.76556,996.162,988.59735,995.1289,993.10834,990.76556,1006.3029,992.2336,994.9717,1171.5975,1004.1386,1380.7559,994.29803,980.92224,995.0722,1171.5638,989.108,1022.9094,,993.10834,995.0722,1005.2722,990.76556
10104,1186.9518,1158.8141,1158.8141,1185.8618,1187.6865,1131.414,1131.4138,1150.0352,1131.4138,1131.4138,1131.414,1405.1213,1131.4138,1404.2198,1131.4373,1131.414,1190.8087,1131.4138,1187.6868,1131.414,1131.414,1150.1677,1131.414,1188.9613,1405.1218,1131.4138,1131.414,1158.8142,1405.1211,1131.414,1185.8618,1185.8618,1150.019,1405.1218,1187.544,1190.8086,1131.4138,1192.005,1150.1678,1190.8086,1131.414,1131.414,1131.414,1131.414,1150.1678,1185.8618,1131.414,1158.8141,1158.8145,1131.414
10106,957.9691,955.4806,960.495,956.85376,959.21625,956.8539,957.8275,957.0889,937.8167,956.85376,956.8539,1333.7107,956.8539,1332.5333,957.8275,957.9691,963.02856,956.85376,956.85376,937.81665,956.8049,955.3449,956.8049,959.21625,1333.7118,959.21625,957.8275,962.30396,959.2592,957.9691,937.81665,956.8539,962.28613,944.26154,956.85376,963.0811,956.8539,963.2227,956.85376,963.2227,955.3449,957.9691,956.85376,944.49054,957.9691,957.9691,957.9691,960.495,962.30383,956.8539
10107,900.8752,936.17896,927.6716,918.5183,918.51855,858.97644,915.05536,893.9252,893.9252,915.05536,915.05536,1371.0635,915.05536,1369.727,918.51855,915.05536,936.2105,915.05536,943.22363,893.94507,918.5187,916.33606,937.09283,858.9764,859.4994,883.35046,859.4994,927.6716,929.8401,893.9549,,859.4994,927.6716,893.95496,915.26355,937.09283,918.5183,937.0928,893.945,858.9764,893.95496,915.05536,915.05536,915.05536,918.5184,943.2631,916.336,936.17896,937.09283,915.05536
10109,980.8778,991.2667,974.7504,979.3713,979.3712,997.40765,908.054,979.3713,984.13916,908.0539,908.05396,1505.0935,975.22797,984.13916,979.3712,975.2871,974.7505,979.3713,979.3713,908.0539,979.3712,986.9715,997.40753,908.05396,979.3712,979.3713,909.06067,974.7504,979.3713,948.76385,,979.3713,974.7505,979.3713,979.3713,991.80054,975.22797,991.80054,909.0607,991.80054,908.0539,975.22797,975.22797,909.06067,975.2871,979.3713,975.2871,991.26666,974.7504,975.22797
10110,857.81226,859.3029,859.30286,855.7669,860.1117,797.40875,1395.2313,855.76685,830.4338,798.26306,797.40875,1394.9674,830.4338,857.81226,857.8176,830.4337,862.7571,857.8176,855.7669,797.40875,797.40875,857.8176,830.4338,851.23096,855.7669,858.8303,857.8176,858.0236,855.76685,830.4338,857.8176,855.76685,858.0237,851.2311,860.1117,859.3029,860.1117,860.7465,831.85376,797.40875,830.4337,798.26306,1095.9375,830.4337,798.26306,857.8176,830.4338,859.3029,860.7465,830.4337
10111,1080.5758,1079.6348,1067.2122,1079.9888,1079.9888,1044.156,1078.9236,1080.5208,1313.0548,1079.8224,1044.156,1313.936,1044.156,1313.0547,1078.9116,1078.9236,1067.2122,1313.0548,1079.9888,1044.156,1044.156,1078.9235,1076.7178,1079.8224,1313.9364,1044.156,1078.9114,1067.2122,1313.9363,1074.8002,1044.156,1044.156,1072.7314,1313.9364,1079.9888,1079.8812,1078.9114,1074.722,1078.976,1080.2572,1074.8002,1078.9116,1078.9115,1072.7314,1074.8002,1044.156,1078.9235,1067.2123,1079.8811,1044.156
10112,1269.2399,1231.8441,1231.8442,1268.3553,1268.502,1231.8442,1207.9548,1268.3553,1485.4946,1486.4183,1228.0726,1486.4178,1207.9547,1485.4948,1207.9547,1207.9547,1231.844,1485.4948,1268.4364,1207.9547,1207.9548,1207.9547,1264.848,1264.8479,1486.4185,1268.4364,1207.9547,1231.8442,1486.4178,1207.9548,1269.2166,1268.5089,1207.9547,1486.4185,1268.4365,1269.2166,1254.9272,1269.33,1207.9547,1207.9547,1231.8442,1265.4535,1207.9547,1207.9548,1207.9548,1207.9547,1231.8442,1231.8442,1231.8442,1207.9547
10113,1237.0278,1199.21,1237.0363,1236.8145,1198.7944,1198.916,1237.0359,1199.259,1236.8005,1237.0364,1193.0453,1237.0359,1237.036,1236.7542,1196.682,1237.0359,1197.9603,1236.8096,1198.7943,1193.0453,1199.0701,1236.7687,1236.7607,1235.6395,1237.0364,1237.036,1198.9799,1197.9602,1237.0359,1196.682,1199.0311,1236.7515,1196.6815,1237.0364,1236.8164,1237.0358,1237.0359,1237.036,1196.682,1237.0364,1237.0359,1236.8242,1199.0566,1198.7948,1196.682,1208.1042,1236.7512,1236.8907,1236.7683,1198.7946
10114,,1169.676,1587.2039,1170.9918,1105.5417,1104.2069,1158.85,1171.3324,1290.1941,1171.3324,1104.2069,1588.5885,1104.2069,1587.2039,1104.2023,1158.85,1176.2549,1104.2069,1104.2023,1104.2069,1104.2069,1158.85,1109.9708,1162.5859,1588.589,1162.5859,1158.85,1167.8917,1104.2069,1158.85,1158.85,1170.5468,1104.2069,1162.5859,1587.5544,1167.8918,1104.2069,1159.0458,1104.2069,1167.8917,1104.2069,1158.85,1158.85,1295.0422,1149.3115,1171.5306,1171.6876,1167.8918,1176.2549,1149.3113
10115,1036.0569,931.4373,968.6903,1043.6166,1036.0569,906.4999,906.4999,931.4373,1043.6167,906.5,906.5,1358.9786,906.4999,1357.9955,908.45013,906.4999,1036.057,906.4999,906.4999,1211.2988,1036.0569,906.4999,906.5,1038.652,1358.9796,906.4999,906.4999,931.9218,906.5,906.5,1038.6552,1044.0107,906.4999,906.4999,906.4999,1036.0569,906.5,1038.655,906.4999,906.4999,906.4999,906.5,906.4999,908.45013,906.4999,1043.6166,906.5,931.9218,931.4373,908.45013
10116,810.63025,810.6232,810.4779,809.82886,795.1312,795.1313,807.6428,809.82886,807.6428,797.19604,810.4778,797.23773,810.50165,807.896,807.6428,807.6428,810.6239,807.896,807.896,795.1312,810.4779,809.6094,807.9358,809.82886,1017.8552,810.4779,810.6144,810.6144,807.32214,807.6428,807.896,795.1312,810.6144,807.9358,807.9358,810.58673,795.13116,810.50165,807.6428,810.4778,807.6428,807.896,807.9358,951.43835,810.63336,807.3221,,810.6144,810.5964,797.23773
10117,741.9495,738.49915,738.49915,747.3634,746.5863,736.4342,737.2694,738.975,741.9495,736.54156,737.2694,736.4342,736.43414,737.2694,736.54156,737.2694,738.49915,737.2695,738.9749,740.66595,738.49915,736.4342,738.9749,738.49915,1202.9757,736.43414,736.43414,738.49915,736.5416,741.9495,738.49915,740.66595,737.2694,738.4991,738.49915,738.49915,737.2694,741.94946,736.4342,738.49915,736.4342,736.5417,736.43414,741.94946,738.4991,736.5416,738.49915,738.4991,738.49915,738.49915
10119,1183.9387,1179.1243,1170.6448,1179.0302,1184.1647,1150.5975,1166.5598,1183.9387,1372.6458,1373.2616,1150.4869,1373.2618,1180.5023,1372.4576,1166.5598,1168.035,1180.5894,1372.4572,1150.4869,1150.5978,1150.4869,1150.4869,1150.4869,1150.5978,1373.2621,1184.1648,1180.3792,1175.717,1373.2616,1179.1243,1184.2313,1150.5975,1373.2618,1373.2621,1166.5598,1184.2313,1179.1243,1184.2313,1168.035,1184.2313,1168.035,1178.4845,1166.5599,1179.0303,1168.035,1183.9387,1150.5975,1180.5892,1179.1243,1179.1243
10120,737.0128,738.57007,736.60223,673.1118,737.84357,673.11176,734.70496,673.11176,672.6754,673.7137,736.60223,734.9946,719.979,720.07025,734.70496,724.70557,736.60223,720.07025,673.123,735.6179,672.67535,739.5095,720.07025,739.33374,734.9946,673.17883,724.70557,738.57007,719.979,673.1118,672.67535,719.979,672.67535,719.97906,672.67535,736.60223,719.97906,736.60223,738.5986,889.12524,724.70557,736.60223,863.97363,673.50757,739.13776,720.07025,737.0128,738.5985,739.5095,672.67535
10121,1081.2526,1050.7067,1050.7067,1079.2969,1079.2969,1026.0833,1026.0833,1079.2969,1027.3577,1027.3577,1026.0833,1331.5146,1026.0831,1330.5867,1026.0831,1026.0831,1080.5098,1026.0833,1079.2969,1026.0833,1026.0831,1026.0831,1026.0833,1079.2969,1331.5143,1026.0831,1026.0833,1050.7067,1330.5873,1026.0833,1032.5259,1079.2969,1026.0833,1080.5098,1079.3269,1050.7067,1026.0831,1080.5098,1026.0833,1026.0833,1026.0833,1026.0831,1027.3577,1026.0831,1026.0833,1026.0831,1027.3577,1050.7067,1050.7067,1075.001
10125,1180.5345,1071.2948,1071.2948,1180.5344,1180.5345,1061.1014,1071.2948,1180.5345,1368.0695,1061.1014,1061.1014,1368.867,1144.7612,1368.0698,1062.6758,1061.1014,1180.5345,1061.1014,1180.5345,1061.1014,1061.1014,1061.1014,1180.5345,1180.5345,1368.8678,1180.5345,1061.1014,1368.196,1204.9656,1140.6167,1180.5345,,1061.1014,1368.8671,1061.1014,1180.5345,2727.1199,1180.5345,1071.2948,1061.1014,1061.1014,1071.295,1163.3053,1061.1014,1061.1014,1186.7462,1061.1014,1071.2947,1071.2948,1071.2948
10126,744.313,744.3064,746.2706,743.3165,738.61523,738.61523,743.3165,930.172,738.6153,738.61523,738.61523,744.313,738.6153,738.6153,738.61523,738.61523,744.3064,743.3165,739.906,739.1323,785.15784,739.1323,889.6173,785.15784,744.313,739.1323,738.61523,744.3064,739.1323,746.3257,743.3165,,743.3164,739.1323,743.3166,744.3064,739.1323,744.3064,745.015,738.71094,738.71094,744.3064,743.1032,948.563,930.1719,744.48645,744.3064,744.3064,744.3064,743.3166
10128,946.4059,969.5426,949.1092,953.411,952.18787,946.40576,946.85394,949.10925,1345.149,1345.7964,946.40576,1345.7964,946.40576,1344.9802,953.7406,946.40576,952.18787,946.40576,946.40576,946.40576,949.1055,946.40576,1229.7378,952.18787,1345.7974,950.08746,946.40576,953.3532,946.854,952.18787,946.40576,969.5004,949.1055,1345.7964,946.40576,1344.5487,949.1092,949.1092,949.1092,966.54596,949.78766,946.85394,946.40576,946.85394,946.40576,950.08746,950.00714,952.18787,952.18787,946.40576
10130,1262.3744,1211.9854,1211.9855,1262.3744,1262.3744,1192.6333,1192.6333,1247.0283,1192.6333,1451.2634,1192.6333,1451.2634,1192.6333,1450.4397,1192.6333,1192.6333,1262.4412,1192.6333,1262.3744,1192.9924,1211.9855,1212.42,1192.6333,1262.489,1451.2638,1192.6333,1192.6333,1211.9854,1451.264,1211.9855,1262.4412,1262.4412,1211.9855,1451.2639,1192.6333,1211.9855,1192.6333,1262.441,1192.6333,1262.4412,1192.6333,1192.6333,1192.6333,1192.6333,1192.6333,1262.3744,1192.6333,1211.9854,1211.9854,1192.6333
10134,1449.956,1422.231,1450.167,1449.9563,1429.4257,1450.1664,1450.1664,1429.4573,1449.905,1450.1669,1417.8844,1450.1665,1450.1667,1449.9047,1417.8656,1450.1665,1422.2308,1449.946,1417.652,1417.8844,1417.5497,1449.9048,1449.9048,1417.8844,1450.1669,1450.1665,1429.6165,1421.5732,1450.1665,1417.8844,1417.5497,1449.9047,1450.0106,1450.1669,1449.9229,1450.1583,1450.1665,1450.1663,1417.8845,1450.1669,1450.1665,1450.0098,1429.4257,1429.4773,1417.8844,1449.8995,1449.9944,1449.9565,1449.9515,1450.1472
10135,1197.9578,1205.597,1172.9442,1190.2633,1205.9625,1135.7268,1210.8107,1197.1243,1197.1241,1134.0461,1134.0461,1465.5446,1201.8687,1464.569,1204.5154,1210.8107,1197.9106,1135.7267,1198.0017,1134.0461,1197.9707,1198.5011,1190.2633,1197.124,1465.5453,1197.1241,1202.1868,1198.5011,1204.5153,1198.5011,1197.1243,1196.3164,1134.0461,1134.0461,1201.8687,1198.2,1202.1868,1197.3708,1198.5004,1202.877,1198.5004,1208.9265,1172.9442,1134.0461,1205.3795,1198.0017,1205.3795,1205.597,1172.9441,1134.0461
10137,789.8226,839.1074,839.1074,788.96094,788.961,,788.96106,788.9609,,932.7946,788.961,788.961,1100.5193,,788.9609,1116.7775,928.1243,,,937.19,933.4313,788.9609,788.96106,916.0216,788.961,788.9609,1666.5511,839.1073,,1452.2811,839.1073,788.961,788.961,933.5896,788.96094,839.1073,1453.4578,928.1243,788.9609,1453.458,789.8225,1814.2206,825.43134,788.9609,788.961,790.7698,788.961,1452.8002,839.1073,1666.5511
10139,1195.1202,1199.4645,1198.7961,1197.9382,1197.9382,1186.9467,1195.1204,1198.5116,1198.5117,1198.7273,1199.6742,1454.5585,1199.8163,1453.6134,1186.9469,1195.1202,1200.3992,1453.819,1197.9382,1174.029,1197.9382,1198.9598,1197.9382,1205.3542,1454.5594,1197.9382,1195.1202,1198.4489,1454.5592,1197.8403,1198.5685,1213.3036,1189.7983,1197.9382,1198.7274,1199.4645,1198.7273,1199.4645,1186.9469,1197.9382,1186.7605,1187.028,1197.9382,1199.8164,1196.4058,1197.9382,1186.8584,1199.4646,1199.3608,1200.3254
10140,1135.9448,1135.9447,1114.2684,1090.4712,1090.4712,1090.4712,1090.4712,1135.9448,1135.9447,1090.4712,1090.4712,1516.0802,1090.4712,1514.8708,1092.4495,1090.4712,1114.2684,1092.4495,1114.2684,1090.4712,1090.4712,1129.3003,1090.4712,1135.9448,1516.0804,1092.4495,1090.4712,1135.9448,1090.4712,1135.9447,1114.2684,1090.4712,1129.3003,1135.9448,1090.4712,1135.9448,1129.3004,1114.2684,1129.3003,1467.4954,1129.3003,1092.4495,1090.4712,1129.3004,1090.4712,1192.1515,1129.3003,1135.9447,1114.2684,1090.4712
10141,943.0137,988.78906,988.7891,998.94977,980.73096,942.3842,980.73096,998.9498,980.73096,943.0137,942.38434,1455.6559,942.3843,1454.3258,942.3842,942.38434,1005.1858,998.94977,998.9694,942.3843,996.0859,980.73096,995.8865,942.3842,998.9498,998.9498,943.0136,988.78906,998.9694,980.73096,1006.59424,998.9694,980.73096,943.0137,1004.566,1005.1858,942.3842,1005.18585,980.73096,1005.1858,980.73096,980.73096,1001.1028,980.73096,980.73096,995.8865,998.9498,988.78906,1002.99066,980.73096
10142,697.00494,692.0603,691.92456,696.46497,697.00494,691.4892,691.84607,881.88495,882.4807,691.4892,692.0603,691.4892,691.48926,696.6792,691.48926,691.92456,692.0603,696.46466,697.00494,691.43085,693.67444,696.83936,691.43085,692.0603,696.46497,692.0603,692.2181,691.9246,696.46466,691.846,691.92456,691.43085,692.0603,691.92456,691.48926,692.0603,691.846,692.0603,881.88495,691.92456,691.48926,691.4892,801.42993,693.236,941.71106,693.3354,691.92456,692.0603,696.6792,691.4892
10143,832.9795,842.6224,842.6224,886.55853,820.07983,820.07983,832.9795,886.55865,832.97955,820.07983,842.6224,820.07983,820.07983,820.07983,820.07983,820.07983,842.6224,820.07983,820.07983,820.07983,820.07983,977.9682,886.55853,886.55853,886.55853,820.07983,820.16187,842.6224,894.8133,820.07983,820.07983,886.55853,820.1619,886.5684,820.07983,842.6224,820.07983,842.6224,820.16187,820.07983,820.07983,820.07983,820.16187,820.07983,820.07983,886.55853,820.07983,842.6224,842.6224,820.07983
10145,1325.9855,922.4087,866.4062,866.08844,866.4061,866.0884,869.0291,866.40594,866.0884,876.4966,868.73535,,866.40607,866.406,866.08844,876.3993,866.4061,866.0884,869.8641,866.40607,869.864,870.29065,866.557,870.8763,866.4062,866.406,866.557,1327.1184,869.8641,941.78076,866.08844,866.08844,941.78076,866.40607,866.557,869.0291,867.81573,,865.5411,874.67206,941.78076,866.0884,866.557,866.08844,895.597,869.8641,922.4087,865.5411,866.40607,869.864
10147,601.6534,613.9593,612.609,600.3502,600.0615,600.20935,600.3502,803.2705,607.98596,600.3503,,611.75476,600.3503,612.60895,614.1748,771.4303,1052.0396,600.6291,754.8917,,710.06305,793.0265,710.06305,614.0023,601.6503,600.3503,612.609,710.06305,600.3502,608.0137,613.9593,601.6504,600.3502,600.3502,600.3503,613.9593,658.92035,612.609,804.14954,1299.1609,607.98596,613.9593,601.6503,696.78125,658.92035,601.6504,612.609,614.00757,612.60895,600.3502
10148,1088.0493,1101.315,1099.879,1092.8524,1092.8524,1094.0875,1088.0493,1092.8524,1093.3121,1094.0874,1099.7107,1354.5851,1094.0874,1353.5778,1088.0493,1088.0493,1092.6464,1088.9606,1092.8524,1067.2083,1092.8524,1093.3121,1092.8524,1092.8524,1354.5852,1092.8524,1090.8099,1099.7107,1353.7784,1088.0493,1093.9207,1092.8524,1088.0493,1354.5854,1093.9207,1101.8562,1093.9207,1100.3525,1088.0493,1100.3525,1088.0493,1093.9207,1093.9207,1093.9207,1093.9207,1091.8518,1095.1962,1099.8789,1100.3525,1093.9207
10149,1063.4211,1069.3535,1069.2031,1062.8428,1062.8428,1062.8428,1063.1348,1088.8818,1066.9371,1062.7202,1063.1348,1364.473,1063.1348,1363.4652,1363.6957,1062.8428,1069.2031,1062.7202,1062.7202,1062.8428,1063.1348,1063.1348,1062.7201,1062.8428,1364.4735,1062.8428,1062.8427,1069.2031,1062.7203,1062.8428,1363.7493,1065.5381,1062.8427,1062.8428,1063.1348,1069.2031,1062.8428,1069.3536,1069.3536,1363.7502,1062.7202,1062.7206,1065.551,1062.8428,1063.1346,1363.7502,1062.8428,1069.2031,1069.3535,1062.8428
10150,,1000.7545,1014.70337,1079.8982,1082.4265,963.4278,993.8625,1079.8982,963.4278,994.1188,963.42773,1422.6978,994.1188,1421.5015,994.1188,993.8625,1086.5537,963.42773,1079.8982,993.8625,1082.4265,963.4278,1079.8982,994.1188,1422.6982,1082.4265,993.8625,1014.70337,963.42773,994.1188,1079.8982,993.8625,993.8625,1082.4264,963.4278,1086.5537,993.8624,1086.5537,993.8624,1014.70337,993.8625,963.42773,963.42773,993.8625,963.4278,1079.8982,1080.0051,1000.75464,1014.70337,963.42773
10151,924.6534,954.9453,936.88666,954.9453,955.1005,924.65356,1432.321,954.9453,924.65356,955.1004,955.1005,1433.6833,954.9453,1432.321,924.65375,924.65344,954.9453,954.9454,955.1005,936.88666,955.1005,956.71533,955.1005,924.6533,955.1005,955.1005,953.8144,954.31006,954.9453,924.65344,954.9453,955.1005,924.6535,955.1005,955.1005,954.9453,955.1005,955.1005,924.6534,954.9453,924.65344,954.9454,954.9454,954.9453,954.9453,953.8144,954.9453,954.9453,954.9453,955.84973
10152,1062.5416,1025.4546,1025.4546,1063.161,1062.5416,1012.22595,1055.509,1063.161,1062.5416,1009.1583,1009.1583,1346.8948,1009.1582,1345.8508,1012.226,1056.5051,1025.4546,1009.1583,1063.161,1039.688,1039.688,1039.688,1046.5956,1062.5416,1346.8947,1063.161,1009.1583,1043.1294,1009.1583,1055.2925,1063.4681,1062.5416,1039.688,1063.4681,1012.59625,1063.4681,1039.688,1063.4681,1039.688,1009.15845,1039.688,1059.3833,1010.46375,1010.46375,1055.5092,1055.5089,1021.2147,1043.1293,1025.4546,1009.1583
10154,1325.267,1292.8198,1170.284,1143.2968,1323.9071,1143.2968,1143.2968,1170.2839,1143.2969,1143.2969,1143.2969,1636.9277,1143.2968,1635.8579,1143.2968,1143.2968,1323.4105,1143.2968,1325.267,1165.0214,1325.267,1143.2969,1323.9071,1269.971,1636.9277,1323.9071,1143.2969,1170.284,1143.2968,1278.3716,1269.971,1170.284,1143.2969,1636.9277,1143.2968,1323.4105,1143.2968,1323.9071,1143.2968,1143.2969,1143.2969,1143.2969,1143.2968,1143.2968,1143.2969,1325.267,1165.0135,1170.284,1170.284,1143.2969
10155,1092.5519,1077.9893,1094.4543,1094.4543,1094.4543,1071.0928,1094.4543,1092.5519,1071.0928,1092.5519,1092.5519,1449.0652,1094.4543,1447.953,1091.8854,1071.0928,1077.9893,1092.5519,1071.0928,1071.0928,1094.4543,1092.5518,1077.9893,1077.989,1449.0658,1077.9893,1092.5519,1094.4543,1110.7948,1094.4543,1077.9893,1071.0928,1092.5519,1094.4543,1077.9893,1077.9893,1092.5519,1094.4543,1092.5519,1094.4543,1092.5518,1071.1062,1092.5518,1077.9893,1092.5519,1077.9893,1077.9893,1094.4543,1077.9893,1071.0928
10156,846.11755,846.1179,853.67975,850.4933,851.82947,851.82947,852.1069,851.82947,847.9472,853.67975,847.94727,1202.9768,890.9834,851.8294,854.70465,854.7855,846.1176,853.6798,852.1119,890.901,849.7823,847.9472,846.3178,851.82947,852.112,851.8294,846.1176,852.1068,849.9555,847.94727,847.94727,853.6798,852.1069,847.94727,853.67975,847.94727,852.11194,851.82947,854.9826,851.8294,851.8967,846.1176,890.901,851.8967,856.2449,849.7825,846.1177,853.8276,846.1176,852.0824
10157,802.76044,802.6814,802.11786,776.57715,776.56525,799.5779,801.77484,802.36334,892.1872,799.5778,799.5779,776.56525,776.5652,799.5779,776.5652,799.5779,802.4344,801.4895,776.5652,778.8332,802.33466,802.4343,930.5787,799.5778,801.4894,802.33466,802.40173,798.48987,799.5779,776.56525,802.40173,802.33466,802.8168,799.5779,800.0958,802.40173,802.33466,802.40186,795.5776,802.36334,795.5776,801.77484,799.5778,969.56433,802.4343,776.56525,802.3057,802.6816,802.3347,799.57794
10158,810.8462,810.84625,801.736,801.7361,801.7361,798.7926,801.736,810.34705,798.7926,810.1196,798.7925,810.1195,810.34705,798.7926,809.03015,810.34705,804.3169,798.7926,801.736,801.736,801.736,810.1195,810.8462,801.736,810.8462,798.7925,798.7925,810.8462,798.7926,810.34705,798.7925,801.7361,810.347,810.3471,810.1195,801.7361,798.7926,810.8462,798.7926,810.8462,810.34705,798.7925,798.7926,810.1195,801.736,926.34564,798.79254,801.736,801.736,798.7926
10159,824.92413,826.9565,826.9565,826.9565,799.1801,799.0878,827.9949,806.4081,806.40814,806.4081,799.6362,823.9047,799.5548,806.4082,824.8673,827.9948,826.9565,823.62396,1458.4568,799.08777,799.6276,824.8673,799.0878,806.408,823.6239,806.45215,799.0878,828.9394,806.45215,799.5548,828.94995,806.45215,799.5548,806.4081,806.408,828.94995,806.4081,826.9565,826.4348,806.4081,826.4348,828.94995,799.0878,799.08777,,806.40814,827.9948,828.90857,826.9565,806.4522
10160,1071.5488,1092.3025,1395.2198,1087.1475,1088.0032,1032.2039,1082.3671,1087.1475,1090.9209,1032.2039,1032.2039,1396.3319,1032.2039,1395.2198,1081.7299,1082.3671,1094.7554,1032.7621,1088.0032,1032.2039,1032.2039,1082.3671,1085.6544,1088.0032,1396.332,1032.762,1032.2039,1066.2012,1032.7621,1087.7523,1082.3671,1088.0032,1071.4694,1035.1075,1032.204,1094.7554,1032.204,1066.2012,1082.3671,1092.3514,1071.5488,1080.9849,1032.762,1032.7621,1080.9849,1035.1075,1080.9849,1092.3025,1092.1453,1032.762
10162,807.6448,807.63794,808.836,786.34686,800.35175,786.34686,800.04407,786.34686,807.6448,800.0441,786.34674,807.37823,806.4092,800.0441,800.0441,804.4429,807.63794,800.0441,800.0441,786.3468,800.04407,808.9102,808.3438,800.0441,800.04407,800.04407,985.888,807.63794,800.0442,801.75476,800.04407,800.04407,807.63794,800.0441,800.04407,808.87195,800.04407,807.7898,786.4898,806.9803,800.04407,806.9803,806.4325,786.4898,985.88837,807.6448,800.04407,807.63794,807.7898,806.4326
10163,967.50507,991.24756,991.15466,967.50507,991.90515,967.50507,983.2701,967.50507,945.0104,967.8593,967.50507,1358.979,,1357.8042,983.01196,983.34845,1136.168,946.58057,991.90515,945.0103,945.01025,988.9988,953.1919,946.5806,1358.9794,946.5806,983.07336,991.15466,983.07336,983.0121,988.66235,991.90515,991.15466,987.2844,983.34845,994.7535,967.50507,994.75336,967.50507,983.34845,967.50507,983.34845,983.07324,983.0733,1055.7449,,988.9988,991.24756,994.75354,983.0735
10164,1029.8148,1070.8301,1041.9733,1041.9733,1029.815,1029.815,1070.5549,1070.83,1057.5251,1041.9733,1029.7606,1302.9502,1069.3761,1302.1151,1072.7578,1070.5549,1041.9733,1302.1146,1070.8301,1029.7605,1029.7604,1029.7604,1119.2162,1058.1831,1302.9507,1071.0251,1070.2076,1057.6755,1302.9502,1029.7605,1050.5233,1029.7604,1029.7606,1302.9507,1070.2076,1041.9733,1069.376,1057.6754,1302.1152,1041.9733,1029.7605,1070.5549,1070.2076,1029.7604,1070.5549,1071.0258,1029.8148,1070.8301,1041.9733,1070.2076
10165,1137.3618,1139.8256,1118.6024,1137.3617,1138.9495,1100.1405,1134.5677,1137.3618,1137.3617,1101.212,1136.2065,1387.544,1134.5677,1386.5697,1100.1405,1137.4425,1140.6119,1118.6023,1134.6628,1100.1405,1137.3618,1137.3618,1134.6628,1137.3618,1387.5443,1134.6628,1134.5681,1118.6023,1386.5704,1139.8256,1137.3617,1118.6023,1100.1405,1387.5443,1138.9495,1139.8257,1134.5677,1118.6023,1101.212,1134.6628,1132.106,1134.5679,1134.5695,1139.0387,1137.3617,1137.3617,1137.4425,1139.8256,1140.6119,1134.5679
10166,878.3946,875.015,885.3647,845.1263,878.3946,833.00604,833.00604,878.3946,878.3946,878.3946,865.21265,1235.9357,830.99274,1234.8174,830.9928,833.00604,875.0151,833.00604,878.3946,833.00604,865.4031,830.99274,865.21265,878.3947,1235.9352,865.4031,830.9928,884.384,878.3946,867.60443,884.956,878.49335,830.9928,865.21265,878.49335,884.956,878.3946,875.015,833.00604,884.956,833.00604,,833.00604,833.00604,878.3947,878.3946,830.9928,884.384,885.3646,830.9928
10168,965.7554,966.0728,964.1618,965.8608,1160.0483,956.5923,966.3099,956.91876,966.0774,956.5923,956.5924,,966.0728,965.7554,965.4853,965.984,964.16174,962.2444,966.0728,958.9541,965.7554,966.448,965.7554,1086.0034,966.0728,965.7554,967.27405,967.2739,965.7554,962.2443,965.8617,,967.2739,965.7554,966.3099,967.56195,966.194,966.0728,966.0728,966.194,962.2443,958.9541,1080.4344,966.3098,966.0774,965.485,962.2443,967.5377,966.0728,966.3099
10169,906.15247,982.5302,937.662,971.6355,906.15247,906.15247,972.71606,971.7019,973.392,906.1524,937.662,1304.0487,906.1524,1303.0403,906.1524,972.71606,937.9883,906.15247,973.392,906.1524,972.71594,908.6072,906.15234,906.15247,1304.0482,973.3921,906.15247,937.662,906.15247,906.1525,973.3921,973.3921,906.15247,,906.1524,983.61743,906.15247,982.5302,906.15247,906.15247,906.1525,973.3921,906.15247,906.1525,974.94403,973.3921,906.15247,937.662,983.61755,906.1524
10170,1317.6223,994.8576,994.85754,1324.7751,1317.6223,998.4693,998.986,1317.6239,1472.4941,1473.2352,998.4693,1473.2352,994.85767,1472.3252,995.24475,994.85693,1317.7812,992.45557,1011.1617,995.24475,1317.6223,1006.41455,1472.5182,1317.6224,1473.2366,994.85706,998.986,1006.9021,995.24475,998.98596,998.9859,1320.6913,992.45557,1473.2354,992.983,1471.8022,992.9831,1317.6238,992.983,995.24475,998.98615,1472.3253,998.9859,994.8571,998.46936,1320.6913,999.02405,998.9859,998.98596,992.4556
10171,1005.15765,1002.11194,999.861,1003.3714,1005.18207,1090.3976,1004.4158,1002.1388,1005.07117,1004.41583,1002.1387,1399.6268,1002.1388,1002.1119,1003.3816,1000.13165,1002.1387,1003.3714,1004.9585,1090.3976,1004.5352,1002.1388,1005.1295,1031.3085,1004.41583,1004.5351,1005.15765,999.86096,1004.98553,990.8601,1004.4158,1003.3714,999.861,1031.3085,1002.13873,1004.535,1002.1388,1002.7778,1002.1118,1002.77765,1002.11194,1004.4158,1002.7776,1003.3714,1067.0387,1005.18207,1067.0387,1003.7921,1002.7776,1067.0387
10172,1089.3629,1125.9178,1113.3201,1089.1788,1127.4457,1110.2336,1110.2336,1124.9108,1126.041,1110.2336,1125.9178,1398.5298,1124.9108,1397.5687,1126.697,1110.2445,1126.8113,1124.9108,1127.1322,1089.3628,1110.2445,1089.3387,1124.9108,1089.1976,1398.5288,1127.272,1089.1788,1109.7537,1398.5303,1110.2809,1125.7186,1127.7301,1089.1975,1398.5303,1113.3201,1127.272,,1121.8093,1097.0895,1126.8158,1089.3649,1110.2336,1127.272,1089.1788,1089.1976,1126.4813,,1119.1835,1141.4412,1089.3629
10173,1228.9691,1180.5632,1229.346,1228.976,1178.7751,1166.4622,1229.3458,1178.775,1229.0226,1229.346,1166.4623,1229.3458,1229.0809,1228.9513,1178.9614,1229.3458,1180.3903,1228.9996,1178.775,1178.775,1179.4849,1228.969,1179.4847,1179.4849,1229.346,1178.775,1179.4341,1181.6921,1229.346,1179.3257,1178.7751,1178.7753,1228.9692,1229.346,1228.9872,1228.9762,1228.9689,1229.3456,1228.9689,1229.346,1229.3458,1229.0032,1178.9578,1178.7751,1179.434,1178.9613,1178.9614,1180.3903,1180.3903,1178.9578
10174,857.59375,853.01526,853.0154,855.51154,857.6101,830.2465,846.87164,855.5116,848.38135,822.3204,830.2466,844.2753,822.3203,857.5938,822.3204,844.2752,855.73157,857.59375,855.51154,822.34283,855.51154,857.59375,855.51154,822.32043,855.51154,855.5116,844.27527,851.7158,857.6101,844.2753,847.8407,855.51154,822.3203,855.5116,857.6101,853.0153,822.34283,860.0894,843.74023,859.4948,822.34283,822.32043,822.32043,843.7403,822.3203,857.5938,843.7403,853.0154,853.0153,846.87164
10175,1175.8528,1179.2803,1179.2804,1175.8529,1179.2804,1175.8529,1176.1112,1179.2804,1181.8212,1175.8528,1179.2804,1557.8279,1175.8529,1556.765,1187.9011,1231.6884,1179.2804,1175.8529,1179.2804,1175.8529,1175.8529,1175.8529,1179.2804,1179.2804,1557.8281,1179.2803,1175.8529,1184.0605,1181.8212,1179.2804,1176.1113,1181.8212,1175.8529,1557.8274,1175.8528,1179.2803,1175.8529,1179.2804,1175.8529,1179.2804,1175.8529,1179.2804,1175.8529,1179.4735,1179.2804,1175.8528,1175.8529,1179.2803,1179.2804,1175.8529
10176,1374.9154,1276.153,1375.46,1274.5968,1274.5969,1257.5082,1375.4595,1274.5969,1374.9154,1375.4594,1264.8191,1375.4596,1375.46,1374.9159,1274.5969,1375.4596,1274.2778,1374.9156,1274.5969,1257.3174,1279.4326,1274.2683,1261.834,1279.5316,1375.46,1279.531,1274.5969,1274.4484,1375.46,1274.4484,1275.8516,1274.8059,1374.9159,1375.46,1276.5767,1374.9706,1276.5768,1276.153,1269.7073,1375.4597,1274.2683,1375.0295,1274.5969,1275.3055,1273.6202,1274.5969,1269.7072,1276.153,1274.2778,1276.5768
10177,927.21655,924.8915,924.8915,928.71466,928.7145,901.1847,918.4183,928.71466,927.94006,929.42267,930.1847,918.4183,930.1847,928.6397,918.4183,918.4183,930.931,923.25464,928.7145,901.1847,930.15967,932.0911,927.9398,930.2305,928.71466,927.9398,918.4183,924.8915,928.71454,921.16064,918.4183,930.2305,918.4183,927.94,930.1847,930.3192,930.19775,930.3192,917.9825,930.2305,918.4183,917.9824,922.0619,922.0619,930.75464,928.71466,918.4183,924.8915,930.3192,922.0619
10178,806.88434,887.5698,883.1788,,856.627,806.88434,856.7385,814.5499,856.7384,806.88434,891.22235,1338.105,,1336.822,856.73834,856.627,887.56976,856.627,806.88434,806.88434,814.5498,856.7385,,887.7658,,881.26953,806.88434,887.56976,806.88434,814.5498,881.26953,856.73834,887.5698,814.5498,806.88434,887.56976,806.88434,887.56976,806.88434,891.3322,806.88434,806.88434,,806.88434,884.879,884.8789,806.88434,887.5698,883.1788,806.88434
10179,646.3189,657.90283,657.8528,657.66187,653.841,645.20905,657.9028,653.394,646.3189,645.20905,645.20905,645.24036,657.9028,645.20905,786.68915,645.20905,653.3839,657.9286,645.20905,674.62854,645.20905,885.4438,653.3839,645.2091,646.3189,645.20905,796.5374,653.3941,645.2089,,657.90283,645.20905,657.96466,645.20905,657.9028,657.90283,653.384,657.9278,674.62854,644.5861,657.96466,657.9028,645.8809,644.5862,644.73914,657.6036,657.9028,657.9027,657.9028,657.90283
10180,993.24725,986.7331,986.733,957.9647,996.11444,957.9647,962.01025,958.2583,957.96466,996.11444,996.4599,1288.6687,957.9647,1287.6628,980.0403,979.9299,994.27576,957.9647,962.3506,957.9647,957.9647,979.93,957.9647,980.1886,1288.6688,957.9647,958.2583,991.759,957.9647,979.9299,996.4599,962.01025,957.9647,957.9647,996.1144,986.733,957.9647,996.4599,980.04034,957.9647,979.9299,988.12665,957.9647,957.9648,957.9647,979.9299,969.3904,998.4569,1000.01776,957.9647
10181,948.5915,958.3232,958.3232,963.04333,963.04333,918.5902,959.9373,963.04333,948.59155,918.5902,918.5901,1476.5283,958.3232,1475.038,959.9373,959.9373,970.41656,963.0432,963.04333,918.5902,960.56616,918.5901,918.5902,960.56616,963.0432,960.5663,959.9373,958.3232,963.0432,920.95483,918.5903,963.04333,918.59015,960.6491,920.95496,958.3232,963.0432,970.26324,918.59015,959.9373,918.5901,959.9373,959.9373,959.9373,921.0598,918.5901,,969.5369,970.41656,918.5901
10182,1075.5104,1091.5519,1087.817,1086.6584,1034.9136,1037.3541,1086.6584,1086.6584,1094.137,1037.3541,1037.3541,1423.7969,1075.5104,1422.7124,1086.6584,1086.6584,1087.817,1083.506,1086.6584,1037.3541,1044.8148,1086.6584,1034.9136,1093.7001,1423.7972,1034.9136,1037.3541,1087.817,1422.946,,1078.8488,1037.3541,1075.5105,1034.9136,1034.9136,1092.1819,1037.3541,1092.1819,,1092.182,1075.5105,1086.6584,1037.3541,1086.6584,1086.6584,1086.6584,1075.5105,1091.5519,1090.6833,1037.3541
10183,1144.1044,1144.1044,1144.1044,1254.3398,1144.2717,1144.1044,1144.2717,1144.1044,1441.6837,1442.4736,1441.7719,1442.4736,1144.1042,1441.6836,1150.0781,1146.2062,1144.1044,1144.2717,1144.1044,1144.1044,1150.0765,1144.1044,1144.1044,1144.1044,1442.474,1144.1045,1144.1044,1172.7622,1442.4751,1144.2716,1150.0765,1146.2063,1144.1044,1442.474,1144.1044,1441.453,1144.1044,1144.1044,1150.0765,1144.2717,1144.1044,1441.4524,1144.1044,1146.2062,1150.0765,1144.2717,1144.1044,1168.9495,1144.1044,1146.206
10184,1246.7361,1207.467,1246.9237,1246.6687,1207.6289,1217.6804,1246.9236,1207.6289,1246.6799,1246.9241,1207.629,1246.9236,1246.913,1246.6799,1206.9307,1246.9236,1228.6481,1246.6803,1207.6289,1207.4669,1206.9308,1246.6799,1246.6799,1207.4669,1246.924,1246.7299,1207.4669,1207.4669,1246.9241,1246.9236,1206.9308,1246.6233,1246.6292,1246.9237,1246.6245,1246.9236,1246.9236,1246.9237,1207.4668,1246.9237,1246.9236,1246.6234,1206.9307,1206.9308,1207.4669,1246.6287,1246.6799,1246.899,1246.9059,1246.6292
10185,1098.1351,1109.0012,1093.6295,1109.0012,1109.0011,1098.1351,1069.1564,1109.0011,1303.2695,1304.0488,1069.1564,1304.0492,1098.1353,1303.2699,1069.1564,1108.8528,1109.0011,1303.27,1108.8528,1101.5469,1112.7622,1108.8528,1112.7621,1101.5469,1304.0496,1112.7621,1108.8528,1101.5469,1304.0496,1098.1351,1109.0012,1112.7621,1098.1351,1304.0496,1109.0012,1109.0011,1098.1351,1109.0011,1098.1351,1109.0012,1098.135,1098.1351,1108.8527,1108.8527,1115.2166,1303.9324,1108.8527,1109.0011,1109.0011,1109.0012
10186,884.8378,924.88446,987.2023,971.2344,971.2344,884.58563,886.4125,971.2342,886.3092,886.30927,884.58563,885.803,884.63184,971.23413,886.3092,885.803,986.07983,886.30927,971.2342,885.8029,971.23413,987.7273,924.8844,1004.4556,885.803,971.2344,884.5858,924.88446,924.8844,886.4126,971.23425,971.2344,884.6318,971.2341,884.5858,980.3544,886.30927,980.3543,886.4032,971.2344,885.803,936.46625,886.30927,884.6318,1004.4557,971.2344,936.4663,924.88446,980.3544,886.41254
10190,1424.4828,1295.9222,1424.8971,1424.3197,1295.922,1295.9221,1424.8976,1295.9221,1424.478,1424.8976,1295.9221,1424.8976,1424.8689,1424.478,1303.7574,1424.8976,1295.9221,1424.4833,1295.9221,1295.9221,1295.9221,1295.9221,1366.1036,1298.2517,1424.898,1424.8973,1298.2517,1295.922,1424.8981,1295.9221,1295.9221,1311.4248,1424.3247,1424.898,1424.32,1424.32,1295.9221,1424.8975,1295.9541,1424.8978,1424.8972,1424.6206,1295.922,1303.7576,1295.9221,1298.2517,1295.9221,1295.9221,1295.9221,1295.9221
10191,823.76215,830.392,830.392,823.76215,824.58234,823.76215,823.7621,830.3921,823.76215,823.7621,823.762,1343.5887,823.7621,1342.5155,824.58234,823.7622,830.3921,823.7622,823.76215,824.58234,824.58234,823.7622,830.392,830.3921,1343.598,824.58234,823.7622,830.392,824.58234,830.3921,824.58234,823.7621,823.7622,826.6133,823.7621,830.392,823.76215,830.3921,824.81903,823.7621,823.762,824.58234,859.0111,823.7622,823.76227,824.8189,823.7622,830.3921,830.392,823.76215
10192,993.97296,999.0553,999.0596,992.06323,961.0894,961.08936,961.08936,999.0605,999.0605,999.0596,961.08936,1282.0765,961.08936,1281.2251,961.0894,961.08936,999.0605,1281.2251,999.0596,961.0894,992.06323,999.0605,992.06323,999.0596,1282.0768,961.08936,999.0553,999.0553,1282.0768,,999.0553,961.08936,1282.0765,992.06323,999.0553,999.0553,961.08936,999.0596,961.0894,999.0553,999.0553,961.08936,961.0894,961.08936,999.0605,997.5193,999.0605,999.0553,999.0605,961.08936
10195,1083.6469,1082.8794,1082.5978,1082.8746,1077.2006,1082.5978,1064.7449,1083.2323,1064.7448,1287.5703,1064.7449,1287.5704,1082.6864,1286.7382,1082.6511,1082.3898,1083.2009,1286.7382,1082.8794,1077.541,1065.3507,1082.3898,1064.7448,1077.2034,1287.5708,1077.2004,1082.3782,1082.3391,1287.5708,1082.3896,1082.8794,1082.9331,1286.7385,1287.5708,1082.8794,1082.8794,1082.8794,1082.8794,1078.9277,1082.8794,1082.3391,1064.7449,1082.8795,1082.3783,1082.8748,1083.2009,1083.2009,1082.8794,1083.201,1082.3782
10196,909.519,905.16614,896.95135,886.01874,908.6894,886.01886,900.3502,909.519,913.6164,886.01874,897.3436,1223.85,901.5798,1222.7871,900.3502,900.23804,911.5871,908.68933,908.6894,886.0188,908.68933,909.519,898.5941,909.519,1223.8503,908.68933,901.5593,905.1661,908.68933,900.3502,909.519,908.6894,902.59174,908.68933,908.68933,911.5871,886.0187,911.5871,914.7186,909.519,900.23804,900.3502,901.5594,902.5917,900.23804,909.519,900.23804,905.1661,905.16614,901.5593
10197,903.1143,898.04706,898.04706,904.54926,873.32404,873.32404,903.1144,873.3242,873.3241,873.3241,873.3241,1245.819,873.3241,1244.833,904.5493,903.1144,898.04706,873.3241,873.32404,873.3241,873.32404,873.3241,873.32404,873.3242,1245.8232,873.3241,904.7154,914.1016,873.3241,904.7154,904.5493,873.3241,904.71533,873.3241,873.32404,898.04706,904.7154,898.047,904.7154,898.0471,873.32404,873.3241,873.3241,873.3242,873.3241,904.5493,873.3241,914.1016,898.04706,873.3241
10198,1343.2856,1122.5236,1343.0474,1342.7174,1127.9391,1122.5236,1343.5834,1127.9257,1343.2697,1343.6003,1122.5236,1343.6003,1343.0469,1343.0469,1127.8129,1343.6002,1122.5234,1343.0474,1127.9803,1127.9829,1343.2218,1122.5233,1343.2219,1230.1929,1343.6013,1343.5957,1127.1914,1126.9341,1343.6003,1126.9342,1215.5736,1343.0344,1343.5854,1343.6006,1342.7179,1343.5897,1343.6001,1343.6006,1122.5236,1343.6003,1122.5233,1343.0469,1122.5234,1122.5234,1126.9066,1126.9341,1127.9744,1122.5236,1122.5234,1126.9341
10199,761.4861,767.52655,764.74023,759.66846,767.3842,,765.15283,943.77155,768.29987,759.66846,759.66846,767.4585,768.2864,761.4861,765.15283,764.3807,764.3807,767.4585,767.4601,759.66846,759.6685,768.2997,987.6451,759.66846,768.0096,767.52655,767.05756,764.3807,768.0095,761.4861,767.4585,767.8228,761.4861,759.6685,767.8228,764.3806,759.6685,768.0095,764.39044,767.4585,761.4861,768.0096,767.4585,955.635,943.77167,767.4585,765.15283,767.05756,768.0095,767.4585
10200,1012.84283,1048.2235,1048.8258,1012.84265,1012.84265,1012.8426,1012.8426,1062.49,1047.2219,1012.84265,1012.84265,1376.5575,1012.8425,1375.4552,1037.2546,1037.2546,1063.8976,1037.3588,1061.8822,1012.8424,1012.8425,1037.3589,1029.5352,1012.84235,1376.5579,1024.4751,1012.8428,1048.2235,1012.8425,1048.2236,1037.3588,1012.84247,1047.222,1012.84265,1012.8425,1048.2235,1012.8425,1063.9874,1037.3589,1061.8822,1037.3588,1037.3588,1037.3588,1037.3589,1037.3588,1062.49,1035.6359,1048.2235,1048.2235,1037.3588
10201,1097.6472,1095.2076,1072.8639,1097.4895,1033.011,1033.011,1077.544,1097.6472,1097.4896,1033.4661,1073.0352,1402.9237,1033.0111,1401.8273,1097.6472,1033.011,1072.8638,1097.6473,1033.011,1033.011,1033.4662,1077.544,1089.7347,1097.6472,1402.9241,1089.7346,1033.0111,1085.511,1402.1208,1077.544,1067.5754,1089.7347,1077.544,1089.7346,1033.011,1095.2078,1074.649,1072.8639,,1095.2076,1077.544,1033.011,1033.011,1033.011,1097.6472,1097.6472,1033.011,1094.801,1072.8638,1033.0111
10202,956.2387,957.6831,931.5,878.0123,913.13385,876.61206,874.0048,874.0048,957.0199,904.62213,913.13385,1360.0771,876.61206,1358.8031,874.0049,876.61206,931.4999,922.3765,922.3765,1359.1575,874.00476,876.61206,874.00476,874.0048,1360.0771,876.6121,913.13385,931.4999,874.00476,876.61206,876.6121,874.0048,913.13385,876.6121,876.61206,931.4998,913.0575,931.4999,874.00476,931.4999,874.0047,876.61206,876.6121,874.0048,913.13385,876.61206,955.13715,957.6831,931.4999,876.6121
10203,953.9055,955.301,955.30084,1068.4869,1064.705,953.9056,1006.3865,1064.7048,1061.8134,955.3011,953.90546,1422.6976,955.30096,1001.6166,1007.4959,953.90564,1066.3707,955.3008,1064.705,953.90564,1065.6888,955.3009,1060.3759,1060.376,1422.6974,1064.705,953.9055,955.301,953.9055,953.90546,1064.7048,1060.376,953.9057,1061.2457,953.9056,1064.7048,953.9055,1060.3759,953.90607,1066.0851,953.9055,953.90546,955.301,964.4892,1067.298,1068.676,953.90546,955.301,955.301,955.3011
10204,943.824,937.1788,903.00555,930.6814,889.08295,889.08295,930.6815,943.824,913.02637,889.08295,889.08295,913.0263,889.08295,889.0829,930.68146,929.83887,945.4974,913.02637,,889.0828,889.0829,930.42163,943.824,943.824,930.6814,889.08295,889.0829,903.00555,943.824,913.02637,930.68164,935.9673,913.02637,937.17883,889.0829,903.0055,889.0829,921.4017,913.02637,889.08295,913.02637,930.6815,889.08295,889.083,930.6814,943.824,930.6814,903.0055,945.4974,913.0263
10206,1346.896,1313.2445,1346.8966,1346.6697,1307.2048,1313.2445,1346.897,1312.3243,1346.6377,1346.8967,1313.2445,1346.897,1346.8971,1346.6376,1312.4559,1346.897,1316.134,1346.6376,1316.1299,1307.2048,1316.145,1346.6376,1346.6376,1316.1362,1346.897,1346.897,1312.456,1313.2443,1346.897,1346.6375,1316.1166,1346.648,1346.6915,1346.897,1346.7415,1346.8967,1346.648,1346.8967,1307.2048,1346.897,1346.897,1346.7993,1307.2048,1313.207,1312.656,1346.6376,1346.648,1346.6699,1346.6376,1313.3477
10208,1096.9652,1109.8289,1109.8289,1096.8523,1096.9652,1096.8523,1096.8523,1096.8523,1358.3634,1358.9801,1096.8523,1358.9801,1096.8524,1358.1859,1096.9652,1096.8524,1109.8289,1096.9652,1096.8523,1096.8524,1096.8523,1096.8524,1096.8523,1096.8523,1358.9806,1096.8524,1096.8523,1109.8287,1358.9807,1096.8523,1096.8523,1096.8523,1096.8523,1358.9807,1096.8524,1358.182,1096.8523,1109.8289,1096.9652,1096.8524,1096.8523,1358.2094,1096.8523,1096.8523,1096.9652,1096.9652,1096.8524,1109.8289,1109.8291,1096.8523
10209,964.4361,974.82214,966.82666,962.75946,951.2915,902.32825,962.3462,962.75946,962.7595,902.32825,951.2915,1424.8948,951.2915,1423.5044,946.4815,946.48157,972.1917,964.43604,902.3579,902.32825,951.2916,946.04395,951.2915,900.90015,962.7595,962.75946,902.3579,972.1917,902.32825,972.1917,964.43616,962.75946,900.9001,951.2915,951.2915,974.8222,951.2915,973.692,946.0439,973.692,946.04395,900.9001,902.32825,902.35785,964.43616,964.4362,964.36414,974.82227,966.82666,
10210,1149.2354,1149.2354,1149.2354,1160.4789,1160.7106,1158.0663,1156.7938,1160.4788,1380.0547,1158.0663,1158.0662,1380.9512,1158.0663,1380.055,1156.7938,1156.7938,1160.4789,1380.0547,1149.2355,1149.2357,1160.1626,1156.7938,1160.417,1160.4788,1380.9515,1160.7107,1160.008,1156.7938,1380.9515,1156.794,1160.4789,1160.7107,1380.9507,1380.9515,1158.0663,1160.4788,1156.7938,1160.525,1156.794,1158.0662,1156.7938,1156.7938,1158.0662,1156.794,1160.4788,1160.7107,1149.2354,1160.008,1160.7106,1158.0663
10211,1337.3723,1153.0276,1155.0624,1153.8872,1153.8871,1155.0623,1155.05,1154.8724,1153.655,1153.8872,1148.4335,1376.5576,1155.6444,1375.7017,1155.0502,1155.3445,1153.0276,1375.7017,1153.887,1156.2762,1153.8779,1155.2711,1154.5599,1153.887,1376.5573,1153.887,1153.0276,1155.3445,1376.5571,1155.2711,1153.887,1153.8779,1375.702,1376.5579,1153.887,1154.0646,1153.887,1153.887,1155.3407,1153.8871,1155.3193,1155.2781,1153.0276,1153.0276,1155.6444,1153.0277,1155.2644,1153.0277,1153.0276,1153.0276
10212,1204.5516,1217.1589,1175.1803,1209.1495,1213.8704,1129.3073,1217.8447,1211.2715,1207.3352,1162.6711,1162.6711,1475.4324,1162.6711,1474.5038,1111.0336,1217.8447,1206.2588,1111.0337,1207.3352,1111.0337,1213.8704,1196.9274,1213.8704,1211.2715,1475.4321,1204.737,1196.078,1198.581,1162.6711,1208.1547,1211.2715,1209.1495,1111.0337,1475.4321,1216.8542,1211.2916,1196.9275,1211.2916,1197.5399,1111.0337,1196.9274,1217.661,1217.661,1171.7449,1217.536,1213.8704,1209.1495,1212.76,1217.1589,1217.536
10215,985.8711,992.9511,973.09174,1007.43176,985.8711,985.8712,995.3084,973.09174,985.8712,985.8712,985.8711,1244.7244,985.8711,1243.8204,995.9494,995.3083,992.9511,971.22455,985.8711,973.09174,985.87115,985.8712,992.9511,992.9511,1244.7242,992.9511,985.8712,973.0917,995.9494,973.0917,992.9511,985.8712,973.0917,985.8711,985.8712,973.0917,985.8712,985.8711,989.9996,985.8711,989.9995,992.9511,985.8712,985.8712,992.9511,992.951,992.9511,991.8845,973.0917,985.8711
10216,1164.1846,1151.134,1159.2023,1163.1608,1163.3003,1120.4631,1154.5079,1163.3003,1120.4633,1163.0541,1151.134,1512.7842,1162.037,1511.5798,1154.5079,1163.0922,1163.1608,1158.8855,1164.1847,1120.4631,1120.4631,1154.5079,1120.4631,1163.1608,1512.7848,1163.1608,1163.0922,1159.2024,1511.5808,1159.2021,1163.1608,1163.1608,1158.8855,1151.134,1163.1608,1163.1608,1163.1608,1163.1608,1121.5793,1163.1608,1159.2024,1120.4631,1154.5079,1162.037,1164.1847,1164.1847,1163.7008,1163.7009,1163.1608,1163.1382
10217,1156.8693,1118.1552,989.2467,1156.859,1155.7709,984.53217,1018.5521,1155.7709,1398.8231,984.53217,984.5224,1399.628,984.52234,1398.7211,988.0477,1166.2179,1155.7708,984.52246,1156.8569,984.52246,989.25214,989.25214,984.5224,1155.7709,1399.6283,1155.7709,984.53217,989.25214,987.8373,984.52246,1118.1552,1156.8606,984.52246,1399.6283,984.5224,989.24677,988.0477,1155.7708,984.5225,989.24677,984.52246,987.83734,989.25214,984.52246,988.0477,1056.133,1118.3286,989.24677,989.25214,1166.1218
10218,1090.3763,1093.2511,1067.5746,1088.6884,1088.6882,1190.0779,1090.7314,1067.5746,1088.6882,1033.169,1033.6044,1376.5566,1033.1688,1375.588,1033.169,1375.588,1092.3807,1095.2001,1095.2001,1342.6035,1054.7258,1095.9589,1033.6044,1088.688,1376.5571,1033.169,1033.169,1067.5746,1376.5571,,1067.5746,1033.169,1033.169,1042.9805,1093.7172,1080.7992,2682.0715,1080.7992,1075.9067,1375.5883,1075.9067,1090.7314,1033.169,1033.6044,1090.7314,1033.169,1088.6882,1093.2512,1067.5746,1033.1688
10219,1058.8279,1069.2789,1067.823,1070.3939,1063.2352,1058.8279,1063.0515,1070.3728,1312.9696,1063.2861,1058.8279,1313.9365,1063.2352,1312.9696,1063.0515,1063.0515,1071.691,1312.9696,1070.3939,1058.8279,1063.8304,1058.5996,1064.1289,1069.1948,1313.937,1070.908,1063.0515,1069.2789,1312.9698,1063.2863,1070.3939,1070.9081,1063.0277,1313.937,1063.0514,1069.2789,1063.0515,1069.2789,1063.2863,1069.4015,1063.2861,1063.0515,1063.0514,1063.0514,1063.0515,1063.0515,1063.0515,1069.2789,1069.4015,1063.0514
10220,945.14355,967.4834,967.48334,945.0841,945.08606,945.0841,945.0841,979.05896,967.48334,945.1436,945.084,1253.5132,967.48334,1252.5553,945.1435,945.14355,1007.6132,945.14355,945.14355,945.0841,945.0841,967.4834,979.0591,979.0591,1253.5137,979.0591,945.14355,967.4834,945.0841,967.4834,967.48334,967.4834,945.1435,979.0591,945.1435,967.4834,945.08405,967.48334,945.0841,945.14355,945.0841,945.14355,945.0841,945.084,945.084,945.14355,945.0841,979.0591,967.48334,945.08405
