participant_id,start_0,start_1,start_2,start_3,start_4,start_5,start_6,start_7,start_8,start_9,start_10,start_11,start_12,start_13,start_14,start_15,start_16,start_17,start_18,start_19,start_20,start_21,start_22,start_23,start_24,start_25,start_26,start_27,start_28,start_29,start_30,start_31,start_32,start_33,start_34,start_35,start_36,start_37,start_38,start_39,start_40,start_41,start_42,start_43,start_44,start_45,start_46,start_47,start_48,start_49
10000,706.754,708.26404,700.0215,724.7683,1084.4066,706.754,699.9638,708.7462,699.96375,716.10736,708.7461,788.19946,699.9638,700.0215,699.9638,724.83997,1084.4066,755.8951,785.79675,724.84,708.7461,1084.4244,708.7461,785.6922,708.74615,708.7461,708.74615,708.26404,708.74603,708.7462,708.7462,750.6667,722.481,716.1073,718.66833,812.99084,785.7969,716.1073,708.74603,708.7461,728.90283,716.1073,706.7541,757.92755,708.7462,750.4776,716.5653,716.5653,722.481,724.83997
9187,845.6163,832.5381,822.08496,809.3887,1086.7389,809.3887,809.3887,846.5202,809.6031,814.66284,814.66284,844.88586,1086.7195,846.1992,846.6202,819.10925,1086.7438,846.18805,827.25726,813.54456,,1086.7542,814.6629,822.08496,814.6626,1087.5923,,815.49164,828.50867,822.937,813.5416,809.3887,819.1092,809.6032,809.3886,885.2084,848.5031,1086.7438,810.634,846.5025,815.354,822.085,810.6339,1086.7195,814.6628,814.6627,846.14526,885.2084,827.25726,815.3541
10002,945.5747,449.49136,457.0342,449.56253,449.1909,449.19086,,460.59476,449.1909,449.1908,,452.6835,461.3331,455.3507,450.588,1083.0648,449.19086,473.23987,460.59476,460.59476,457.0342,460.58945,457.0342,460.59476,450.58804,,452.30276,454.99915,449.19073,449.1909,449.19092,460.59476,452.30276,449.19083,1081.746,485.39145,450.5237,461.72647,449.1909,449.1908,460.58945,449.19095,457.0342,454.58765,449.1908,449.19083,473.05676,485.39145,449.19083,449.19095
10003,596.0027,596.0026,602.7076,719.367,1067.8091,,604.37134,705.84283,596.0026,1067.8103,645.3526,598.30206,651.8707,646.14075,703.72565,599.7747,719.38153,646.58484,703.7327,705.8428,606.97473,596.0026,,625.9804,649.45123,596.0026,596.0025,643.7632,646.14056,600.24133,598.30206,607.683,599.7747,1068.7426,662.23694,719.367,596.0026,643.76306,596.1083,596.0026,596.0049,596.0027,1069.2103,596.00494,596.0026,596.0026,596.0026,717.58264,643.7632,607.53094
10004,369.3506,369.6288,,384.37735,369.5383,,373.56628,373.56635,370.55545,369.62878,372.27536,369.25616,370.54376,390.66284,384.37735,390.67383,384.37735,369.53827,398.3147,384.37744,1086.0808,370.55542,415.34137,373.56628,372.27536,370.94165,373.56628,369.6288,392.4161,369.53824,373.5664,369.5382,371.72076,369.5383,382.08658,372.24268,369.5382,369.6288,410.26016,369.5383,370.78555,369.25616,398.31467,373.56628,384.37668,371.9387,392.41617,369.6288,369.5382,370.54376
10005,417.1866,,421.4536,432.86536,393.13446,393.13007,412.73917,393.1301,393.1301,407.8731,441.72614,1080.6283,458.7651,398.02502,441.82562,402.8724,407.8731,413.70023,393.13452,407.8731,,393.1345,407.87305,393.78445,444.1751,407.87308,407.87314,407.87314,393.1345,407.87308,399.01233,421.4536,,393.13452,393.1345,461.18814,442.35,431.69315,393.13013,409.2739,424.19415,420.0346,407.87305,407.87305,443.18976,393.13004,399.07898,409.2495,409.27396,420.03333
10006,361.66214,350.96048,,341.25385,388.38742,336.81696,346.63104,392.44916,336.81696,,346.43863,336.81696,346.43863,346.43863,372.65753,350.9605,394.21664,388.3104,346.63107,346.63098,377.0889,388.3104,346.43863,392.25507,377.77332,346.43866,392.29657,360.96344,384.08786,350.96048,373.7842,564.72845,350.9605,350.6888,373.0113,350.9605,370.2151,388.3104,346.43863,350.96057,371.11127,388.3104,362.06732,388.54984,377.29837,336.817,343.36386,388.31042,350.9606,388.38742
10007,799.7638,837.95416,,1083.7057,1083.6865,837.95404,798.2065,799.76373,798.2064,809.54987,1083.619,862.9507,1083.6357,,1083.6367,880.06714,1083.6864,,809.5358,799.76373,799.7638,1083.6646,959.18384,812.5171,798.2064,1083.7559,809.5358,837.954,798.2064,1083.619,837.9541,812.89996,856.94684,802.9958,875.28973,975.6797,1083.6395,1083.6865,799.7638,944.63824,1083.6864,890.57404,809.54987,1083.6356,807.996,,975.6797,1083.7046,809.5358,
10016,724.7561,414.0699,430.18582,405.08655,432.43307,388.28326,392.80682,388.28333,388.2833,388.28333,391.28128,388.28333,432.43347,,434.35788,392.80676,440.0502,432.43298,430.79523,392.80682,428.4245,432.46976,389.35773,,432.43298,439.0991,429.28415,410.261,402.21576,389.35776,389.3577,428.4245,388.2833,432.4326,432.43298,440.0502,432.4698,388.28333,389.78223,432.4331,432.43344,432.43307,388.2833,432.43298,442.91318,388.28333,429.28418,388.28333,390.71155,432.4326
10017,385.71262,385.71252,385.71262,384.3063,384.30652,384.30658,384.3063,384.39386,385.01627,384.30652,384.39386,384.30658,385.01627,442.0054,397.92804,410.18567,384.30652,410.62433,,443.6475,385.7126,384.3063,384.3063,384.30658,399.5854,405.61493,384.30658,428.6316,382.82614,384.3063,428.6316,428.6316,385.01627,384.3067,405.61493,384.3063,384.30658,384.30658,382.82614,384.30652,384.3067,384.3067,385.71265,384.30768,385.71164,411.29654,405.615,384.30658,384.3063,384.39386
10018,557.12317,575.401,564.5743,592.7289,551.9887,556.6048,551.9887,551.9887,551.9886,551.98865,557.1934,551.9886,551.98865,551.9887,615.50653,560.50635,556.6048,557.1934,551.9887,585.3315,551.9888,,560.5616,551.9887,551.98865,551.9888,590.41284,574.9067,551.9887,557.1934,551.98865,551.98865,573.0843,551.9886,551.9887,595.94916,,564.5743,551.98865,557.12317,650.54016,551.9887,557.19324,551.9887,551.98865,1393.8092,552.7207,597.63696,557.12317,551.98865
10024,306.7366,261.05148,312.12134,256.38632,256.33643,260.8803,257.40186,256.38632,256.33643,256.38632,260.8803,256.33643,305.76932,306.35983,256.38635,256.33643,256.38632,256.33643,263.13846,272.35254,258.63522,256.38632,281.99927,256.3364,263.13846,256.38632,260.8803,256.33643,256.33646,275.49396,260.88034,257.40186,260.88034,256.38635,256.33643,322.96652,256.38632,256.33643,314.73245,256.33643,256.38632,256.33643,273.31918,256.33643,256.33643,256.33646,256.38632,314.6035,261.05145,256.38632
10025,235.12314,250.31155,250.47833,302.45157,454.33173,250.31155,235.12311,253.45277,238.16757,235.12326,257.93158,243.9384,260.38992,252.35248,237.78532,243.93842,237.78532,,235.12317,238.16759,235.12315,265.49365,235.12312,243.9384,267.01706,259.97736,235.12312,250.47836,259.0356,248.30011,250.47835,235.12315,250.31158,235.12314,235.12317,302.4515,265.4935,265.4935,731.2836,264.47528,238.12158,267.84048,235.12315,235.12312,235.12321,238.1676,271.69772,250.31155,250.31152,250.31154
10027,289.23322,282.3478,284.5213,282.7545,282.3478,282.34778,287.7295,345.20822,282.3478,282.3478,287.9406,284.5213,282.34778,463.4849,307.24908,287.72946,345.20822,282.3478,307.16302,282.3478,294.26062,345.2073,293.9144,345.20734,282.7545,282.3478,287.9406,282.3478,287.94064,305.09717,282.34784,282.34778,282.3478,286.16882,345.20734,347.8207,284.5213,288.7413,282.3478,282.7545,345.2082,282.3478,295.4382,293.91443,307.24915,282.34784,282.34778,345.20822,282.3478,282.3478
10028,687.9853,698.8203,705.79865,767.6334,767.6349,698.8204,692.2019,705.3679,767.8843,767.6315,767.6315,706.8594,767.59985,687.9852,767.6004,686.58887,767.6315,767.63556,705.8285,710.2835,686.57587,767.6334,690.2991,767.6357,767.6315,767.894,767.6307,698.8203,689.0492,695.67554,,686.57587,698.82043,767.6315,767.6315,767.6334,767.6315,767.6357,686.58887,767.63,767.6315,687.98535,686.57587,767.6315,696.48004,767.63245,695.6755,767.6111,723.524,767.84814
10029,283.62445,276.62177,283.62445,274.46783,271.9279,273.36093,293.36453,273.65622,273.36093,274.46783,271.9279,273.65253,273.36093,274.80087,287.60162,277.36682,276.05118,273.3609,271.9279,273.90146,281.1571,273.49915,284.2192,281.973,274.83536,271.9279,281.15707,274.80084,273.65256,274.46786,292.9341,292.93414,273.36093,273.9015,274.83533,283.62445,283.62445,274.46786,292.9341,274.83533,,271.92792,274.80084,273.3609,274.80087,271.92792,277.36682,319.09512,271.9279,273.36093
10030,337.2713,232.13467,230.24371,221.82101,229.49115,227.45941,232.15741,221.82101,228.68007,230.24371,229.31166,230.2437,228.68005,224.13354,221.82098,,233.08586,228.69273,233.40878,232.16519,230.24373,221.82095,232.1347,221.82095,221.82095,229.60933,230.24373,232.13467,221.82095,229.49115,232.15747,337.27127,229.60936,232.15746,244.57251,228.68005,230.24373,233.08585,230.24376,228.68005,233.34344,224.13354,230.24379,229.49115,243.37746,221.82095,221.82095,229.60933,229.49112,221.82095
10031,364.078,379.06406,382.291,380.4644,364.078,367.74628,364.07806,370.67908,364.07803,364.1405,364.07803,364.07806,364.10464,364.078,382.62668,377.0987,379.0799,383.50742,382.60947,379.841,382.62607,364.18362,380.40247,380.30322,364.1047,364.078,379.84106,368.1438,370.08878,382.60886,364.078,364.07797,364.14053,364.07803,371.05157,406.8442,369.6885,401.7393,364.078,384.8478,382.62607,364.07803,382.6089,382.6261,382.6089,364.078,379.0641,,379.0799,366.87054
10035,313.82822,321.44962,321.44965,365.1951,365.3744,319.6436,319.64362,365.37436,313.82822,319.6436,313.82822,365.1951,377.81503,353.93796,315.5393,322.48016,365.1951,365.1951,377.81497,319.64355,377.81604,365.1951,319.6844,365.3744,378.09277,319.64362,319.68448,,313.8282,319.64355,313.82822,313.97107,370.389,365.77423,365.1951,377.81503,377.81497,319.64355,319.6436,313.82816,365.3498,365.37436,,313.82822,353.938,313.82822,365.1951,365.1951,377.81497,349.67856
10036,485.8368,509.52924,493.69226,515.2952,782.59485,493.9844,491.52298,565.27264,488.99643,517.1116,517.1207,485.8368,485.83682,517.7455,564.493,527.32745,782.5983,529.3088,497.93918,493.69226,485.83682,782.6053,485.8368,506.71588,782.59467,,493.69226,490.29306,493.69223,493.69223,485.8368,488.9965,509.52924,493.69223,493.69223,599.16016,485.83682,512.1932,485.83682,572.97516,565.2739,515.2953,488.99643,485.8368,485.8368,564.06494,,515.2953,509.5292,491.7119
10039,353.09027,367.97284,393.76328,393.76324,393.4864,356.35342,393.76328,393.4864,353.09018,388.4479,393.41763,386.05582,393.76328,381.0843,386.03088,367.974,393.76328,369.40662,393.4864,366.7259,353.40393,392.85138,356.17303,393.4864,386.0309,356.35345,353.09018,367.97394,386.01727,367.97284,393.7632,393.41763,367.97284,379.37125,392.51178,393.76328,393.76328,381.07968,356.3534,393.76324,388.9291,393.76328,368.6954,367.9728,386.01727,353.09024,387.0805,393.76328,367.97278,356.173
10041,626.33594,698.2902,638.60144,764.2176,764.2176,626.3359,626.33264,626.33594,764.1872,764.2038,764.1983,630.11237,764.1771,670.79724,764.17706,626.3326,764.2176,626.336,626.3326,667.1126,626.3326,764.2253,627.7646,678.8721,625.0664,764.45264,626.3326,631.0917,625.0664,764.18713,626.3326,673.79285,626.33264,626.33594,764.2176,699.2272,764.2176,764.2253,626.3326,667.105,764.2253,675.50507,626.33594,764.17706,626.3359,625.0664,678.9326,764.2253,626.33264,626.33264
10043,481.66425,486.68143,486.6815,545.7199,785.80817,481.77527,481.66418,545.7199,482.919,493.23828,545.7199,485.58902,506.9256,481.66412,498.02267,486.68143,502.97485,,540.4427,510.97202,481.66415,545.7199,484.08466,545.7199,,481.66418,481.66425,486.68152,481.6642,486.68143,486.68143,529.16187,486.68143,486.68143,545.7199,545.7199,527.4853,486.6815,481.66428,545.7199,530.6777,483.9237,493.23834,481.66418,483.9237,482.91904,487.14578,486.68143,486.68143,486.68146
10044,481.66425,486.68143,486.6815,545.7199,785.80817,481.77527,481.66418,545.7199,482.919,493.23828,545.7199,485.58902,506.9256,481.66412,498.02267,486.68143,502.97485,,540.4427,510.97202,481.66415,545.7199,484.08466,545.7199,,481.66418,481.66425,486.68152,481.6642,486.68143,486.68143,529.16187,486.68143,486.68143,545.7199,545.7199,527.4853,486.6815,481.66428,545.7199,530.6777,483.9237,493.23834,481.66418,483.9237,482.91904,487.14578,486.68143,486.68143,486.68146
10047,426.2184,423.03818,446.11954,465.9762,786.8699,423.0903,426.2184,503.66916,421.1404,426.21848,421.14047,421.14038,484.16165,426.21838,502.12823,531.34875,422.48267,421.14038,426.2184,422.54706,423.03815,,431.94092,422.54706,421.14035,426.2184,,422.48273,421.14038,445.2258,435.87387,426.2184,426.2184,426.4944,528.9254,530.08234,501.69156,443.9701,426.21838,426.21844,504.57556,437.5886,426.4944,502.10614,422.2132,421.1404,431.18262,431.94092,426.2184,421.1404
10048,507.83755,526.5381,465.11456,770.6113,770.72845,455.05203,525.36017,673.05676,415.14938,410.9515,770.70703,465.11456,770.49243,550.13586,401.31635,518.2008,770.70703,511.05215,401.31635,401.31635,401.31622,770.70703,417.26932,673.0567,424.9963,770.72705,432.38687,498.27728,417.66125,770.54535,673.05676,673.05676,455.05188,587.9292,673.05676,673.05676,770.70703,770.66205,447.46005,456.1998,673.05676,557.15826,411.1013,770.70703,410.961,401.51758,534.93555,770.7221,401.31628,401.31622
10050,786.8152,418.86285,510.24002,489.7363,786.8358,418.8628,415.6507,415.65067,414.25882,423.0595,438.17175,421.42734,415.65073,502.76352,417.4433,414.2588,439.28107,481.41925,414.25894,510.50787,415.6507,414.2589,415.65073,464.26553,420.89056,415.65073,415.65073,444.51294,423.06406,502.80902,415.65073,417.28156,440.8296,423.0595,414.25876,423.06406,414.64856,415.65073,415.65073,420.89047,414.25885,420.89056,415.65073,421.90033,425.75916,414.25885,414.25873,414.64853,452.8089,415.65073
10051,327.15326,348.76974,381.8174,326.81082,327.15326,777.9021,327.1533,344.89966,326.8108,327.4226,327.15323,327.5146,363.98273,327.15326,363.9827,327.15332,328.7597,327.15323,326.81076,327.15326,331.33777,351.99316,328.15918,326.81082,326.81082,327.15326,328.75974,326.81082,360.45682,328.75974,327.42258,327.15326,348.7697,329.01022,341.4724,384.53256,326.81082,332.45987,327.15323,327.03262,327.15323,326.8108,328.7597,327.15323,328.15918,326.81076,357.02298,384.53256,,
10052,472.25467,479.8099,482.29172,530.9604,778.1049,479.80988,479.94028,,465.17084,498.7564,530.9604,501.80026,498.7564,490.71252,465.17075,465.52386,530.9604,465.837,472.25476,482.2917,473.70615,465.21494,467.09143,465.17075,476.25977,465.50708,483.53116,479.9403,465.17075,479.94028,,465.17075,479.80988,473.3229,498.0468,530.9604,530.9604,479.80988,472.25467,469.3359,473.32288,465.17072,472.25467,479.80988,498.75638,465.17075,477.5057,473.32288,477.50574,465.5575
10055,353.98526,355.8011,443.92465,353.98557,358.93668,354.4911,354.4911,353.98526,353.89685,354.49112,354.49112,355.76956,358.22034,354.95297,357.05728,355.76962,368.68655,354.49112,357.04068,354.49106,354.51486,353.8969,,363.9799,358.2203,354.49112,358.22034,354.49112,363.26175,354.4911,354.49115,354.49112,354.49112,354.49112,355.18536,368.68655,357.56616,354.5149,354.49106,354.49112,358.2452,354.08087,363.2515,353.9853,358.22034,353.92184,358.34375,368.0774,358.22034,357.69803
