participant_id,alpha_pos,alpha_neg,phi,rho,capacity,kappa_total,kappa_share,epsilon,nll,aic,bic,aicc,pseudo_r2,grad_norm,n_trials,converged,n_successful_starts,n_near_best,at_bounds,parameterization_version
10000,0.011083295568823814,0.0010000000474974513,0.3828795850276947,0.43789106607437134,2.2555794715881348,0.6731818914413452,7.79573972785547e-15,0.10324057191610336,699.9637451171875,1415.927490234375,1455.092951816358,1416.074579100565,0.35512706677905526,6.965613465581555e-06,988,True,50,6,"['alpha_neg', 'kappa_share']","v4.0-K[2,6]-phiapprox-stickbreaking"
9187,0.01607944257557392,0.0010000000474974513,0.4901485741138458,0.14687809348106384,2.9999966621398926,0.4958312511444092,6.301616561898982e-09,0.16702108085155487,809.3886108398438,1634.7772216796875,1673.9588612247167,1634.924010670513,0.2558209462914852,0.523006796836853,990,False,48,7,"['alpha_neg', 'kappa_share']","v4.0-K[2,6]-phiapprox-stickbreaking"
10002,0.0875958725810051,0.0010000000474974513,0.4280926287174225,0.7172961235046387,3.0,1.0,0.8642551302909851,0.09789717942476273,449.19073486328125,914.3814697265625,953.5307205633836,914.5288596958562,0.5853235019169434,0.30738478899002075,986,False,47,18,"['alpha_neg', 'kappa_total']","v4.0-K[2,6]-phiapprox-stickbreaking"
10003,0.0076839253306388855,0.0010000000474974513,0.19738012552261353,0.188681498169899,2.046825885772705,0.6163378953933716,0.3358708918094635,0.00634380616247654,596.0025024414062,1208.0050048828125,1247.0480775403005,1208.1543824761734,0.44244105150059054,8.552648068871349e-05,973,True,48,15,"['alpha_pos', 'alpha_neg', 'epsilon']","v4.0-K[2,6]-phiapprox-stickbreaking"
10004,0.017268691211938858,0.0010000000474974513,0.06460284441709518,0.3870818018913269,2.643784999847412,1.0,1.0,0.09202522784471512,369.25616455078125,754.5123291015625,793.6939686465915,754.6591180923882,0.6604934892445502,6.788689006498316e-06,990,True,48,16,"['alpha_neg', 'kappa_total', 'kappa_share']","v4.0-K[2,6]-phiapprox-stickbreaking"
10005,0.007153294049203396,0.0010000000474974513,0.1245306208729744,0.27533653378486633,2.0776588916778564,1.0,0.12621977925300598,0.025334080681204796,393.1300354003906,802.2600708007812,841.401203930158,802.4076117843878,0.6367082442775303,7.887077117629815e-06,985,True,47,12,"['alpha_pos', 'alpha_neg', 'kappa_total']","v4.0-K[2,6]-phiapprox-stickbreaking"
10006,0.007943605072796345,0.0010000000474974513,0.10401241481304169,0.4242217540740967,2.0,1.0,0.3234395980834961,0.034152090549468994,336.81695556640625,689.6339111328125,728.7912714482803,689.7811503966162,0.6893779076498769,7.83488303568447e-06,987,True,48,4,"['alpha_pos', 'alpha_neg', 'capacity', 'kappa_total']","v4.0-K[2,6]-phiapprox-stickbreaking"
10007,0.007208503317087889,0.0010000000474974513,0.1782480627298355,0.028828736394643784,2.000000476837158,1.0,0.7117834091186523,0.0010000000474974513,798.2064208984375,1612.412841796875,1651.570202112343,1612.5600810606786,0.2638715347039823,6.954408308956772e-05,987,True,45,4,"['alpha_pos', 'alpha_neg', 'capacity', 'kappa_total', 'epsilon']","v4.0-K[2,6]-phiapprox-stickbreaking"
10016,0.009641725569963455,0.0010000012116506696,0.10779634118080139,0.17300668358802795,4.904979705810547,0.9999995231628418,0.712821364402771,0.04623084142804146,388.28326416015625,792.5665283203125,831.7238886357803,792.7137675841162,0.6419142268679994,6.1710879890597425e-06,987,True,48,10,"['alpha_pos', 'alpha_neg', 'kappa_total']","v4.0-K[2,6]-phiapprox-stickbreaking"
10017,0.9990000128746033,0.9990000128746033,0.17752395570278168,0.9334862232208252,6.0,1.0,1.0,0.11391444504261017,382.8261413574219,781.6522827148438,820.8015335516649,781.7996726841375,0.6465888733856835,3.429948037592112e-06,986,True,49,2,"['alpha_pos', 'alpha_neg', 'capacity', 'kappa_total', 'kappa_share']","v4.0-K[2,6]-phiapprox-stickbreaking"
10018,0.015494360588490963,0.0010000000474974513,0.21150945127010345,0.18944822251796722,2.0,0.4688957929611206,0.650111973285675,0.034334950149059296,551.9885864257812,1119.9771728515625,1159.1264236883835,1120.1245628208562,0.49042427584681103,0.0018889346392825246,986,False,48,24,"['alpha_neg', 'capacity']","v4.0-K[2,6]-phiapprox-stickbreaking"
10024,0.019647318869829178,0.0010000000474974513,0.16120252013206482,0.4009802043437958,2.0,1.0,0.9553964138031006,0.02238532528281212,256.3363952636719,528.6727905273438,565.2845470797296,528.8758934892619,0.6750314175750474,8.76810918271076e-06,718,True,50,27,"['alpha_neg', 'capacity', 'kappa_total']","v4.0-K[2,6]-phiapprox-stickbreaking"
10025,0.2275870442390442,0.0010000000474974513,0.6924962997436523,0.9082779884338379,5.000000476837158,1.0,0.24948589503765106,0.060352932661771774,235.12310791015625,486.2462158203125,518.453143610915,486.60177137586805,0.48304764273855305,0.7641657590866089,414,False,49,13,"['alpha_neg', 'kappa_total']","v4.0-K[2,6]-phiapprox-stickbreaking"
10027,0.024737026542425156,0.0010000000474974513,0.1331956833600998,0.2152864634990692,2.0,0.7518572807312012,0.45484405755996704,0.030020426958799362,282.3477783203125,580.695556640625,617.3073131930108,580.8986596025431,0.642055677746397,9.73190526565304e-06,718,True,50,22,"['alpha_neg', 'capacity']","v4.0-K[2,6]-phiapprox-stickbreaking"
10028,0.0469963438808918,0.0010000000474974513,0.88496994972229,0.8411540985107422,6.0,0.23309266567230225,0.06844495236873627,0.0882568508386612,686.5758666992188,1389.1517333984375,1425.548939336308,1389.3604290506114,0.10593950511452455,9.425771168025676e-06,699,True,49,5,"['alpha_neg', 'capacity']","v4.0-K[2,6]-phiapprox-stickbreaking"
10029,0.03829134255647659,0.0010000000474974513,0.20763134956359863,0.4570941925048828,2.0,-0.4208860397338867,1.0,0.05039456486701965,271.9278869628906,559.8557739257812,596.4897836218621,560.0583055713508,0.6562230145453172,8.159352546499576e-06,720,True,49,7,"['alpha_neg', 'capacity', 'kappa_share']","v4.0-K[2,6]-phiapprox-stickbreaking"
10030,0.015537831000983715,0.0010000000474974513,0.0010000000474974513,0.17453618347644806,2.0,1.0,1.0,0.028663452714681625,221.82095336914062,459.64190673828125,496.2313480739664,459.84558424888945,0.7180026074799521,6.652330739598256e-06,716,True,49,10,"['alpha_neg', 'phi', 'capacity', 'kappa_total', 'kappa_share']","v4.0-K[2,6]-phiapprox-stickbreaking"
10031,0.015618431381881237,0.0010000000474974513,0.12052899599075317,0.20795224606990814,2.2581188678741455,0.5366553068161011,0.1159842386841774,0.07646079361438751,364.0779724121094,744.1559448242188,780.7788356859871,744.3587617256272,0.5390847676769605,8.465767677989788e-06,719,True,49,19,['alpha_neg'],"v4.0-K[2,6]-phiapprox-stickbreaking"
10035,0.008177416399121284,0.0010000000474974513,0.14849191904067993,0.26201292872428894,2.0,0.6184533834457397,0.11731617897748947,0.0010000000474974513,313.8281555175781,643.6563110351562,680.2569177599532,643.8597008656648,0.6015917746554433,7.086420737323351e-06,717,True,48,9,"['alpha_pos', 'alpha_neg', 'capacity', 'epsilon']","v4.0-K[2,6]-phiapprox-stickbreaking"
10036,0.010922825895249844,0.0010000000474974513,0.3496699631214142,0.3604542016983032,2.0,0.5178670883178711,6.850245468526667e-14,0.04382548853754997,485.8367919921875,987.673583984375,1024.2294353476893,987.8781294389205,0.37976478848550865,7.2878669925557915e-06,713,True,48,10,"['alpha_pos', 'alpha_neg', 'capacity', 'kappa_share']","v4.0-K[2,6]-phiapprox-stickbreaking"
10039,0.008259452879428864,0.0010000000474974513,0.11426090449094772,0.15327675640583038,2.4012908935546875,0.7561044692993164,0.28894519805908203,0.018896305933594704,353.0901794433594,722.1803588867188,758.7137383251447,722.3854870918469,0.5479654966722157,5.3138296607357915e-06,711,True,50,5,"['alpha_pos', 'alpha_neg']","v4.0-K[2,6]-phiapprox-stickbreaking"
10041,0.009983312338590622,0.0010000000474974513,0.5092406868934631,0.30419018864631653,2.0,0.8481936454772949,0.6538152694702148,0.1527654528617859,625.06640625,1266.1328125,1302.4956097826753,1266.3424194868996,0.18252878992037858,8.661299034429248e-06,696,True,50,3,"['alpha_pos', 'alpha_neg', 'capacity']","v4.0-K[2,6]-phiapprox-stickbreaking"
10043,0.05212714523077011,0.0010000000474974513,0.573255717754364,0.871448278427124,5.000000476837158,0.9004217386245728,0.20530515909194946,0.08703069388866425,481.66412353515625,979.3282470703125,1015.9176884059976,979.5319245809208,0.3876681853344496,0.27272525429725647,716,False,48,10,['alpha_neg'],"v4.0-K[2,6]-phiapprox-stickbreaking"
10044,0.05212714523077011,0.0010000000474974513,0.573255717754364,0.871448278427124,5.000000476837158,0.9004217386245728,0.20530515909194946,0.08703069388866425,481.66412353515625,979.3282470703125,1015.9176884059976,979.5319245809208,0.3876681853344496,0.27272525429725647,716,False,48,10,['alpha_neg'],"v4.0-K[2,6]-phiapprox-stickbreaking"
10047,0.012305790558457375,0.0010000000474974513,0.3190061151981354,0.5285343527793884,2.0,0.7229758501052856,5.614893981580956e-36,0.05408639460802078,421.1403503417969,858.2807006835938,894.8813074083907,858.4840905141023,0.4653577868947385,9.9452372523956e-05,717,True,48,8,"['alpha_neg', 'capacity', 'kappa_share']","v4.0-K[2,6]-phiapprox-stickbreaking"
10048,0.13214834034442902,0.0010000000474974513,0.9892218708992004,0.8453385829925537,5.750809669494629,1.0,0.550875723361969,0.0010000000474974513,401.31622314453125,818.6324462890625,855.063913521269,818.8402384968547,0.4796385062850692,5.96262270846637e-06,702,True,50,7,"['alpha_neg', 'phi', 'kappa_total', 'epsilon']","v4.0-K[2,6]-phiapprox-stickbreaking"
10050,0.016963303089141846,0.0010000000474974513,0.4142841398715973,0.3272777497768402,2.999999761581421,0.566512942314148,1.3023456801875e-07,0.04276477172970772,414.25872802734375,844.5174560546875,881.1180627794845,844.720845885196,0.47409408058155267,0.09070874750614166,717,False,50,10,"['alpha_neg', 'kappa_share']","v4.0-K[2,6]-phiapprox-stickbreaking"
10051,0.012546172365546227,0.0010000000474974513,0.1891813427209854,0.33651846647262573,2.0,0.835385799407959,0.22908517718315125,0.04333117604255676,326.8107604980469,669.6215209960938,706.1323652083507,669.827235281808,0.5804288097474319,7.020260454737581e-06,709,True,48,26,"['alpha_neg', 'capacity']","v4.0-K[2,6]-phiapprox-stickbreaking"
10052,0.008874817751348019,0.0010000000474974513,0.27025431394577026,0.123937226831913,3.7831897735595703,0.8305063247680664,0.2393859326839447,0.014856169931590557,465.17071533203125,946.3414306640625,982.8522748763195,946.5471449497768,0.40279741583458284,9.66321022133343e-06,709,True,48,12,"['alpha_pos', 'alpha_neg']","v4.0-K[2,6]-phiapprox-stickbreaking"
10055,0.050307195633649826,0.0010000000474974513,0.20517833530902863,0.3297048509120941,2.5810909271240234,0.6614881753921509,0.6916593909263611,0.1308302879333496,353.8968505859375,723.793701171875,760.4165920336434,723.9965180732835,0.5519738587162488,9.36208562052343e-06,719,True,49,25,['alpha_neg'],"v4.0-K[2,6]-phiapprox-stickbreaking"
