participant_id,alpha_pos,alpha_neg,phi,rho,capacity,kappa_total,kappa_share,epsilon,nll,aic,bic,aicc,pseudo_r2,alpha_pos_hdi_low,alpha_pos_hdi_high,alpha_pos_sd,alpha_neg_hdi_low,alpha_neg_hdi_high,alpha_neg_sd,phi_hdi_low,phi_hdi_high,phi_sd,rho_hdi_low,rho_hdi_high,rho_sd,capacity_hdi_low,capacity_hdi_high,capacity_sd,kappa_total_hdi_low,kappa_total_hdi_high,kappa_total_sd,kappa_share_hdi_low,kappa_share_hdi_high,kappa_share_sd,epsilon_hdi_low,epsilon_hdi_high,epsilon_sd,max_rhat,min_ess_bulk,num_divergences,min_bfmi,per_chain_ess_bulk,n_trials,converged,at_bounds,parameterization_version,kappa_parameterization
9187,0.012429645285010338,5.466904622153379e-05,0.18693961203098297,0.3565455377101898,2.8670814037323,0.11439161747694016,0.09374261647462845,0.03837920352816582,,,,,,0.009390613995492458,0.015569890849292278,0.001624575350433588,2.8245463745690813e-09,0.00017883034888654947,6.842168659204617e-05,0.07235344499349594,0.2994655966758728,0.06324461102485657,0.19786939024925232,0.5054316520690918,0.07993712276220322,2.0205860137939453,3.6918158531188965,0.4556436836719513,0.07374181598424911,0.15253469347953796,0.019658811390399933,5.689803856512299e-06,0.22837716341018677,0.0689961388707161,0.0018208782421424985,0.0931721031665802,0.02764708735048771,1.0,7507.0,0,0.742304265499115,764;636;703;693,990,True,,"v4.0-K[2,6]-phiapprox-stickbreaking",convex
10000,0.013704916462302208,5.891635737498291e-05,0.33140429854393005,0.8629602193832397,2.5918946266174316,0.12447839230298996,0.0462062768638134,0.058226294815540314,,,,,,0.008863828144967556,0.019055409356951714,0.002685279818251729,5.562132004977016e-11,0.00019540013454388827,7.81651760917157e-05,0.24483290314674377,0.41708099842071533,0.04629223793745041,0.7325883507728577,0.9989601969718933,0.07358859479427338,2.0711114406585693,3.0941600799560547,0.283396452665329,0.08020326495170593,0.1712721586227417,0.02331615425646305,6.514878805319313e-07,0.12578323483467102,0.040159616619348526,0.008583739399909973,0.10923314094543457,0.027111005038022995,1.0,6662.0,0,0.742304265499115,764;636;703;693,988,True,,"v4.0-K[2,6]-phiapprox-stickbreaking",convex
10002,0.039552535861730576,6.268650031415746e-05,0.13580292463302612,0.9111821055412292,2.6821820735931396,0.12364080548286438,0.5112552046775818,0.04178609326481819,,,,,,0.025583641603589058,0.055415596812963486,0.007842584513127804,2.574713553471497e-09,0.0002075600204989314,0.00010250690684188157,0.05827093496918678,0.19851040840148926,0.036293886601924896,0.776525616645813,0.9999759793281555,0.06837150454521179,2.0014142990112305,3.6944727897644043,0.4830806851387024,0.08375334739685059,0.16343185305595398,0.01992335543036461,0.3039815127849579,0.7345978617668152,0.11169613152742386,0.01806419901549816,0.06704475730657578,0.012863191775977612,1.0,5870.0,0,0.742304265499115,764;636;703;693,986,True,,"v4.0-K[2,6]-phiapprox-stickbreaking",convex
10003,0.014571058563888073,5.928135215071961e-05,0.3231268525123596,0.9449584484100342,2.6847479343414307,0.12781846523284912,0.16095851361751556,0.01754847727715969,,,,,,0.01019990537315607,0.019328979775309563,0.002345431363210082,4.1706343933967105e-10,0.00019468532991595566,8.489524043397978e-05,0.2706192135810852,0.369024395942688,0.025259844958782196,0.8641736507415771,0.9997562766075134,0.041604653000831604,2.109149932861328,3.246898889541626,0.2912760078907013,0.08611840009689331,0.1747041642665863,0.022311655804514885,0.0038303695619106293,0.3278217315673828,0.0894099622964859,0.0013134833425283432,0.03744592145085335,0.01004224456846714,1.0,8848.0,0,0.742304265499115,764;636;703;693,973,True,,"v4.0-K[2,6]-phiapprox-stickbreaking",convex
10004,0.041310667991638184,6.42299055471085e-05,0.13245122134685516,0.9443358182907104,3.7453720569610596,0.09237002581357956,0.41018006205558777,0.05331088975071907,,,,,,0.020606329664587975,0.066261425614357,0.012079880572855473,5.449151685432696e-10,0.00021089865185786039,0.00010135921183973551,0.073984794318676,0.20078805088996887,0.03456640988588333,0.8633356690406799,0.9999998211860657,0.042299795895814896,2.763270378112793,4.7005205154418945,0.5135293006896973,0.051656000316143036,0.134036123752594,0.02211070992052555,0.147049218416214,0.678490161895752,0.13878153264522552,0.027930764481425285,0.0783863514661789,0.012990177609026432,1.0,3557.0,0,0.742304265499115,764;636;703;693,990,True,,"v4.0-K[2,6]-phiapprox-stickbreaking",convex
10005,0.02631647326052189,6.000468783895485e-05,0.20278210937976837,0.9509516954421997,3.216899871826172,0.14705510437488556,0.09211041033267975,0.02524193562567234,,,,,,0.015171698294579983,0.04066478833556175,0.006715283263474703,4.348141569021635e-10,0.0001942586386576295,8.422557584708557e-05,0.1368207037448883,0.2592770457267761,0.030830983072519302,0.8753327131271362,0.9999399185180664,0.038730815052986145,2.4441826343536377,4.018794059753418,0.40492838621139526,0.09216156601905823,0.2059912085533142,0.029944779351353645,0.0015537047293037176,0.19290930032730103,0.05356104299426079,0.0046466379426419735,0.04635824263095856,0.011016929522156715,1.0,4967.0,0,0.742304265499115,764;636;703;693,985,True,,"v4.0-K[2,6]-phiapprox-stickbreaking",convex
10006,0.038740403950214386,6.33540767012164e-05,0.16912783682346344,0.9351722598075867,3.555769443511963,0.10647603124380112,0.07791627198457718,0.03080821968615055,,,,,,0.02108369581401348,0.05728780850768089,0.009485345333814621,7.666089096858286e-09,0.00020257322466932237,0.00010700750135583803,0.1192483901977539,0.21682897210121155,0.025445494800806046,0.8503061532974243,0.9998016357421875,0.04432326927781105,2.5489299297332764,4.633208274841309,0.5500202178955078,0.0608823262155056,0.1525329053401947,0.023195842280983925,0.00015806881128810346,0.1791105568408966,0.054737191647291183,0.012594886124134064,0.050636038184165955,0.0097969314083457,1.0,5886.0,0,0.742304265499115,764;636;703;693,987,True,,"v4.0-K[2,6]-phiapprox-stickbreaking",convex
10016,0.02971828356385231,6.0215090343263e-05,0.19124390184879303,0.8716475367546082,4.592072486877441,0.11762779951095581,0.3426757752895355,0.02724301442503929,,,,,,0.015330146998167038,0.04493489861488342,0.007789077237248421,2.370751338298671e-11,0.00019895036530215293,8.482055272907019e-05,0.15658584237098694,0.2218686044216156,0.0167873315513134,0.767310380935669,0.9733348488807678,0.05400698632001877,3.5764410495758057,5.5431318283081055,0.50394207239151,0.07710183411836624,0.15883389115333557,0.020193373784422874,0.1494850218296051,0.5492276549339294,0.10261478275060654,0.008607077412307262,0.04771801084280014,0.010279295034706593,1.0,8172.0,0,0.742304265499115,764;636;703;693,987,True,,"v4.0-K[2,6]-phiapprox-stickbreaking",convex
10017,0.023537538945674896,6.425511674024165e-05,0.12787704169750214,0.9426701664924622,5.02266263961792,0.10276835411787033,0.38153770565986633,0.05666841194033623,,,,,,0.00555020896717906,0.050611115992069244,0.014070481061935425,5.88320503425166e-11,0.00020898641378153116,0.0001602254924364388,0.05948842689394951,0.1899501085281372,0.03367574140429497,0.8741358518600464,0.9999985694885254,0.037432972341775894,4.2731781005859375,5.822139739990234,0.4065283536911011,0.06245584040880203,0.1395488977432251,0.020110920071601868,0.15313059091567993,0.6044064164161682,0.11701463162899017,0.013869433663785458,0.0923658013343811,0.02030409500002861,1.0,4271.0,0,0.742304265499115,764;636;703;693,986,True,,"v4.0-K[2,6]-phiapprox-stickbreaking",convex
10018,0.02061624452471733,6.052009848644957e-05,0.25835204124450684,0.9099059104919434,2.3096933364868164,0.11019467562437057,0.2907143533229828,0.019869966432452202,,,,,,0.014855332672595978,0.02680959738790989,0.003123741364106536,9.708190917834258e-10,0.00019512353173922747,8.95008270163089e-05,0.20296227931976318,0.3173483610153198,0.0288890078663826,0.7779831886291504,0.9999338984489441,0.06796391308307648,2.0003480911254883,2.7042832374572754,0.21951787173748016,0.06616968661546707,0.14885663986206055,0.02059573121368885,0.08825093507766724,0.5095689296722412,0.10883747041225433,0.0024602378252893686,0.04206361994147301,0.011052429676055908,1.0,7355.0,0,0.742304265499115,764;636;703;693,986,True,,"v4.0-K[2,6]-phiapprox-stickbreaking",convex
10024,0.03374357521533966,6.352032505674288e-05,0.21342648565769196,0.9464515447616577,3.6343212127685547,0.1235356405377388,0.4191933572292328,0.013448032550513744,,,,,,0.01867963746190071,0.05226524919271469,0.00881652720272541,9.415918045263538e-11,0.00020209842477925122,0.00011185161565663293,0.17241990566253662,0.25533533096313477,0.020876914262771606,0.8612618446350098,0.9998783469200134,0.04387106001377106,2.5703935623168945,4.777259349822998,0.5764133334159851,0.07212792336940765,0.171639084815979,0.024840211495757103,0.16915181279182434,0.667448878288269,0.12810321152210236,0.001319165457971394,0.02724059298634529,0.007297235075384378,1.0,8020.0,0,0.742304265499115,764;636;703;693,718,True,,"v4.0-K[2,6]-phiapprox-stickbreaking",convex
10025,0.021712105721235275,5.763738590758294e-05,0.22241926193237305,0.7215287685394287,2.4057860374450684,0.1548926681280136,0.15215693414211273,0.04419921338558197,,,,,,0.010471176356077194,0.038575801998376846,0.008424350060522556,1.0138608008691818e-10,0.00019444627105258405,7.652708882233128e-05,0.09065020084381104,0.4342372417449951,0.0846458151936531,0.45595261454582214,0.9669845104217529,0.1358577460050583,2.003127336502075,3.0072124004364014,0.3081061840057373,0.0952201783657074,0.23330777883529663,0.03769195079803467,0.00013773259706795216,0.3414449095726013,0.10186317563056946,0.0025527728721499443,0.09417638182640076,0.025839297100901604,1.0,3852.0,0,0.742304265499115,764;636;703;693,414,True,,"v4.0-K[2,6]-phiapprox-stickbreaking",convex
10027,0.0362238846719265,6.186376413097605e-05,0.1677621304988861,0.8927667140960693,2.7951292991638184,0.11020099371671677,0.08505483716726303,0.027818161994218826,,,,,,0.023782407864928246,0.050201166421175,0.006911245174705982,3.2875197009119006e-10,0.0002055779768852517,9.158611646853387e-05,0.07674906402826309,0.23290365934371948,0.039196085184812546,0.7523978352546692,0.9999868273735046,0.07387592643499374,2.0334978103637695,3.50167179107666,0.39529919624328613,0.06121555715799332,0.1578337848186493,0.024617362767457962,5.923770345361845e-07,0.21083372831344604,0.06626217812299728,0.008817344903945923,0.04840569943189621,0.010410667397081852,1.0,5877.0,0,0.742304265499115,764;636;703;693,718,True,,"v4.0-K[2,6]-phiapprox-stickbreaking",convex
10029,0.03798079863190651,6.384088192135096e-05,0.19547386467456818,0.8088423013687134,3.30999755859375,0.09888307750225067,0.092225581407547,0.03138260543346405,,,,,,0.021531473845243454,0.055271636694669724,0.00886229332536459,1.4599645936641537e-09,0.00020987830066587776,0.00010174167255172506,0.1285574734210968,0.258370965719223,0.032850172370672226,0.6316593885421753,0.9658535122871399,0.08858804404735565,2.0331554412841797,4.545392990112305,0.6963402032852173,0.04777536913752556,0.14550042152404785,0.02523517981171608,1.5204823284875602e-05,0.22853609919548035,0.07076458632946014,0.010523281060159206,0.05438332259654999,0.011503533460199833,1.0,5136.0,0,0.742304265499115,764;636;703;693,720,True,,"v4.0-K[2,6]-phiapprox-stickbreaking",convex
10030,0.0411212295293808,6.153912545414641e-05,0.12992794811725616,0.9049962162971497,3.1348044872283936,0.11207619309425354,0.2052997350692749,0.014551844447851181,,,,,,0.026637567207217216,0.05844200402498245,0.008177446201443672,9.681904167280209e-10,0.00020112555648665875,9.730786405270919e-05,0.04240007326006889,0.20556047558784485,0.04394405707716942,0.785602331161499,0.9999673366546631,0.06433883309364319,2.1604156494140625,4.143495559692383,0.5228569507598877,0.0658101886510849,0.15812921524047852,0.022942399606108665,0.04211598262190819,0.39009222388267517,0.09527239203453064,0.0020977172534912825,0.02926972508430481,0.007512441370636225,1.0,7266.0,0,0.742304265499115,764;636;703;693,716,True,,"v4.0-K[2,6]-phiapprox-stickbreaking",convex
10031,0.022955959662795067,6.092384137446061e-05,0.20542849600315094,0.9030946493148804,3.056464433670044,0.11428051441907883,0.12584519386291504,0.04408668726682663,,,,,,0.011681759729981422,0.03719450905919075,0.007143903523683548,1.7503835048060523e-09,0.00019710477499756962,9.27743676584214e-05,0.10848811268806458,0.2766203284263611,0.042508818209171295,0.7738442420959473,0.9999951124191284,0.06852476298809052,2.106107711791992,4.064430236816406,0.537801206111908,0.06652151793241501,0.16023418307304382,0.02344999462366104,0.0007399191963486373,0.28927111625671387,0.08666486293077469,0.00953773595392704,0.08254674077033997,0.01929156295955181,1.0,5089.0,0,0.742304265499115,764;636;703;693,719,True,,"v4.0-K[2,6]-phiapprox-stickbreaking",convex
10035,0.02108466997742653,6.0595084505621344e-05,0.1843484491109848,0.9528911113739014,2.964388132095337,0.12470164149999619,0.06886698305606842,0.02154243178665638,,,,,,0.012738911435008049,0.030496135354042053,0.004717203788459301,1.1753403805769835e-09,0.0001988469302887097,8.510964835295454e-05,0.12177756428718567,0.24023497104644775,0.030288364738225937,0.873051643371582,0.9999701380729675,0.03992338478565216,2.260838508605957,3.7028257846832275,0.35600560903549194,0.08227276802062988,0.17910566926002502,0.02388186752796173,0.00011863298277603462,0.17066621780395508,0.05207138881087303,0.0019921811763197184,0.04321723058819771,0.011441930197179317,1.0,7469.0,0,0.742304265499115,764;636;703;693,717,True,,"v4.0-K[2,6]-phiapprox-stickbreaking",convex
10036,0.01703689433634281,5.849873195984401e-05,0.3970525562763214,0.8420966267585754,2.498192548751831,0.12162265181541443,0.06256922334432602,0.020467277616262436,,,,,,0.012502165511250496,0.02219490148127079,0.002483569784089923,3.0411202445179697e-09,0.0001945363765116781,7.898136391304433e-05,0.342728853225708,0.4553344249725342,0.02836887165904045,0.6810798048973083,0.9971734881401062,0.08669876307249069,2.001159906387329,3.1976099014282227,0.35917922854423523,0.07724910229444504,0.1669982373714447,0.022405456751585007,9.313633927376941e-05,0.16496682167053223,0.051683198660612106,0.0011353729059919715,0.04488430544734001,0.0125936483964324,1.0,6643.0,0,0.742304265499115,764;636;703;693,713,True,,"v4.0-K[2,6]-phiapprox-stickbreaking",convex
10039,0.019034432247281075,6.022043453413062e-05,0.22842219471931458,0.9388762712478638,2.810303211212158,0.11330948024988174,0.13143324851989746,0.019019916653633118,,,,,,0.013124240562319756,0.025283418595790863,0.0031948410905897617,4.989534341248714e-10,0.0001964876428246498,8.532949141226709e-05,0.18494370579719543,0.2728910446166992,0.02243797853589058,0.845339298248291,0.9999996423721313,0.04755929112434387,2.2153685092926025,3.3960328102111816,0.30008307099342346,0.06630609929561615,0.15874013304710388,0.023237569257616997,0.0003038177383132279,0.28552305698394775,0.08187413960695267,0.0005792906158603728,0.03957958519458771,0.010980792343616486,1.0,8471.0,0,0.742304265499115,764;636;703;693,711,True,,"v4.0-K[2,6]-phiapprox-stickbreaking",convex
10041,0.0123797208070755,5.560973295359872e-05,0.48672381043434143,0.6938274502754211,2.3597216606140137,0.14276181161403656,0.5257651209831238,0.04906605929136276,,,,,,0.007629627361893654,0.017731554806232452,0.0026612444780766964,2.3242783253607513e-09,0.00018679608183447272,6.804697477491572e-05,0.3716162443161011,0.5906195044517517,0.056249912828207016,0.4440860152244568,0.9366804957389832,0.1269913613796234,2.000389575958252,3.0241427421569824,0.33699408173561096,0.09453970193862915,0.19830322265625,0.0274560134857893,0.23226746916770935,0.8156911730766296,0.14948010444641113,0.0014570011990144849,0.12072041630744934,0.035161908715963364,1.0,5528.0,0,0.742304265499115,764;636;703;693,696,True,,"v4.0-K[2,6]-phiapprox-stickbreaking",convex
10043,0.015381372533738613,6.140759069239721e-05,0.3655024766921997,0.8947080969810486,2.4849772453308105,0.13448919355869293,0.0717238187789917,0.02860765904188156,,,,,,0.009524116292595863,0.022001974284648895,0.00364128896035254,3.790752156618282e-09,0.00020246385247446597,8.791431173449382e-05,0.27455973625183105,0.4510484039783478,0.04492689669132233,0.7414791584014893,0.9997388124465942,0.07768211513757706,2.0026636123657227,3.410284996032715,0.4100858271121979,0.09078893065452576,0.18462049961090088,0.024081220850348473,6.466657964665501e-07,0.17852148413658142,0.054894085973501205,0.0012964158086106181,0.06451275199651718,0.018336249515414238,1.0,5258.0,0,0.742304265499115,764;636;703;693,716,True,,"v4.0-K[2,6]-phiapprox-stickbreaking",convex
10044,0.015315218828618526,5.9659410908352584e-05,0.3651672303676605,0.8945446014404297,2.4876577854156494,0.13461877405643463,0.07173676788806915,0.028376519680023193,,,,,,0.00907982885837555,0.021800784394145012,0.0035637589171528816,2.097183399163427e-10,0.00019394060655031353,8.593462553108111e-05,0.27378296852111816,0.45526960492134094,0.04580221325159073,0.7388707399368286,0.9999400973320007,0.07816057652235031,2.000814914703369,3.4032089710235596,0.4105466902256012,0.0892883837223053,0.18485033512115479,0.02435995824635029,2.9542215997935273e-06,0.18092823028564453,0.055728934705257416,0.0015986304497346282,0.0647173821926117,0.01815444603562355,1.0,5086.0,0,0.742304265499115,764;636;703;693,716,True,,"v4.0-K[2,6]-phiapprox-stickbreaking",convex
10047,0.020354438573122025,6.0042322729714215e-05,0.3006300926208496,0.9374814629554749,2.6421384811401367,0.12284495681524277,0.1401527374982834,0.026603251695632935,,,,,,0.013986405916512012,0.027159309014678,0.003435068530961871,8.297110221100468e-10,0.00019472218991722912,9.049172513186932e-05,0.2525951564311981,0.3534092307090759,0.025894880294799805,0.8359737396240234,0.9999955892562866,0.051194898784160614,2.040733814239502,3.2150042057037354,0.3198939561843872,0.07598480582237244,0.17127996683120728,0.024092067033052444,0.0010787557112053037,0.2887243926525116,0.08049442619085312,0.003782239742577076,0.05230223387479782,0.013227933086454868,1.0,8018.0,0,0.742304265499115,764;636;703;693,717,True,,"v4.0-K[2,6]-phiapprox-stickbreaking",convex
10050,0.01835043728351593,5.6662713177502155e-05,0.25665247440338135,0.7214497327804565,2.6163008213043213,0.12461571395397186,0.05740386247634888,0.02141553908586502,,,,,,0.012776980176568031,0.02508491650223732,0.003267480991780758,1.0957537099898218e-09,0.0001873018773039803,7.089968858053908e-05,0.13046589493751526,0.3969625234603882,0.06956498324871063,0.5282483696937561,0.9222317337989807,0.10312927514314651,2.008409023284912,3.18310546875,0.33811983466148376,0.07848116010427475,0.17388683557510376,0.024225354194641113,1.7042457329807803e-05,0.14804792404174805,0.0464833527803421,0.001112285302951932,0.04720905050635338,0.013222930952906609,1.0,7375.0,0,0.742304265499115,764;636;703;693,717,True,,"v4.0-K[2,6]-phiapprox-stickbreaking",convex
10051,0.02135658450424671,5.974543091724627e-05,0.20977699756622314,0.8968549966812134,3.1245884895324707,0.12715406715869904,0.08787568658590317,0.032130829989910126,,,,,,0.013124959543347359,0.030360734090209007,0.004391776397824287,5.410371706204842e-09,0.00019718696421477944,8.38358755572699e-05,0.155287504196167,0.26236504316329956,0.027467025443911552,0.7647872567176819,0.9999790787696838,0.07098542898893356,2.037961006164551,4.452641487121582,0.7383362054824829,0.07384061813354492,0.18772095441818237,0.029399288818240166,1.1451013506302843e-06,0.2259943187236786,0.07269255071878433,0.007842889986932278,0.06013390049338341,0.013872592709958553,1.0,2992.0,0,0.742304265499115,764;636;703;693,709,True,,"v4.0-K[2,6]-phiapprox-stickbreaking",convex
10052,0.030580226331949234,6.222174124559388e-05,0.4070415794849396,0.7848243117332458,2.7052762508392334,0.13397878408432007,0.0991877019405365,0.04956335201859474,,,,,,0.014049557968974113,0.049111876636743546,0.009558932855725288,8.650339888838232e-10,0.00020143140864092857,9.146446973318234e-05,0.2554529309272766,0.547578752040863,0.08450459688901901,0.5910073518753052,0.9872537851333618,0.10770756006240845,2.005004405975342,3.507944107055664,0.4400855302810669,0.08915531635284424,0.1867918074131012,0.02505810186266899,1.3886872238799697e-06,0.23472994565963745,0.07063879817724228,0.008404823020100594,0.10146155953407288,0.02566404640674591,1.0,2991.0,0,0.742304265499115,764;636;703;693,709,True,,"v4.0-K[2,6]-phiapprox-stickbreaking",convex
10055,0.04144242778420448,6.329081952571869e-05,0.1535477340221405,0.9238438010215759,3.5439815521240234,0.10536974668502808,0.1387365758419037,0.10378268361091614,,,,,,0.01668008230626583,0.0683741346001625,0.013324248604476452,1.1368448404880382e-08,0.00020431610755622387,0.00011587968765525147,0.06748095154762268,0.22341835498809814,0.0403938889503479,0.8039023876190186,0.9999937415122986,0.06111976131796837,2.468641757965088,4.861101150512695,0.6203523874282837,0.058801136910915375,0.14912515878677368,0.023311886936426163,0.00019089000124949962,0.31765252351760864,0.09513425827026367,0.06650465726852417,0.14497393369674683,0.02008889988064766,1.0,5413.0,0,0.742304265499115,764;636;703;693,719,True,,"v4.0-K[2,6]-phiapprox-stickbreaking",convex
