model,outcome,predictor,beta,se,ci_lower,ci_upper,t,p,r2,r2_adj,n,predictor_set
Q-Learning,alpha,intercept,0.19645593270112827,0.040274582754937935,0.11690992357036492,0.27600194183189164,4.877913544046374,2.5949399262377275e-06,0.022000503134589233,0.003430892434613031,162,
Q-Learning,alpha,ies_intrusion,0.004055680095925705,0.005606174364081868,-0.007017030448772151,0.01512839064062356,0.7234309588923943,0.47048480219118516,0.022000503134589233,0.003430892434613031,162,
Q-Learning,alpha,ies_avoidance,-0.0036289038692180866,0.0041597559540691,-0.011844804878485729,0.004586997140049557,-0.8723838391692833,0.38432280857966494,0.022000503134589233,0.003430892434613031,162,
Q-Learning,alpha,ies_hyperarousal,-0.005087752734469025,0.005576700139865707,-0.01610224897256842,0.0059267435036303735,-0.9123231672613373,0.3629885530001504,0.022000503134589233,0.003430892434613031,162,
Q-Learning,epsilon,intercept,0.1846986445618068,0.020414344995812607,0.14437843359112046,0.22501885553249312,9.047493054501244,5.104254641402173e-16,0.010064652843567612,-0.008731587925225437,162,
Q-Learning,epsilon,ies_intrusion,-0.0021289032210999276,0.0028416527185751096,-0.007741428978937105,0.00348362253673725,-0.749177831331699,0.4548639562192903,0.010064652843567612,-0.008731587925225437,162,
Q-Learning,epsilon,ies_avoidance,0.001434644371392195,0.0021084934302476573,-0.0027298242880396846,0.005599113030824075,0.6804120661754617,0.4972394118963043,0.010064652843567612,-0.008731587925225437,162,
Q-Learning,epsilon,ies_hyperarousal,0.0019415780372777143,0.002826712849792512,-0.003641440104159708,0.007524596178715136,0.6868678003215754,0.49317292052988626,0.010064652843567612,-0.008731587925225437,162,
Q-Learning,alpha,intercept,0.19636706136056098,0.06309306773114212,0.0717644634735357,0.32096965924758625,3.112339729577551,0.0021989776347764094,0.0034834228529910805,-0.0027448057541779036,162,LESS
Q-Learning,alpha,lec_total,-0.004498014438950113,0.0060145067877888795,-0.0163760732767475,0.007380044398847274,-0.7478608966045782,0.45564184989228806,0.0034834228529910805,-0.0027448057541779036,162,LESS
Q-Learning,alpha,intercept,0.2021982192242151,0.03783340971075965,0.12748095936655235,0.27691547908187786,5.344435533832174,3.077504112419206e-07,0.015426562637562813,0.009272978654047526,162,IES-R
Q-Learning,alpha,ies_total,-0.0016206537333541173,0.0010235751098040425,-0.003642113814476917,0.0004008063477686822,-1.5833266340995553,0.11532166113859918,0.015426562637562813,0.009272978654047526,162,IES-R
Q-Learning,alpha,intercept,0.24130691635483897,0.06922014742913532,0.10459738733559229,0.37801644537408563,3.4860792026176894,0.0006337411494307343,0.018241306229547005,0.005892140270170265,162,LESS + IES-R
Q-Learning,alpha,lec_total,-0.00404808299822696,0.005995615925222445,-0.01588940174370618,0.007793235747252262,-0.6751738351346732,0.5005459985961779,0.018241306229547005,0.005892140270170265,162,LESS + IES-R
Q-Learning,alpha,ies_total,-0.0015870109724995284,0.0010265301469137228,-0.0036144041249383287,0.0004403821799392716,-1.5459954851505326,0.12409370366823376,0.018241306229547005,0.005892140270170265,162,LESS + IES-R
Q-Learning,epsilon,intercept,0.21817269493994537,0.031790370183530224,0.15538984327171204,0.2809555466081787,6.862854810447443,1.4044401872818996e-10,0.0032831294234663133,-0.002946351017637072,162,LESS
Q-Learning,epsilon,lec_total,-0.0022000474540691877,0.0030304977096681516,-0.008184982108450374,0.0037848872003119977,-0.7259690205507858,0.4689183631556224,0.0032831294234663133,-0.002946351017637072,162,LESS
Q-Learning,epsilon,intercept,0.1823311895354462,0.019164632755318562,0.14448292641025984,0.22017945266063255,9.513941219919579,2.7449179903144922e-17,0.0046918719100954576,-0.0015288038904666124,162,IES-R
Q-Learning,epsilon,ies_total,0.000450296969430828,0.0005184951931863683,-0.0005736799964422028,0.001474273935303859,0.8684689373175596,0.38643846957623396,0.0046918719100954576,-0.0015288038904666124,162,IES-R
Q-Learning,epsilon,intercept,0.20487240872441168,0.03504886909755978,0.1356510249952022,0.27409379245362114,5.845335783991831,2.7809085607163694e-08,0.008375759309055875,-0.00409750158013833,162,LESS + IES-R
Q-Learning,epsilon,lec_total,-0.002333208029236729,0.0030358149401154963,-0.008328931038605745,0.0036625149801322856,-0.768560691366768,0.44329419197639897,0.008375759309055875,-0.00409750158013833,162,LESS + IES-R
Q-Learning,epsilon,ies_total,0.00046968776744213446,0.000519772379576501,-0.0005568607137188253,0.0014962362486030942,0.9036412589388177,0.3675526917500279,0.008375759309055875,-0.00409750158013833,162,LESS + IES-R
WM-RL,alpha,intercept,0.050987226695269415,0.01706776100464528,0.0172768272361778,0.08469762615436102,2.987341261773725,0.003263476696079273,0.028190361455780688,0.00973827971127006,162,
WM-RL,alpha,ies_intrusion,0.003364297242776084,0.0023758121785827056,-0.0013281505573776663,0.008056745042929834,1.4160619568770207,0.1587257191439976,0.028190361455780688,0.00973827971127006,162,
WM-RL,alpha,ies_avoidance,-0.002901047151205343,0.001762841862166699,-0.006382822138602607,0.0005807278361919213,-1.645664998923773,0.10182060423007785,0.028190361455780688,0.00973827971127006,162,
WM-RL,alpha,ies_hyperarousal,-0.001639912207065782,0.002363321446703998,-0.006307689661703617,0.003027865247572054,-0.6939014620092763,0.4887629413856889,0.028190361455780688,0.00973827971127006,162,
WM-RL,phi,intercept,0.29019445158952734,0.02431033386582146,0.24217930388634118,0.3382095992927135,11.93708211459487,8.05143689046657e-24,0.005010752658469064,-0.013881448240420813,162,
WM-RL,phi,ies_intrusion,-0.0023471195596392923,0.0033839697689761836,-0.009030771424616172,0.004336532305337588,-0.6935994467673423,0.4889518576818458,0.005010752658469064,-0.013881448240420813,162,
WM-RL,phi,ies_avoidance,-0.0003242535780403088,0.0025108902222297975,-0.005283492951397876,0.004634985795317258,-0.12913889072870546,0.8974119939473257,0.005010752658469064,-0.013881448240420813,162,
WM-RL,phi,ies_hyperarousal,0.001584201715069491,0.0033661786912761145,-0.005064311133377112,0.008232714563516094,0.4706231784946989,0.6385588948373799,0.005010752658469064,-0.013881448240420813,162,
WM-RL,rho,intercept,0.7960541237881189,0.034551283412822494,0.7278121578176833,0.8642960897585545,23.039784493003562,2.1911532306511616e-52,6.512762122423688e-05,-0.018920977550524798,162,
WM-RL,rho,ies_intrusion,9.505262860664849e-05,0.0048094978536144745,-0.009404148455757093,0.009594253712970392,0.01976352448836498,0.9842569513717617,6.512762122423688e-05,-0.018920977550524798,162,
WM-RL,rho,ies_avoidance,-0.0002675403471306065,0.0035686255962414817,-0.007315904472717887,0.006780823778456674,-0.07497013623743078,0.9403333097008566,6.512762122423688e-05,-0.018920977550524798,162,
WM-RL,rho,ies_hyperarousal,-2.000108983292345e-05,0.004784212122401261,-0.009469260526924908,0.009429258347259063,-0.00418064444493833,0.9966696118587852,6.512762122423688e-05,-0.018920977550524798,162,
WM-RL,capacity,intercept,3.261394862615795,0.19184700423383783,2.882479365381416,3.640310359850174,16.99997805876894,1.6399496226482665e-37,0.028566192716362182,0.010121247008444856,162,
WM-RL,capacity,ies_intrusion,0.02709206556109025,0.026704876460322366,-0.02565252423824816,0.07983665536042867,1.0144988163994377,0.3118958107362513,0.028566192716362182,0.010121247008444856,162,
WM-RL,capacity,ies_avoidance,-0.005367014675524614,0.019814897226568585,-0.04450326110917661,0.033769231758127384,-0.27085755803609785,0.7868541091922099,0.028566192716362182,0.010121247008444856,162,
WM-RL,capacity,ies_hyperarousal,0.009423711742988278,0.026564476703672037,-0.043043575609980414,0.06189099909595697,0.35474863096722054,0.7232509717518136,0.028566192716362182,0.010121247008444856,162,
WM-RL,epsilon,intercept,0.07708421830802116,0.011839796961488836,0.05369952918695253,0.10046890742908979,6.51060305837609,9.455804993505655e-10,0.0060324775369998695,-0.012840323522424368,162,
WM-RL,epsilon,ies_intrusion,-0.0006432006561505982,0.001648085756848591,-0.003898321769639613,0.0026119204573384165,-0.3902713517653977,0.6968615518480785,0.0060324775369998695,-0.012840323522424368,162,
WM-RL,epsilon,ies_avoidance,-0.00010918314243907357,0.001222872157489551,-0.002524468246627858,0.0023061019617497108,-0.08928418377209353,0.9289691383696157,0.0060324775369998695,-0.012840323522424368,162,
WM-RL,epsilon,ies_hyperarousal,0.0013952007570589432,0.001639421015802355,-0.0018428066950776127,0.004633208209195499,0.8510326167656896,0.3960391611777897,0.0060324775369998695,-0.012840323522424368,162,
WM-RL,alpha,intercept,0.019753497607468543,0.02683567089826978,-0.03324431071300391,0.07275130592794099,0.736091066340441,0.46275307089400386,0.00253487982800249,-0.0036992771730726126,162,LESS
WM-RL,alpha,lec_total,0.0016312504792524991,0.0025581784271498497,-0.0034209000872681525,0.006683401045773151,0.6376609473131741,0.5246058896806844,0.00253487982800249,-0.0036992771730726126,162,LESS
WM-RL,alpha,intercept,0.05140012697196591,0.016144590119791767,0.01951615075892911,0.0832841031850027,3.1837368796965695,0.0017474445522522078,0.00802035779905852,0.0018204850353025215,162,IES-R
WM-RL,alpha,ies_total,-0.000496794455064407,0.00043678856151068573,-0.0013594088665792958,0.00036581995645048183,-1.1373797274960307,0.25707999503264456,0.00802035779905852,0.0018204850353025215,162,IES-R
WM-RL,alpha,intercept,0.03423940015474325,0.029535773464361207,-0.02409364057831409,0.09257244088780059,1.1592518542322106,0.2480915152435786,0.011018933815995613,-0.0014210795951239419,162,LESS + IES-R
WM-RL,alpha,lec_total,0.001776281276617117,0.0025582891733650077,-0.00327633015192426,0.006828892705158494,0.6943238845359736,0.4884923693693305,0.011018933815995613,-0.0014210795951239419,162,LESS + IES-R
WM-RL,alpha,ies_total,-0.0005115567527311996,0.00043801354084980587,-0.0013766318370472624,0.00035351833158486323,-1.1679016857303313,0.24459471531475796,0.011018933815995613,-0.0014210795951239419,162,LESS + IES-R
WM-RL,phi,intercept,0.22210881662590365,0.03757050379696818,0.14791077006751926,0.296306863184288,5.911787018512835,1.9806353542637353e-08,0.013322361755272794,0.00715562651624313,162,LESS
WM-RL,phi,lec_total,0.005264151182903423,0.003581503614159775,-0.0018089658918240478,0.012337268257630894,1.4698159627959497,0.14357523623439838,0.013322361755272794,0.00715562651624313,162,LESS
WM-RL,phi,intercept,0.28602730991506004,0.0227912329616437,0.24101686838492842,0.33103775144519165,12.54988312376198,1.3768877283387714e-25,0.002316482218921112,-0.003919039767210641,162,IES-R
WM-RL,phi,ies_total,-0.0003758288641518022,0.0006166121150494514,-0.0015935770920740228,0.0008419193637704185,-0.6095061303193196,0.5430535680573769,0.002316482218921112,-0.003919039767210641,162,IES-R
WM-RL,phi,intercept,0.23401819363437504,0.04146674391489219,0.15212153144696483,0.31591485582178525,5.643515056660399,7.463916826368857e-08,0.016216363822942115,0.0038417268898973678,162,LESS + IES-R
WM-RL,phi,lec_total,0.005383386172785347,0.003591709631040209,-0.0017102267458534914,0.012476999091424187,1.498836689430889,0.1358988181949441,0.016216363822942115,0.0038417268898973678,162,LESS + IES-R
WM-RL,phi,ies_total,-0.0004205690470181666,0.0006149490329613378,-0.0016350910581573717,0.0007939529641210384,-0.6839087867052682,0.4950282856740449,0.016216363822942115,0.0038417268898973678,162,LESS + IES-R
WM-RL,rho,intercept,0.843250013832709,0.05346190771127438,0.7376680088934702,0.9488320187719479,15.772912900653546,2.067047537106105e-34,0.006021575494626896,-0.00019078965853180918,162,LESS
WM-RL,rho,lec_total,-0.005017523407733702,0.005096392018657384,-0.015082395955719977,0.005047349140252573,-0.9845246184683298,0.3263440648682241,0.006021575494626896,-0.00019078965853180918,162,LESS
WM-RL,rho,intercept,0.7957739468118681,0.032348814954937424,0.7318882216934123,0.8596596719303239,24.59978666669545,3.0153091641050523e-56,4.440689924523067e-05,-0.006205315557634483,162,IES-R
WM-RL,rho,ies_total,-7.377300393651454e-05,0.0008751905279664492,-0.0018021881429092278,0.0016546421350361986,-0.08429364987293676,0.9329283374789729,4.440689924523067e-05,-0.006205315557634483,162,IES-R
WM-RL,rho,intercept,0.8441603915414055,0.05909263763469565,0.7274526560108693,0.9608681270719418,14.285373361736104,2.6016182570590588e-30,0.006029988880069004,-0.006472778555401737,162,LESS + IES-R
WM-RL,rho,lec_total,-0.005008408835509711,0.005118405152613905,-0.015117239627294596,0.0051004219562751744,-0.9785096502085184,0.3293087943856159,0.006029988880069004,-0.006472778555401737,162,LESS + IES-R
WM-RL,rho,ies_total,-3.214917834082191e-05,0.0008763398554555962,-0.0017629170739564676,0.0016986187172748238,-0.03668574256971118,0.9707815947541407,0.006029988880069004,-0.006472778555401737,162,LESS + IES-R
WM-RL,capacity,intercept,3.2953131976945844,0.30132995160038534,2.700216206206136,3.890410189183033,10.935896614966206,3.8679948777619775e-21,0.004978464099965607,-0.0012404204994096446,162,LESS
WM-RL,capacity,lec_total,0.025701124048322713,0.028725042297635076,-0.031028006796163875,0.08243025489280931,0.894728849552945,0.3722760327757396,0.004978464099965607,-0.0012404204994096446,162,LESS
WM-RL,capacity,intercept,3.249150089097771,0.18003235301149825,2.8936039142860137,3.6046962639095286,18.047589973399145,2.0123678742267946e-40,0.0240559939672631,0.01795634392955836,162,IES-R
WM-RL,capacity,ies_total,0.009672839567388089,0.004870738241962289,5.36110150154423e-05,0.019292068119760735,1.985908313457461,0.048751792994703405,0.0240559939672631,0.01795634392955836,162,IES-R
WM-RL,capacity,intercept,3.0268204237770457,0.3291860647180162,2.3766791926655215,3.67696165488857,9.194861958600367,2.0105896943091031e-16,0.028038107237981502,0.015812171479968717,162,LESS + IES-R
WM-RL,capacity,lec_total,0.02301301255780203,0.028512987696323648,-0.03330003015691607,0.07932605527252014,0.8071063195095909,0.4208109244522833,0.028038107237981502,0.015812171479968717,162,LESS + IES-R
WM-RL,capacity,ies_total,0.009481583291673212,0.004881807276167436,-0.00015996759018278503,0.01912313417352921,1.9422281043255203,0.05387671410570243,0.028038107237981502,0.015812171479968717,162,LESS + IES-R
WM-RL,epsilon,intercept,0.08616062258599338,0.0184236290902741,0.049775768754864426,0.12254547641712235,4.6766368430353324,6.164362977209433e-06,0.0007394198753670755,-0.005505958750412043,162,LESS
WM-RL,epsilon,lec_total,-0.0006043099298109671,0.0017562791952254997,-0.004072788452246413,0.0028641685926244784,-0.3440853432949628,0.731233895513861,0.0007394198753670755,-0.005505958750412043,162,LESS
WM-RL,epsilon,intercept,0.07424114065679936,0.011104623599112594,0.05231060218776824,0.09617167912583048,6.685606224665932,3.640145190027193e-10,0.002502110982428918,-0.003732250823931027,162,IES-R
WM-RL,epsilon,ies_total,0.00019032917218385773,0.0003004333050256815,-0.0004029970305854453,0.0007836553749531607,0.6335155556990864,0.5273015697650043,0.002502110982428918,-0.003732250823931027,162,IES-R
WM-RL,epsilon,intercept,0.08061573314098829,0.020337193826065275,0.04044985235633873,0.12078161392563784,3.9639555894710847,0.00011113184424884007,0.0033815467978920433,-0.009154534374461454,162,LESS + IES-R
WM-RL,epsilon,lec_total,-0.0006598245748172518,0.0017615392007467692,-0.004138857824920795,0.0028192086752862914,-0.3745727455497626,0.7084773464761407,0.0033815467978920433,-0.009154534374461454,162,LESS + IES-R
WM-RL,epsilon,ies_total,0.0001958128345460876,0.00030159922134601606,-0.00039984448538372703,0.0007914701544759022,0.6492484750862045,0.5171145314567118,0.0033815467978920433,-0.009154534374461454,162,LESS + IES-R
WM-RL+K,alpha,intercept,0.030587707091357972,0.016897807671205467,-0.0027870188861269414,0.06396243306884289,1.81015831677861,0.07217146269856042,0.01548775139071723,-0.003205519152497116,162,
WM-RL+K,alpha,ies_intrusion,0.0031075119301338153,0.0023521548752453115,-0.0015382105177366794,0.00775323437800431,1.321134064273606,0.18836674928724972,0.01548775139071723,-0.003205519152497116,162,
WM-RL+K,alpha,ies_avoidance,-0.00015421848606390204,0.001745288250376556,-0.003601323473967121,0.0032928865018393167,-0.08836275957889965,0.9297002580594345,0.01548775139071723,-0.003205519152497116,162,
WM-RL+K,alpha,ies_hyperarousal,-0.003378889448137923,0.0023397885206366694,-0.008000187207052634,0.0012424083107767884,-1.4441003613516783,0.15069076816692586,0.01548775139071723,-0.003205519152497116,162,
WM-RL+K,phi,intercept,0.1481725089864107,0.022384800923023602,0.10396046613427616,0.19238455183854525,6.619335570414199,5.330609792115514e-10,0.006568726462562013,-0.012293892655237615,162,
WM-RL+K,phi,ies_intrusion,0.0018690887154483315,0.0031159378569687295,-0.00428517544489077,0.008023352875787433,0.5998478792727377,0.5494669120808763,0.006568726462562013,-0.012293892655237615,162,
WM-RL+K,phi,ies_avoidance,0.0012298145471179927,0.00231201175904876,-0.003336621550179034,0.005796250644415019,0.5319240018156223,0.5955257681422881,0.006568726462562013,-0.012293892655237615,162,
WM-RL+K,phi,ies_hyperarousal,-0.002628722464290378,0.003099555945690991,-0.008750630841529067,0.0034931859129483118,-0.8480964726398416,0.3976672168130654,0.006568726462562013,-0.012293892655237615,162,
WM-RL+K,rho,intercept,0.25501946805849735,0.034952828818746985,0.18598441293998924,0.32405452317700545,7.2961038255569575,1.3527137333960101e-11,0.0049176826811125895,-0.013976285369246222,162,
WM-RL+K,rho,ies_intrusion,0.0002632493418913277,0.004865392499982541,-0.00934634881542061,0.009872847499203266,0.054106496421876,0.9569186696793177,0.0049176826811125895,-0.013976285369246222,162,
WM-RL+K,rho,ies_avoidance,0.0025228471213207633,0.0036100991703635794,-0.004607431131741799,0.009653125374383325,0.6988304205135403,0.4856854034544299,0.0049176826811125895,-0.013976285369246222,162,
WM-RL+K,rho,ies_hyperarousal,-0.0035087595815890683,0.004839812905034,-0.013067835683695147,0.00605031652051701,-0.7249783515266731,0.4695376175321688,0.0049176826811125895,-0.013976285369246222,162,
WM-RL+K,capacity,intercept,3.375623330429361,0.22564426586151146,2.92995512967504,3.8212915311836815,14.95993402509568,4.414911442798203e-32,0.008236589494001634,-0.010594361338390756,162,
WM-RL+K,capacity,ies_intrusion,0.029990546422254467,0.03140941537177766,-0.03204594088682963,0.09202703373133857,0.9548266361303213,0.3411239456703379,0.008236589494001634,-0.010594361338390756,162,
WM-RL+K,capacity,ies_avoidance,-0.022187299130410267,0.023305643763718232,-0.06821809137740757,0.02384349311658704,-0.9520139994995984,0.34254397513324086,0.008236589494001634,-0.010594361338390756,162,
WM-RL+K,capacity,ies_hyperarousal,-0.005193568420254422,0.031244281701105978,-0.06690390152545826,0.05651676468494942,-0.16622460615155002,0.8681927171217318,0.008236589494001634,-0.010594361338390756,162,
WM-RL+K,kappa,intercept,0.40399905913533146,0.08187917457272238,0.24228015051715135,0.5657179677535116,4.93408807848341,2.0243701889542185e-06,0.019481340965600835,0.0008638980725425016,162,
WM-RL+K,kappa,ies_intrusion,-0.018424594238779003,0.011397484419264407,-0.040935675364042336,0.004086486886484331,-1.6165491928760298,0.10797051207838353,0.019481340965600835,0.0008638980725425016,162,
WM-RL+K,kappa,ies_avoidance,0.0008397587946753313,0.008456881751341933,-0.015863361312200324,0.017542878901550988,0.09929886917741033,0.9210268510218584,0.019481340965600835,0.0008638980725425016,162,
WM-RL+K,kappa,ies_hyperarousal,0.011857325919920633,0.011337562627779312,-0.010535404149998233,0.0342500559898395,1.045844359074833,0.2972302536561308,0.019481340965600835,0.0008638980725425016,162,
WM-RL+K,epsilon,intercept,0.08166058594692588,0.009973728180904253,0.06196155448151141,0.10135961741234034,8.18756882739933,8.4076382363268e-14,0.015231044232585589,-0.0034671004971755792,162,
WM-RL+K,epsilon,ies_intrusion,-0.0008515097902644478,0.0013883311860071552,-0.0035935917100357573,0.0018905721295068615,-0.6133333305818711,0.5405378817891906,0.015231044232585589,-0.0034671004971755792,162,
WM-RL+K,epsilon,ies_avoidance,0.0014902532599248952,0.0010301354439158404,-0.0005443590891653163,0.003524865609015107,1.4466575912192816,0.1499738053377036,0.015231044232585589,-0.0034671004971755792,162,
WM-RL+K,epsilon,ies_hyperarousal,-0.0010370878232668743,0.001381032093612735,-0.003764753363512026,0.0016905777169782775,-0.7509512835099191,0.45379895243214685,0.015231044232585589,-0.0034671004971755792,162,
WM-RL+K,alpha,intercept,0.02666472196192493,0.026423064610681793,-0.025518229557526764,0.07884767348137663,1.0091456973217803,0.3144284478837104,0.0005260507364249767,-0.00572066144647243,162,LESS
WM-RL+K,alpha,lec_total,0.0007309532981911091,0.002518845685746987,-0.004243518975974197,0.005705425572356416,0.2901937591203957,0.7720437712700896,0.0005260507364249767,-0.00572066144647243,162,LESS
WM-RL+K,alpha,intercept,0.03756373780003845,0.015940770284719522,0.006082285697243506,0.0690451899028334,2.356456879379677,0.019661290897533015,0.0004612831133113948,-0.005785833867230528,162,IES-R
WM-RL+K,alpha,ies_total,-0.00011719187300838411,0.00043127425783942607,-0.0009689160776006229,0.0007345323315838546,-0.2717339856904177,0.7861768737124034,0.0004612831133113948,-0.005785833867230528,162,IES-R
WM-RL+K,alpha,intercept,0.03016354428657266,0.029198650491170576,-0.027503679851198715,0.08783076842434404,1.033045835309884,0.30315117612191206,0.0010376010849586503,-0.011527963681268183,162,LESS + IES-R
WM-RL+K,alpha,lec_total,0.0007659830100040108,0.0025290887174010935,-0.004228957628597764,0.0057609236486057865,0.3028691736805261,0.7623854459776731,0.0010376010849586503,-0.011527963681268183,162,LESS + IES-R
WM-RL+K,alpha,ies_total,-0.00012355779565264002,0.0004330140297529585,-0.0009787588644867766,0.0007316432731814964,-0.285343631297886,0.7757522525528892,0.0010376010849586503,-0.011527963681268183,162,LESS + IES-R
WM-RL+K,phi,intercept,0.12513712470999558,0.0347164696305351,0.056575514679175404,0.19369873474081575,3.6045463735728007,0.0004172269913618682,0.007918910365007581,0.0017184035547888055,162,LESS
WM-RL+K,phi,lec_total,0.0037400124584608973,0.003309435564786415,-0.002795797001134663,0.010275821918056458,1.1301058398767376,0.260122917569252,0.007918910365007581,0.0017184035547888055,162,LESS
WM-RL+K,phi,intercept,0.15516036344674652,0.02101634438167673,0.1136551521420068,0.19666557475148624,7.382842640417728,8.008227988431407e-12,0.0009980785452969876,-0.005245683463795059,162,IES-R
WM-RL+K,phi,ies_total,0.0002273320137602634,0.0005685928699690123,-0.0008955829321428751,0.0013502469596634017,0.3998150975277842,0.6898259481151726,0.0009980785452969876,-0.005245683463795059,162,IES-R
WM-RL+K,phi,intercept,0.11956674350130507,0.038358628018803846,0.043808598437489216,0.19532488856512092,3.1170756014185925,0.0021682039472867057,0.00866447516868818,-0.003805154074473016,162,LESS + IES-R
WM-RL+K,phi,lec_total,0.003684242593539853,0.0033224951052678955,-0.002877672656278626,0.010246157843358332,1.1088782607078633,0.26915712822143795,0.00866447516868818,-0.003805154074473016,162,LESS + IES-R
WM-RL+K,phi,ies_total,0.0001967130534872093,0.0005688558825429164,-0.0009267751601414261,0.0013202012671158446,0.34580472756624536,0.7299465862126521,0.00866447516868818,-0.003805154074473016,162,LESS + IES-R
WM-RL+K,rho,intercept,0.17911794013558732,0.05393778196628012,0.07259613038777678,0.28563974988339785,3.3208250989550354,0.001111863160026776,0.016158307432955987,0.010009296854411875,162,LESS
WM-RL+K,rho,lec_total,0.008335022408850217,0.00514175593960449,-0.0018194394173819337,0.018489484235082367,1.6210459046975607,0.10697686351877726,0.016158307432955987,0.010009296854411875,162,LESS
WM-RL+K,rho,intercept,0.2645852981891769,0.032804144581449826,0.19980034188101042,0.3293702544973434,8.065605781374202,1.6180982348017701e-13,6.355048893691428e-05,-0.006186052320507285,162,IES-R
WM-RL+K,rho,ies_total,-8.94965285860054e-05,0.0008875093772591134,-0.0018422401822441293,0.0016632471250721185,-0.10084009350120521,0.9198036499979628,6.355048893691428e-05,-0.006186052320507285,162,IES-R
WM-RL+K,rho,intercept,0.18362441372299518,0.0596128099744863,0.06588933979138976,0.3013594876546006,3.0802844858610863,0.0024373456711907914,0.016358778737994073,0.003985933187528601,162,LESS + IES-R
WM-RL+K,rho,lec_total,0.00838014058188444,0.005163460727907239,-0.0018176748004685127,0.01857795596423739,1.6229697529395033,0.10657690842873527,0.016358778737994073,0.003985933187528601,162,LESS + IES-R
WM-RL+K,rho,ies_total,-0.00015914210295975956,0.000884053976390291,-0.0019051453582062017,0.0015868611522866826,-0.18001401182488627,0.8573707870320901,0.016358778737994073,0.003985933187528601,162,LESS + IES-R
WM-RL+K,capacity,intercept,3.5634923336550965,0.35124239409362984,2.86982318162364,4.257161485686553,10.145393590231551,5.511842379296768e-19,0.002258485066594096,-0.003977399401739801,162,LESS
WM-RL+K,capacity,lec_total,-0.020150456304060912,0.033483072537184924,-0.08627622849113203,0.04597531588301021,-0.6018102514840191,0.5481522576867252,0.002258485066594096,-0.003977399401739801,162,LESS
WM-RL+K,capacity,intercept,3.3677546733481187,0.2121334819468408,2.948811928924392,3.7866974177718453,15.875639443810453,1.0940666288381286e-34,3.372073853924462e-06,-0.006246606850684566,162,IES-R
WM-RL+K,capacity,ies_total,-0.00013330999621172972,0.005739227675667292,-0.011467719686046493,0.011201099693623035,-0.02322786335466818,0.9814974559043304,3.372073853924462e-06,-0.006246606850684566,162,IES-R
WM-RL+K,capacity,intercept,3.5625228387737367,0.38823764320561,2.795754963791701,4.329290713755772,9.176139668885819,2.2525609491721e-16,0.0022587069550603633,-0.010291497988901055,162,LESS + IES-R
WM-RL+K,capacity,lec_total,-0.020160162749014613,0.033627836443969016,-0.0865750123691737,0.04625468687114448,-0.5995081718268033,0.5496873899294815,0.0022587069550603633,-0.010291497988901055,162,LESS + IES-R
WM-RL+K,capacity,ies_total,3.42368486656718e-05,0.00575753822722349,-0.01133687934492294,0.011405353042254285,0.005946438792848822,0.9952629104959565,0.0022587069550603633,-0.010291497988901055,162,LESS + IES-R
WM-RL+K,kappa,intercept,0.14350825854598706,0.12749754048639605,-0.10828683305596556,0.3953033501479397,1.1255766817031214,0.2620302870446276,0.012908818199170224,0.006739498312914982,162,LESS
WM-RL+K,kappa,lec_total,0.01758104880520777,0.012154026587350647,-0.006421957262356802,0.04158405487277234,1.4465205155553402,0.14998744369850575,0.012908818199170224,0.006739498312914982,162,LESS
WM-RL+K,kappa,intercept,0.37678200167013853,0.07721929377596445,0.22428149793036897,0.5292825054099081,4.879376425835909,2.552361732217151e-06,0.005095906814793882,-0.0011222437676137176,162,IES-R
WM-RL+K,kappa,ies_total,-0.0018912553948331643,0.0020891520936122464,-0.0060171251235722435,0.0022346143339059153,-0.9052741543403339,0.3666813226210369,0.005095906814793882,-0.0011222437676137176,162,IES-R
WM-RL+K,kappa,intercept,0.20133725458041735,0.14050268563693205,-0.07615501743516395,0.47882952659599864,1.4329779795148239,0.15382742376553896,0.01883649429849521,0.006494814981495178,162,LESS + IES-R
WM-RL+K,kappa,lec_total,0.018160024494040253,0.01216986919023434,-0.005875421066459916,0.04219547005454043,1.4922119712357047,0.1376250794608231,0.01883649429849521,0.006494814981495178,162,LESS + IES-R
WM-RL+K,kappa,ies_total,-0.002042179514085169,0.0020836454108438492,-0.006157371309236995,0.0020730122810666573,-0.9800993506174895,0.32852601405209225,0.01883649429849521,0.006494814981495178,162,LESS + IES-R
WM-RL+K,epsilon,intercept,0.12579727153118517,0.015191368787546346,0.0957958136142192,0.15579872944815115,8.280838500498511,4.595201291545124e-14,0.05145527273153239,0.04552686818610441,162,LESS
WM-RL+K,epsilon,lec_total,-0.00426639742267226,0.0014481557796151188,-0.007126362530948155,-0.0014064323143963648,-2.946090111801477,0.0036990168427983743,0.05145527273153239,0.04552686818610441,162,LESS
WM-RL+K,epsilon,intercept,0.08508776286029819,0.009408575596545062,0.06650675223736202,0.10366877348323436,9.04363917653416,4.834842027816038e-16,0.000258623322833329,-0.00598976028139897,162,IES-R
WM-RL+K,epsilon,ies_total,-5.178668521725905e-05,0.00025454707553346445,-0.0005544921017801505,0.00045091873134563235,-0.2034463963442818,0.8390446526686997,0.000258623322833329,-0.00598976028139897,162,IES-R
WM-RL+K,epsilon,intercept,0.1262607725444141,0.0167912012802024,0.0930982136083197,0.15942333148050847,7.5194603672151406,3.79396863756675e-12,0.05148104809972731,0.03954999210098176,162,LESS + IES-R
WM-RL+K,epsilon,lec_total,-0.004261756916407033,0.0014543972750457141,-0.00713418602647111,-0.001389327806342956,-2.9302563952294802,0.0038857648862277027,0.05148104809972731,0.03954999210098176,162,LESS + IES-R
WM-RL+K,epsilon,ies_total,-1.636812566157218e-05,0.00024901238955999397,-0.0005081666519729341,0.0004754304006497897,-0.06573217377052899,0.9476736320827104,0.05148104809972731,0.03954999210098176,162,LESS + IES-R
WM-RL+M5,alpha,intercept,0.09173774928263323,0.021603096083896045,0.04906964546145434,0.13440585310381212,4.246509339511702,3.694005703940946e-05,0.03296343120824885,0.014601977370430674,162,
WM-RL+M5,alpha,ies_intrusion,0.004981252955259711,0.0030071254663832964,-0.0009580967150220644,0.010920602625541486,1.6564832465240367,0.09960855817953906,0.03296343120824885,0.014601977370430674,162,
WM-RL+M5,alpha,ies_avoidance,-0.00033560276958291595,0.0022312734587000916,-0.004742573289897643,0.004071367750731812,-0.15040862350347384,0.8806340814875065,0.03296343120824885,0.014601977370430674,162,
WM-RL+M5,alpha,ies_hyperarousal,-0.006347580882179954,0.002991315631639274,-0.012255704673188041,-0.00043945709117186767,-2.122003046098285,0.03539680720088202,0.03296343120824885,0.014601977370430674,162,
WM-RL+M5,phi,intercept,0.3237807307686773,0.05322498006870494,0.21865649456511776,0.42890496697223685,6.083247571924463,8.551448257642293e-09,0.034009977438090755,0.01566839473121895,162,
WM-RL+M5,phi,ies_intrusion,0.0153729984010718,0.007408854378593347,0.0007398288500893059,0.030006167952054293,2.074949461213534,0.03961242397612518,0.034009977438090755,0.01566839473121895,162,
WM-RL+M5,phi,ies_avoidance,0.0012454438891975929,0.005497336349657379,-0.009612301556001545,0.012103189334396731,0.22655406363760425,0.8210633534909688,0.034009977438090755,0.01566839473121895,162,
WM-RL+M5,phi,ies_hyperarousal,-0.014424702886426671,0.007369902640570602,-0.028980939168422374,0.00013153339556903204,-1.9572447004957807,0.052080882383652966,0.034009977438090755,0.01566839473121895,162,
WM-RL+M5,rho,intercept,0.2995952760110418,0.040933126096122666,0.2187485831475721,0.38044196887451154,7.319139889475007,1.1901133729749009e-11,0.020293948782242,0.0016919351515249925,162,
WM-RL+M5,rho,ies_intrusion,0.009255409995852669,0.005697842819580243,-0.001998354188617102,0.02050917418032244,1.62437088717981,0.10628993752798968,0.020293948782242,0.0016919351515249925,162,
WM-RL+M5,rho,ies_avoidance,0.0004461870031300102,0.004227773532331158,-0.00790405498576759,0.008796428992027611,0.10553711066069958,0.9160834905729831,0.020293948782242,0.0016919351515249925,162,
WM-RL+M5,rho,ies_hyperarousal,-0.008294670196465214,0.005667886652342791,-0.019489268192495683,0.0028999277995652526,-1.4634502602547028,0.14533078388075896,0.020293948782242,0.0016919351515249925,162,
WM-RL+M5,capacity,intercept,3.140322211644914,0.22814140410584316,2.689721932939766,3.590922490350062,13.764806190935879,7.813230585861102e-29,0.022485955409063063,0.003925562157336304,162,
WM-RL+M5,capacity,ies_intrusion,0.009831601740992707,0.031757014066818745,-0.0528914249951495,0.07255462847713491,0.30958835488457453,0.7572819296833687,0.022485955409063063,0.003925562157336304,162,
WM-RL+M5,capacity,ies_avoidance,0.033850266278217446,0.023563560419073745,-0.012689935110191015,0.08039046766662591,1.4365514241564712,0.15282262800063298,0.022485955409063063,0.003925562157336304,162,
WM-RL+M5,capacity,ies_hyperarousal,-0.052108865078959204,0.031590052910733746,-0.11450212815926833,0.010284398001349927,-1.6495339601426728,0.1010250116989817,0.022485955409063063,0.003925562157336304,162,
WM-RL+M5,kappa,intercept,0.40179098281662984,0.07770595071992843,0.2483145755477248,0.5552673900855349,5.170659120622363,6.970356954283805e-07,0.029592602899409348,0.011167145992435956,162,
WM-RL+M5,kappa,ies_intrusion,-0.020216980288339244,0.01081657658661306,-0.041580714958360895,0.0011467543816824043,-1.8690738355572154,0.06346342830905805,0.029592602899409348,0.011167145992435956,162,
WM-RL+M5,kappa,ies_avoidance,-0.0019664963288444567,0.00802585077393983,-0.017818290569163103,0.013885297911474189,-0.24502029557162056,0.8067586578917917,0.029592602899409348,0.011167145992435956,162,
WM-RL+M5,kappa,ies_hyperarousal,0.015795709451852824,0.010759708893448235,-0.005455706288205981,0.037047125191911626,1.4680424543336013,0.14408063342960506,0.029592602899409348,0.011167145992435956,162,
WM-RL+M5,phi_rl,intercept,0.0865058517697176,0.017843721505582215,0.05126285887649356,0.12174884466294164,4.8479714135112,2.959847805351488e-06,0.013483606725249508,-0.005247717197688795,162,
WM-RL+M5,phi_rl,ies_intrusion,0.0019421199811907174,0.002483824964074801,-0.0029636630153392126,0.006847902977720647,0.7819069416246636,0.4354394296628976,0.013483606725249508,-0.005247717197688795,162,
WM-RL+M5,phi_rl,ies_avoidance,-0.0019303994622950303,0.0018429868591623311,-0.0055704681979253014,0.001709669273335241,-1.047429856972735,0.29650102239729537,0.013483606725249508,-0.005247717197688795,162,
WM-RL+M5,phi_rl,ies_hyperarousal,-0.001193227152167056,0.0024707663595522804,-0.006073218202423971,0.0036867638980898594,-0.48293807609687417,0.6298081907253736,0.013483606725249508,-0.005247717197688795,162,
WM-RL+M5,epsilon,intercept,0.06761217620614751,0.007952746252631386,0.051904770126344035,0.08331958228595099,8.501739406532197,1.3290170603607556e-14,0.017020833856230877,-0.0016433275262457414,162,
WM-RL+M5,epsilon,ies_intrusion,-0.001743798507437288,0.001107012887925794,-0.003930250886761351,0.0004426538718867749,-1.5752287317129947,0.11720386207865385,0.017020833856230877,-0.0016433275262457414,162,
WM-RL+M5,epsilon,ies_avoidance,0.0008804539123822641,0.0008213985425219115,-0.0007418838374838763,0.0025027916622484044,1.0718961220445278,0.28540122384957395,0.017020833856230877,-0.0016433275262457414,162,
WM-RL+M5,epsilon,ies_hyperarousal,0.0006577810303834695,0.001101192814565616,-0.0015171761681843467,0.0028327382289512855,0.5973350186115609,0.5511388148887626,0.017020833856230877,-0.0016433275262457414,162,
WM-RL+M5,alpha,intercept,0.08328636339796197,0.03409076493676546,0.015960458542962894,0.15061226825296103,2.4430769902772442,0.015650127391284904,0.0001632344100019889,-0.006085745374935669,162,LESS
WM-RL+M5,alpha,lec_total,0.0005252383377374967,0.003249788677051214,-0.005892774390221042,0.0069432510656960355,0.1616223053045056,0.871807201714786,0.0001632344100019889,-0.006085745374935669,162,LESS
WM-RL+M5,alpha,intercept,0.10442531830113866,0.020513208555804772,0.06391375072380223,0.14493688587847509,5.0906379670960185,9.916997748854652e-07,0.005284901952188226,-0.000932067410610582,162,IES-R
WM-RL+M5,alpha,ies_total,-0.0005116900030875395,0.0005549806337959989,-0.00160772212253759,0.0005843421163625108,-0.9219961417169518,0.3579187685786319,0.005284901952188226,-0.000932067410610582,162,IES-R
WM-RL+M5,alpha,intercept,0.09793416117660718,0.037579771055420076,0.023714255665756204,0.17215406668745814,2.6060340025004565,0.010029967869130343,0.00555138571839886,-0.006957401882627501,162,LESS + IES-R
WM-RL+M5,alpha,lec_total,0.0006718900071477896,0.003255033139545924,-0.005756788115864436,0.007100568130160015,0.20641571939311132,0.8367302754205234,0.00555138571839886,-0.006957401882627501,162,LESS + IES-R
WM-RL+M5,alpha,ies_total,-0.0005172739387037206,0.0005573054859785977,-0.0016179501628619478,0.0005834022854545066,-0.9281694720722444,0.354726532061316,0.00555138571839886,-0.006957401882627501,162,LESS + IES-R
WM-RL+M5,phi,intercept,0.31574423083669306,0.08384931346188149,0.15015009087641654,0.4813383707969696,3.7656149800228564,0.00023300458248323822,0.0046281481727371565,-0.0015929259011833174,162,LESS
WM-RL+M5,phi,lec_total,0.0068942785647192984,0.007993148583564594,-0.008891403042224424,0.022679960171663023,0.8625235090581479,0.38969045308414973,0.0046281481727371565,-0.0015929259011833174,162,LESS
WM-RL+M5,phi,intercept,0.35696287157836043,0.050637083255990596,0.2569596168625701,0.4569661262941508,7.049435880296879,5.084216752313915e-11,0.002530544299419235,-0.0037036397987095793,162,IES-R
WM-RL+M5,phi,ies_total,0.0008728308255708487,0.0013699758612866063,-0.0018327366400378812,0.0035783982911795787,0.6371140180171743,0.5249611403946932,0.002530544299419235,-0.0037036397987095793,162,IES-R
WM-RL+M5,phi,intercept,0.29259597579642604,0.09257775410875158,0.1097552620457943,0.47543668954705776,3.160543033402085,0.0018857532233675367,0.00684258018890338,-0.005649965972242432,162,LESS + IES-R
WM-RL+M5,phi,lec_total,0.006662521525409349,0.00801877310972223,-0.009174524997275588,0.022499568048094287,0.8308654496448447,0.4072955574798065,0.00684258018890338,-0.005649965972242432,162,LESS + IES-R
WM-RL+M5,phi,ies_total,0.0008174600195705654,0.0013729218884356023,-0.0018940555105053654,0.0035289755496464965,0.5954162625391844,0.5524117833381146,0.00684258018890338,-0.005649965972242432,162,LESS + IES-R
WM-RL+M5,rho,intercept,0.2323673953381719,0.06360250077617094,0.10675871733580683,0.357976073340537,3.6534317440742794,0.0003503007144874271,0.01793766481337722,0.011799775218460762,162,LESS
WM-RL+M5,rho,lec_total,0.010364920683168546,0.00606306978555444,-0.0016090452946740212,0.022338886661011113,1.7095169690877507,0.08929391544044388,0.01793766481337722,0.011799775218460762,162,LESS
WM-RL+M5,rho,intercept,0.3184912772848667,0.03868661535430599,0.24208902027076878,0.3948935342989646,8.232596063729241,6.099850436460484e-14,0.0016379806707710332,-0.0046017819500367985,162,IES-R
WM-RL+M5,rho,ies_total,0.0005362598973799868,0.0010466584128146618,-0.001530787434868294,0.002603307229628268,0.5123542607734675,0.6091096326402408,0.0016379806707710332,-0.0046017819500367985,162,IES-R
WM-RL+M5,rho,intercept,0.2195911337883189,0.07026014321822951,0.08082761702432459,0.3583546505523132,3.1254011695687,0.0021112440731676277,0.019094410158220443,0.0067559750658710005,162,LESS + IES-R
WM-RL+M5,rho,lec_total,0.010237006568472108,0.006085696856090745,-0.001782221674313923,0.022256234811258137,1.6821420472540642,0.09450418515416892,0.019094410158220443,0.0067559750658710005,162,LESS + IES-R
WM-RL+M5,rho,ies_total,0.00045118230287395276,0.001041953214760573,-0.0016066713501515205,0.002509035955899426,0.4330158940750794,0.6655900420371569,0.019094410158220443,0.0067559750658710005,162,LESS + IES-R
WM-RL+M5,capacity,intercept,3.380766142177247,0.3579625852252936,2.673825274196411,4.087707010158082,9.444467890546349,4.2038792139657974e-17,0.0008406316060983743,-0.005404114446363684,162,LESS
WM-RL+M5,capacity,lec_total,-0.012519917790486564,0.03412369181011148,-0.07991084997902242,0.054871014398049305,-0.3668981029413904,0.7141798036489637,0.0008406316060983743,-0.005404114446363684,162,LESS
WM-RL+M5,capacity,intercept,3.2800580963471098,0.21602782069070647,2.8534244162629787,3.706691776431241,15.183498522828074,8.096536543609403e-33,0.00010413907162065694,-0.006145210059181894,162,IES-R
WM-RL+M5,capacity,ies_total,-0.0007544724300673534,0.005844588208536016,-0.012296958800626336,0.010788013940491628,-0.12908906549916505,0.8974493037457374,0.00010413907162065694,-0.006145210059181894,162,IES-R
WM-RL+M5,capacity,intercept,3.399227832964421,0.3956503339788383,2.6178199217788976,4.180635744149945,8.59149491618079,7.5551715376322e-15,0.0009182102064558828,-0.011648856331827773,162,LESS + IES-R
WM-RL+M5,capacity,lec_total,-0.012335081966358269,0.03426989874084894,-0.08001800219121133,0.05534783825849479,-0.35993925922095393,0.719370203093068,0.0009182102064558828,-0.011648856331827773,162,LESS + IES-R
WM-RL+M5,capacity,ies_total,-0.0006519581750736217,0.005867467934557011,-0.012240185124315779,0.010936268774168536,-0.11111405845677519,0.9116660377942103,0.0009182102064558828,-0.011648856331827773,162,LESS + IES-R
WM-RL+M5,kappa,intercept,0.08888355556208212,0.12122733853954201,-0.15052850443355248,0.32829561555771675,0.7331972856361111,0.4645109871931793,0.019401126004220393,0.013272383041746716,162,LESS
WM-RL+M5,kappa,lec_total,0.020561117267522792,0.011556303675368253,-0.002261444888723728,0.04338367942376931,1.7792122676170148,0.07710350787553709,0.019401126004220393,0.013272383041746716,162,LESS
WM-RL+M5,kappa,intercept,0.3632470924275671,0.07355651897115756,0.21798020836371657,0.5085139764914176,4.938339898466387,1.965707516912171e-06,0.008007258913790505,0.0018073042820015983,162,IES-R
WM-RL+M5,kappa,ies_total,-0.002261585866210475,0.0019900564754356097,-0.006191751504023968,0.0016685797716030184,-1.1364430578360492,0.25747043201428327,0.008007258913790505,0.0018073042820015983,162,IES-R
WM-RL+M5,kappa,intercept,0.15792705795387357,0.13335996239448772,-0.1054583627090857,0.42131247861683285,1.1842164253669685,0.2380946503171901,0.028685986399481278,0.016468200064883587,162,LESS + IES-R
WM-RL+M5,kappa,lec_total,0.02125237100004297,0.011551190571184904,-0.0015611866309188371,0.04406592863100478,1.8398424707023888,0.06765599382588934,0.028685986399481278,0.016468200064883587,162,LESS + IES-R
WM-RL+M5,kappa,ies_total,-0.0024382098226512256,0.0019777193038973584,-0.006344197957751298,0.0014677783124488462,-1.2328391687568652,0.21945546073691144,0.028685986399481278,0.016468200064883587,162,LESS + IES-R
WM-RL+M5,phi_rl,intercept,0.06295782857668712,0.02786953521140421,0.007918240011383595,0.11799741714199065,2.259019682212884,0.025232698813500404,0.0008341254888309946,-0.005410661226863844,162,LESS
WM-RL+M5,phi_rl,lec_total,0.0009709681674651197,0.002656734166355577,-0.004275820282159262,0.0062177566170895015,0.3654743405498725,0.7152400614266238,0.0008341254888309946,-0.005410661226863844,162,LESS
WM-RL+M5,phi_rl,intercept,0.08683477585245862,0.016766646059042316,0.053722300394592526,0.11994725131032472,5.179018841733604,6.625729382276143e-07,0.006320242571931645,0.00010974408800612512,162,IES-R
WM-RL+M5,phi_rl,ies_total,-0.00045760848970028594,0.00045361815686543794,-0.0013534596953353388,0.0004382427159347669,-1.0087966779425712,0.31459531594146994,0.006320242571931645,0.00010974408800612512,162,IES-R
WM-RL+M5,phi_rl,intercept,0.07617571277521971,0.03070364861115878,0.015536123050260378,0.13681530250017904,2.4809987158182496,0.01414227451165616,0.007394694796405532,-0.005090906526910022,162,LESS + IES-R
WM-RL+M5,phi_rl,lec_total,0.001103303745350604,0.002659446583293663,-0.004149093184692501,0.006355700675393709,0.41486215676653593,0.6788020386846814,0.007394694796405532,-0.005090906526910022,162,LESS + IES-R
WM-RL+M5,phi_rl,ies_total,-0.0004667778135681644,0.00045533305100032,-0.0013660588648383549,0.0004325032377020261,-1.0251349260562164,0.3068566165990124,0.007394694796405532,-0.005090906526910022,162,LESS + IES-R
WM-RL+M5,epsilon,intercept,0.10733724997648014,0.011957975617866603,0.0837214252743879,0.13095307467857237,8.976205789891882,7.269644474839315e-16,0.07727965544898618,0.07151265329554224,162,LESS
WM-RL+M5,epsilon,lec_total,-0.0041728576559530136,0.0011399243705877522,-0.006424096073701684,-0.0019216192382043432,-3.6606443055528866,0.00034133004384202136,0.07727965544898618,0.07151265329554224,162,LESS
WM-RL+M5,epsilon,intercept,0.06690695362678967,0.0075093642302477585,0.05207669849391194,0.08173720875966739,8.909802691057134,1.0852730671901173e-15,0.00014501294589996938,-0.006104080723188243,162,IES-R
WM-RL+M5,epsilon,ies_total,-3.0948690157970937e-05,0.00020316430306699057,-0.0004321781892200181,0.00037028080890407617,-0.1523333070365518,0.8791159811039257,0.00014501294589996938,-0.006104080723188243,162,IES-R
WM-RL+M5,epsilon,intercept,0.10723134731406533,0.013217457662209046,0.08112691848888384,0.13333577613924683,8.112857257009262,1.2631078782285643e-13,0.07728176800400122,0.0656752493625421,162,LESS + IES-R
WM-RL+M5,epsilon,lec_total,-0.004173917938356739,0.001144851644987083,-0.006434995601378541,-0.0019128402753349361,-3.6458155575291435,0.0003606615510676048,0.07728176800400122,0.0656752493625421,162,LESS + IES-R
WM-RL+M5,epsilon,ies_total,3.73985824588123e-06,0.00019601401123428455,-0.000383387071589771,0.00039086678808153343,0.019079545499485682,0.9848015701363447,0.07728176800400122,0.0656752493625421,162,LESS + IES-R
WM-RL+M6a,alpha,intercept,0.03835803827233896,0.01958377840986278,-0.00032172721858453324,0.07703780376326246,1.9586638221468586,0.0519127880823332,0.023077303702206398,0.004528138582627905,162,
WM-RL+M6a,alpha,ies_intrusion,0.0036855365647763937,0.0027260388305269698,-0.001698641119282346,0.009069714248835133,1.3519750795567147,0.1783154239638122,0.023077303702206398,0.004528138582627905,162,
WM-RL+M6a,alpha,ies_avoidance,0.0005119989093023919,0.0020227084496265467,-0.003483036514947615,0.004507034333552398,0.2531254118194456,0.8005003461396556,0.023077303702206398,0.004528138582627905,162,
WM-RL+M6a,alpha,ies_hyperarousal,-0.005128938641892996,0.002711706796862856,-0.010484809239876009,0.0002269319560900167,-1.8914060501771832,0.06040017191278542,0.023077303702206398,0.004528138582627905,162,
WM-RL+M6a,phi,intercept,0.18799053272366337,0.02893782482814157,0.13083566430428656,0.24514540114304018,6.496360173583109,1.0189245252243453e-09,0.012178651900222826,-0.006577449645975619,162,
WM-RL+M6a,phi,ies_intrusion,0.0037090561351140194,0.004028111046884241,-0.004246834061560878,0.011664946331788916,0.9207929205385209,0.3585623182525086,0.012178651900222826,-0.006577449645975619,162,
WM-RL+M6a,phi,ies_avoidance,0.001817955824183404,0.0029888401292478147,-0.00408527862167535,0.007721190270042158,0.6082479308255672,0.5438964253942289,0.012178651900222826,-0.006577449645975619,162,
WM-RL+M6a,phi,ies_hyperarousal,-0.004479761441739249,0.00400693342370432,-0.012393823882752758,0.003434300999274259,-1.1180024642380533,0.2652629552305454,0.012178651900222826,-0.006577449645975619,162,
WM-RL+M6a,rho,intercept,0.29889834426688466,0.040441075859102435,0.21902349592592602,0.3787731926078433,7.390959263998139,7.973982922237228e-12,0.015552378027428038,-0.0031396654277475733,162,
WM-RL+M6a,rho,ies_intrusion,0.0029344802086786383,0.005629350007589907,-0.008184004365791774,0.01405296478314905,0.5212822447924103,0.6029000453819825,0.015552378027428038,-0.0031396654277475733,162,
WM-RL+M6a,rho,ies_avoidance,0.004315681998270632,0.004176952176450195,-0.0039341831335023775,0.012565547130043642,1.033213169785041,0.3030830370191768,0.015552378027428038,-0.0031396654277475733,162,
WM-RL+M6a,rho,ies_hyperarousal,-0.008225762584484033,0.005599753938409828,-0.019285792197333652,0.0028342670283655873,-1.4689507208632666,0.14383436133658808,0.015552378027428038,-0.0031396654277475733,162,
WM-RL+M6a,capacity,intercept,3.063438185373467,0.21484452862564066,2.639100460021007,3.4877759107259267,14.25886060478368,3.512403226485338e-30,0.014605636422734714,-0.004104383138858969,162,
WM-RL+M6a,capacity,ies_intrusion,0.03936608289858433,0.029906104700653795,-0.01970122742115079,0.09843339321831945,1.3163226469184308,0.1899721505845906,0.014605636422734714,-0.004104383138858969,162,
WM-RL+M6a,capacity,ies_avoidance,-0.01166534539333134,0.022190194063279378,-0.05549302177949114,0.03216233099282846,-0.5256982142682252,0.5998349325024713,0.014605636422734714,-0.004104383138858969,162,
WM-RL+M6a,capacity,ies_hyperarousal,-0.010015765841273769,0.029748874622148484,-0.06877253227936232,0.048741000596814785,-0.3366771337903613,0.7368070649972658,0.014605636422734714,-0.004104383138858969,162,
WM-RL+M6a,kappa_s,intercept,0.8014851646405451,0.047588019611378846,0.7074944443503997,0.8954758849306905,16.842162611215297,4.2524984590315165e-37,0.010729471837844118,-0.008054145785488132,162,
WM-RL+M6a,kappa_s,ies_intrusion,-0.004392232792320395,0.006624196138941437,-0.017475630074384053,0.008691164489743265,-0.6630589886220194,0.5082589597270615,0.010729471837844118,-0.008054145785488132,162,
WM-RL+M6a,kappa_s,ies_avoidance,-0.0018488984834667834,0.004915123494271823,-0.0115567199333672,0.007858922966433632,-0.3761652144898342,0.7072986931003722,0.010729471837844118,-0.008054145785488132,162,
WM-RL+M6a,kappa_s,ies_hyperarousal,0.0020796119384480028,0.006589369708371977,-0.010934999936677316,0.015094223813573324,0.3156010408409469,0.7527218284331694,0.010729471837844118,-0.008054145785488132,162,
WM-RL+M6a,epsilon,intercept,0.08065150244772283,0.00830887946189925,0.06424070048946755,0.09706230440597811,9.706664155805127,9.219825000615633e-18,0.026658364226644027,0.008177193927149773,162,
WM-RL+M6a,epsilon,ies_intrusion,-0.0011976179601440784,0.001156586210141054,-0.003481982215193132,0.0010867462949049752,-1.0354766031647744,0.30202860389165964,0.026658364226644027,0.008177193927149773,162,
WM-RL+M6a,epsilon,ies_avoidance,0.0014504048101648009,0.0008581817227899204,-0.00024458310745754854,0.0031453927277871503,1.690090538691016,0.09298266294394873,0.026658364226644027,0.008177193927149773,162,
WM-RL+M6a,epsilon,ies_hyperarousal,-0.0009829415712682887,0.0011505055071394804,-0.003255295878022463,0.0012894127354858857,-0.8543562505078238,0.39420115876476225,0.026658364226644027,0.008177193927149773,162,
WM-RL+M6a,alpha,intercept,0.03059515970067935,0.03073467288435937,-0.03010279372454025,0.09129311312589895,0.9954607233268776,0.3210153269381479,0.000991636276178487,-0.005252165997095437,162,LESS
WM-RL+M6a,alpha,lec_total,0.0011676121414718676,0.00292986068566465,-0.004618574297211671,0.006953798580155406,0.3985213860798267,0.6907772114060227,0.000991636276178487,-0.005252165997095437,162,LESS
WM-RL+M6a,alpha,intercept,0.04950646707725785,0.0185377586638885,0.012896218573156391,0.0861167155813593,2.670574581041251,0.008354349305057837,0.001375330553646692,-0.004866073630393153,162,IES-R
WM-RL+M6a,alpha,ies_total,-0.00023543110919302585,0.0005015352437164597,-0.0012259138444005186,0.0007550516260144669,-0.4694208675116072,0.6394079051850798,0.001375330553646692,-0.004866073630393153,162,IES-R
WM-RL+M6a,alpha,intercept,0.037553110342547866,0.03394644118232444,-0.02949098242923065,0.10459720311432638,1.1062458695110986,0.2702910626147612,0.0024861989185860356,-0.010061144491243068,162,LESS + IES-R
WM-RL+M6a,alpha,lec_total,0.0012372741543371778,0.002940326348852937,-0.004569859248926474,0.007044407557600829,0.42079483959998387,0.6744731081938147,0.0024861989185860356,-0.010061144491243068,162,LESS + IES-R
WM-RL+M6a,alpha,ies_total,-0.0002457138327696313,0.0005034234474834729,-0.0012399732349641865,0.0007485455694249239,-0.4880857933771508,0.62616147503121,0.0024861989185860356,-0.010061144491243068,162,LESS + IES-R
WM-RL+M6a,phi,intercept,0.17423035028419054,0.04506435001729622,0.08523269513492687,0.2632280054334542,3.8662568131420714,0.00016039392489806855,0.0053791225569796985,-0.0008372579270392588,162,LESS
WM-RL+M6a,phi,lec_total,0.0039961189942961176,0.004295873521656951,-0.004487808325160133,0.012480046313752368,0.9302226832681015,0.3536571698260459,0.0053791225569796985,-0.0008372579270392588,162,LESS
WM-RL+M6a,phi,intercept,0.1997488786949754,0.02722715377311064,0.1459779302342689,0.2535198271556819,7.336384859009615,1.0385517179222617e-11,0.002364843536050487,-0.0038703761918492674,162,IES-R
WM-RL+M6a,phi,ies_total,0.0004536509262912357,0.0007366250392450734,-0.0010011110128443333,0.0019084128654268046,0.6158505374133869,0.5388682631937893,0.002364843536050487,-0.0038703761918492674,162,IES-R
WM-RL+M6a,phi,intercept,0.16229650847541668,0.049759831449819915,0.0640210298144352,0.2605719871363982,3.261596829142878,0.0013557014065358735,0.007415186453186728,-0.005070157113439944,162,LESS + IES-R
WM-RL+M6a,phi,lec_total,0.0038766390663109037,0.004310028928822403,-0.004635651745000352,0.01238892987762216,0.8994461824575476,0.3697752146704594,0.007415186453186728,-0.005070157113439944,162,LESS + IES-R
WM-RL+M6a,phi,ies_total,0.00042143299966162823,0.0007379349652625234,-0.0010359857619952038,0.0018788517613184603,0.5710977518346778,0.5687397056167183,0.007415186453186728,-0.005070157113439944,162,LESS + IES-R
WM-RL+M6a,rho,intercept,0.253575689687541,0.06302269964888836,0.12911206183593246,0.37803931753914954,4.023561210488604,8.82090949880956e-05,0.007373362137901629,0.0011694456512634233,162,LESS
WM-RL+M6a,rho,lec_total,0.0065496062006346846,0.006007798771780489,-0.0053152049658832705,0.01841441736715264,1.0901840173807325,0.27727122077791216,0.007373362137901629,0.0011694456512634233,162,LESS
WM-RL+M6a,rho,intercept,0.3201701976356663,0.03816037379321366,0.24480721590150317,0.3955331793698294,8.390122155789904,2.4135488687852817e-14,1.5958807521365692e-05,-0.006233941449931724,162,IES-R
WM-RL+M6a,rho,ies_total,-5.216996295387408e-05,0.0010324210557327452,-0.0020910999164908896,0.0019867599905831414,-0.05053167277458056,0.9597617385060475,1.5958807521365692e-05,-0.006233941449931724,162,IES-R
WM-RL+M6a,rho,intercept,0.25660150916642055,0.06965834510796046,0.1190265413910539,0.3941764769417872,3.68371526439115,0.00031465548985799044,0.00744015306170942,-0.0050448764595270035,162,LESS + IES-R
WM-RL+M6a,rho,lec_total,0.006579900275185562,0.006033571131605805,-0.005336379859155328,0.018496180409526452,1.0905482228788035,0.27712163770448833,0.00744015306170942,-0.0050448764595270035,162,LESS + IES-R
WM-RL+M6a,rho,ies_total,-0.00010685412123374231,0.001033028589120627,-0.0021470816724200193,0.001933373429952535,-0.10343771930329891,0.9177459278460465,0.00744015306170942,-0.0050448764595270035,162,LESS + IES-R
WM-RL+M6a,capacity,intercept,3.428500051498414,0.33553661885896013,2.765848259478818,4.09115184351801,10.217960898448327,3.5055464904376827e-19,0.002102274788482683,-0.004134585994089335,162,LESS
WM-RL+M6a,capacity,lec_total,-0.01857034683227547,0.031985879657628974,-0.08173931046589998,0.044598616801349036,-0.5805795254358822,0.5623406947155399,0.002102274788482683,-0.004134585994089335,162,LESS
WM-RL+M6a,capacity,intercept,3.081821492373966,0.2020577288997475,2.682777368361056,3.4808656163868763,15.252183171389776,5.2727401867280166e-33,0.005664309711768123,-0.0005502883525334568,162,IES-R
WM-RL+M6a,capacity,ies_total,0.005218992508168492,0.005466630251581461,-0.00557706410358888,0.016015049119925864,0.954700111034338,0.3411695412263497,0.005664309711768123,-0.0005502883525334568,162,IES-R
WM-RL+M6a,capacity,intercept,3.275982624476143,0.36975757275055693,2.54571281865438,4.006252430297907,8.859812119889055,1.520598976314412e-15,0.008120724367899013,-0.004355744507976489,162,LESS + IES-R
WM-RL+M6a,capacity,lec_total,-0.020097329633716163,0.032027155011832786,-0.08335083948757058,0.04315618022013826,-0.6275090505632168,0.5312257374181413,0.008120724367899013,-0.004355744507976489,162,LESS + IES-R
WM-RL+M6a,capacity,ies_total,0.005386017160325861,0.0054834800209964275,-0.005443835113888444,0.016215869434540165,0.9822260935943273,0.3274806961953085,0.008120724367899013,-0.004355744507976489,162,LESS + IES-R
WM-RL+M6a,kappa_s,intercept,0.7813226073838407,0.07420415907578426,0.6347766978670484,0.9278685169006331,10.529364083027755,4.993856266637657e-20,0.0013322854291061281,-0.004909387786962149,162,LESS
WM-RL+M6a,kappa_s,lec_total,-0.003268095569479508,0.007073699765959869,-0.017237956272201232,0.010701765133242214,-0.46200654220670656,0.6447042124344434,0.0013322854291061281,-0.004909387786962149,162,LESS
WM-RL+M6a,kappa_s,intercept,0.7935822903178154,0.04459826696968778,0.7055051033063603,0.8816594773292704,17.794016320346966,9.161751977279452e-40,0.008765546157370685,0.0025703308208541165,162,IES-R
WM-RL+M6a,kappa_s,ies_total,-0.001435236608260459,0.001206596930056389,-0.0038181467677125174,0.0009476735511915995,-1.1894913475317601,0.23600854493948686,0.008765546157370685,0.0025703308208541165,162,IES-R
WM-RL+M6a,kappa_s,intercept,0.8212896824289939,0.0816718413818288,0.6599881050107281,0.9825912598472597,10.055971171132711,1.013909371994631e-18,0.009789137773485779,-0.002666344770243967,162,LESS + IES-R
WM-RL+M6a,kappa_s,lec_total,-0.002867950894806,0.007074139698018425,-0.016839350006929155,0.011103448217317154,-0.40541338130619003,0.685718661758592,0.009789137773485779,-0.002666344770243967,162,LESS + IES-R
WM-RL+M6a,kappa_s,ies_total,-0.0014114016754937762,0.0012111879336609826,-0.0038034932574150995,0.0009806899064275473,-1.1653036133109582,0.2456413286899016,0.009789137773485779,-0.002666344770243967,162,LESS + IES-R
WM-RL+M6a,epsilon,intercept,0.11935931311097712,0.012622678907672815,0.0944307648449136,0.14428786137704064,9.45594148310494,3.9183363726237434e-17,0.06732967065861895,0.061500481100235205,162,LESS
WM-RL+M6a,epsilon,lec_total,-0.004089489202298593,0.0012032888984538105,-0.00646586632497821,-0.0017131120796189752,-3.3985929792533294,0.0008549563394775201,0.06732967065861895,0.061500481100235205,162,LESS
WM-RL+M6a,epsilon,intercept,0.08378736979489353,0.00787100826820498,0.06824290328729163,0.09933183630249542,10.645061844662708,2.4149229924861853e-20,0.003535715730563327,-0.002692186046120648,162,IES-R
WM-RL+M6a,epsilon,ies_total,-0.00016045098768358273,0.00021294850805121028,-0.0005810033284322642,0.00026010135306509875,-0.753473171293584,0.45227294295335574,0.003535715730563327,-0.002692186046120648,162,IES-R
WM-RL+M6a,epsilon,intercept,0.12294889204972376,0.013935709720709302,0.09542591812919703,0.15047186597025047,8.822578434381015,1.9012681350036625e-15,0.06953133753938023,0.05782732920654221,162,LESS + IES-R
WM-RL+M6a,epsilon,lec_total,-0.0040535508481649215,0.0012070642180631028,-0.006437498107397932,-0.0016696035889319106,-3.358189885430777,0.0009818697728586096,0.06953133753938023,0.05782732920654221,162,LESS + IES-R
WM-RL+M6a,epsilon,ies_total,-0.00012676278468565702,0.00020666564112120693,-0.0005349266432077046,0.0002814010738363906,-0.6133713567380664,0.540507266713792,0.06953133753938023,0.05782732920654221,162,LESS + IES-R
WM-RL+M6b,alpha,intercept,0.022270428923244653,0.017579921947771013,-0.012451535554563502,0.056992393401052804,1.2668104550980874,0.20708729316975721,0.015165601333716361,-0.0035337859827322404,162,
WM-RL+M6b,alpha,ies_intrusion,0.00370538350664848,0.002447104377116617,-0.00112787294967528,0.00853863996297224,1.5141910338187017,0.1319752638115943,0.015165601333716361,-0.0035337859827322404,162,
WM-RL+M6b,alpha,ies_avoidance,-0.000547742415350775,0.0018157403501677374,-0.00413399678705695,0.0030385119563553996,-0.30166340429686145,0.7633053471776545,0.015165601333716361,-0.0035337859827322404,162,
WM-RL+M6b,alpha,ies_hyperarousal,-0.0023246680842407197,0.002434238829524378,-0.007132513899504046,0.0024831777310226066,-0.9549876766590453,0.3410427556873662,0.015165601333716361,-0.0035337859827322404,162,
WM-RL+M6b,phi,intercept,0.15310987761994163,0.025656116550957713,0.10243668520375973,0.20378307003612353,5.967772921355325,1.5279850955322904e-08,0.023737216811653528,0.005200581687824113,162,
WM-RL+M6b,phi,ies_intrusion,0.004570053759094289,0.003571301129674417,-0.0024835947913666376,0.011623702309555216,1.279660715564169,0.20254034414196465,0.023737216811653528,0.005200581687824113,162,
WM-RL+M6b,phi,ies_avoidance,0.00019777930458321846,0.002649889242317529,-0.005035995931463335,0.005431554540629772,0.0746368193148501,0.9405980911310382,0.023737216811653528,0.005200581687824113,162,
WM-RL+M6b,phi,ies_hyperarousal,-0.0013833245335673028,0.003552525165281684,-0.008399888825598759,0.005633239758464154,-0.3893919027193203,0.6975105912760042,0.023737216811653528,0.005200581687824113,162,
WM-RL+M6b,rho,intercept,0.24922855307149253,0.03601172926046136,0.17810207208477097,0.3203550340582141,6.920760490808476,1.0607850318215665e-10,0.009738017393254195,-0.009064425314468938,162,
WM-RL+M6b,rho,ies_intrusion,0.004559601574256532,0.005012790191141149,-0.005341120594397735,0.0144603237429108,0.909593539804336,0.36442236339334666,0.009738017393254195,-0.009064425314468938,162,
WM-RL+M6b,rho,ies_avoidance,0.0009042139314167757,0.0037194675887526622,-0.006442077017810305,0.008250504880643857,0.24310305435945667,0.8082408877518761,0.009738017393254195,-0.009064425314468938,162,
WM-RL+M6b,rho,ies_hyperarousal,-0.0030852600422813896,0.004986435659075777,-0.012933929583573499,0.00676340949901072,-0.6187305428609972,0.5369848951778606,0.009738017393254195,-0.009064425314468938,162,
WM-RL+M6b,capacity,intercept,3.0319087387154986,0.22271368403299865,2.5920287068990855,3.4717887705319117,13.61348204480454,2.025425821243023e-28,0.02336158022885182,0.0048178127648426106,162,
WM-RL+M6b,capacity,ies_intrusion,0.038959636259308386,0.031001481841619896,-0.022271144768170707,0.10019041728678749,1.2567023879163275,0.21071615457200177,0.02336158022885182,0.0048178127648426106,162,
WM-RL+M6b,capacity,ies_avoidance,-0.01371940830824237,0.023002958934325475,-0.0591523701481781,0.031713553531693355,-0.5964192844673558,0.5517487152853982,0.02336158022885182,0.0048178127648426106,162,
WM-RL+M6b,capacity,ies_hyperarousal,0.00424510086734213,0.030838492864201105,-0.05666376192289888,0.06515396365758314,0.13765591224044738,0.8906876333456586,0.02336158022885182,0.0048178127648426106,162,
WM-RL+M6b,kappa_total,intercept,0.9182440096997205,0.05184224969687709,0.8158507932922461,1.020637226107195,17.712271652343713,2.299622530643007e-39,0.02946088153821036,0.011032923592733224,162,
WM-RL+M6b,kappa_total,ies_intrusion,-0.006476696291016554,0.007216379943534718,-0.02072971111111645,0.007776318529083343,-0.8974993475529432,0.37081806852256116,0.02946088153821036,0.011032923592733224,162,
WM-RL+M6b,kappa_total,ies_avoidance,-0.007973765657604834,0.005354521191718148,-0.018549438016496143,0.0026019067012864744,-1.489165020009236,0.13843727904928746,0.02946088153821036,0.011032923592733224,162,
WM-RL+M6b,kappa_total,ies_hyperarousal,0.011696299042808167,0.007178440131700202,-0.0024817811556974746,0.02587437924131381,1.6293649913101549,0.10522789723173002,0.02946088153821036,0.011032923592733224,162,
WM-RL+M6b,kappa_share,intercept,0.381388543580397,0.057279577306916296,0.26825610451363624,0.4945209826471577,6.658368680635249,4.334004176898637e-10,0.019521403179802332,0.0009047209616972474,162,
WM-RL+M6b,kappa_share,ies_intrusion,-0.01003138963782826,0.007973249526566684,-0.02577929157144583,0.00571651229578931,-1.258130653556483,0.21020059899164928,0.019521403179802332,0.0009047209616972474,162,
WM-RL+M6b,kappa_share,ies_avoidance,0.007398640993969518,0.005916114989913656,-0.004286230823817805,0.019083512811756843,1.2505911407373607,0.2129325377149767,0.019521403179802332,0.0009047209616972474,162,
WM-RL+M6b,kappa_share,ies_hyperarousal,-0.002141669917866419,0.00793133050496381,-0.01780677792422062,0.013523438088487784,-0.2700265632009734,0.7874921852830941,0.019521403179802332,0.0009047209616972474,162,
WM-RL+M6b,epsilon,intercept,0.07355326541620295,0.008431646322100974,0.05689998760557241,0.0902065432268335,8.723476128666075,3.562937949930981e-15,0.01792557812129869,-0.0007214045726007257,162,
WM-RL+M6b,epsilon,ies_intrusion,-0.0007061410475584764,0.0011736752121205307,-0.003024257654947628,0.001611975559830675,-0.6016494514548538,0.5482698126083261,0.01792557812129869,-0.0007214045726007257,162,
WM-RL+M6b,epsilon,ies_avoidance,0.0013444656160241614,0.0008708616847598276,-0.00037556639396714745,0.00306449762601547,1.5438336989127586,0.12462915834788146,0.01792557812129869,-0.0007214045726007257,162,
WM-RL+M6b,epsilon,ies_hyperarousal,-0.0010370012568476136,0.0011675046644150178,-0.0033429304643793605,0.0012689279506841334,-0.888220225969895,0.3757724832738816,0.01792557812129869,-0.0007214045726007257,162,
WM-RL+M6b,alpha,intercept,0.024018453990076676,0.02747640442000565,-0.030244739962012254,0.0782816479421656,0.8741483646451487,0.3833476454615088,0.00116481673604385,-0.005077903159355968,162,LESS
WM-RL+M6b,alpha,lec_total,0.0011314103610744431,0.002619257976048407,-0.004041366301849685,0.0063041870239985715,0.43195835286960427,0.6663532313916243,0.00116481673604385,-0.005077903159355968,162,LESS
WM-RL+M6b,alpha,intercept,0.02713744915803846,0.016567908644104512,-0.005582539469037841,0.05985743778511476,1.637952607114054,0.10339670066762158,0.002103906059399807,-0.004132944527728943,162,IES-R
WM-RL+M6b,alpha,ies_total,0.0002603409147405952,0.0004482413570244423,-0.0006248916405007011,0.0011455734699818915,0.5808052083119117,0.5621889347773297,0.002103906059399807,-0.004132944527728943,162,IES-R
WM-RL+M6b,alpha,intercept,0.016895786702842773,0.030340608919284043,-0.04302680100558232,0.07681837441126788,0.5568703893778499,0.5783989772789717,0.0031241073110654938,-0.009415212093826675,162,LESS + IES-R
WM-RL+M6b,alpha,lec_total,0.00106009922856757,0.0026280013084866373,-0.004130193402822455,0.006250391859957596,0.40338611139354397,0.6872061435844241,0.0031241073110654938,-0.009415212093826675,162,LESS + IES-R
WM-RL+M6b,alpha,ies_total,0.00025153065446568214,0.000449949196702448,-0.0006371173049561582,0.0011401786138875226,0.5590201211805245,0.5769344946469022,0.0031241073110654938,-0.009415212093826675,162,LESS + IES-R
WM-RL+M6b,phi,intercept,0.15696395870619057,0.040190985799774516,0.07759071815252834,0.2363371992598528,3.905451821663732,0.00013841649278024056,0.005311908778006358,-0.0009048917921312682,162,LESS
WM-RL+M6b,phi,lec_total,0.003541513241225228,0.0038313077108684517,-0.004024942333785043,0.0111079688162355,0.9243614735456643,0.3566901265106317,0.005311908778006358,-0.0009048917921312682,162,LESS
WM-RL+M6b,phi,intercept,0.1576854070882583,0.024095160462986244,0.11009983710160651,0.20527097707491007,6.544277110355275,7.706249967886232e-10,0.01765247430918737,0.011512802273619727,162,IES-R
WM-RL+M6b,phi,ies_total,0.00110536132079198,0.0006518896051188604,-0.0001820564773009814,0.002392779118884941,1.6956265479803703,0.0919016471624757,0.01765247430918737,0.011512802273619727,162,IES-R
WM-RL+M6b,phi,intercept,0.12642461818792405,0.04404822792863019,0.03942953485008026,0.21341970152576784,2.8701408463642504,0.004661492432984459,0.022076324102025202,0.009775397361170168,162,LESS + IES-R
WM-RL+M6b,phi,lec_total,0.0032357577046337885,0.0038153090777088253,-0.004299463274350849,0.010770978683618426,0.8480984472631324,0.3976580627760472,0.022076324102025202,0.009775397361170168,162,LESS + IES-R
WM-RL+M6b,phi,ies_total,0.001078469623490305,0.0006532322678618533,-0.00021166163158962818,0.0023686008785702385,1.650974204045875,0.10071764262947384,0.022076324102025202,0.009775397361170168,162,LESS + IES-R
WM-RL+M6b,rho,intercept,0.2223696319574411,0.05592964845058623,0.11191408198247511,0.3328251819324071,3.9758810955857227,0.0001059285557994439,0.008275505904572156,0.0020772278164756797,162,LESS
WM-RL+M6b,rho,lec_total,0.0061605886651420845,0.005331635666823952,-0.004368866930586972,0.016690044260871142,1.1554781778275443,0.24961726570730056,0.008275505904572156,0.0020772278164756797,162,LESS
WM-RL+M6b,rho,intercept,0.2577008458190177,0.03379465299983107,0.19095973289020313,0.32444195874783227,7.625491695988294,2.035630432074378e-12,0.005101554150250265,-0.0011165611363108674,162,IES-R
WM-RL+M6b,rho,ies_total,0.0008281596944889764,0.0009143073785721716,-0.0009775073737670215,0.002633826762744974,0.9057782031490025,0.36641523609621207,0.005101554150250265,-0.0011165611363108674,162,IES-R
WM-RL+M6b,rho,intercept,0.20031625629812247,0.06168010449684905,0.07849828351419066,0.32213422908205425,3.247664022818828,0.0014194602124343377,0.012776376356824604,0.00035846914118720097,162,LESS + IES-R
WM-RL+M6b,rho,lec_total,0.005939793402574642,0.0053425228134523816,-0.004611668920578915,0.0164912557257282,1.1117956085500174,0.2679043008592142,0.012776376356824604,0.00035846914118720097,162,LESS + IES-R
WM-RL+M6b,rho,ies_total,0.0007787953289223661,0.0009147118155971134,-0.0010277570426489623,0.0025853477004936947,0.8514105925416273,0.3958217810625495,0.012776376356824604,0.00035846914118720097,162,LESS + IES-R
WM-RL+M6b,capacity,intercept,3.4342423510888964,0.34956023024338984,2.743895307069444,4.124589395108349,9.824465296574846,4.045761361666733e-18,0.001084523497870915,-0.005158698230267378,162,LESS
WM-RL+M6b,capacity,lec_total,-0.013888504863146307,0.033322715999465846,-0.07969758867372082,0.05192057894742821,-0.416787901183353,0.677392179367958,0.001084523497870915,-0.005158698230267378,162,LESS
WM-RL+M6b,capacity,intercept,3.0225577581943024,0.20942128677229824,2.6089713322517873,3.4361441841368174,14.432906056396742,8.985686295627832e-31,0.014850220152688443,0.008693034028642632,162,IES-R
WM-RL+M6b,capacity,ies_total,0.008799142719382898,0.005665849793662569,-0.0023903528768116997,0.019988638315577498,1.5530137648945468,0.12239563441903621,0.014850220152688443,0.008693034028642632,162,IES-R
WM-RL+M6b,capacity,intercept,3.181209749100525,0.38341213836746874,2.4239722278984748,3.9384472703025755,8.297102336524357,4.301547480340799e-14,0.01636289876021002,0.003990105033923386,162,LESS + IES-R
WM-RL+M6b,capacity,lec_total,-0.016421831309727745,0.0332098674749717,-0.08201119379906582,0.04916753117961034,-0.4944865053166473,0.6216451604609309,0.01636289876021002,0.003990105033923386,162,LESS + IES-R
WM-RL+M6b,capacity,ies_total,0.00893562108304037,0.00568597631390192,-0.002294160602760267,0.020165402768841004,1.571519223742321,0.11804993537013304,0.01636289876021002,0.003990105033923386,162,LESS + IES-R
WM-RL+M6b,kappa_total,intercept,0.7862135059671019,0.081530682251941,0.6251984344003871,0.9472285775338167,9.643161129666428,1.2396248897721606e-17,0.00337396979416571,-0.002854942894620738,162,LESS
WM-RL+M6b,kappa_total,lec_total,0.005720103999887716,0.007772119179668882,-0.009629066292497875,0.021069274292273305,0.7359773914495494,0.46282205547050137,0.00337396979416571,-0.002854942894620738,162,LESS
WM-RL+M6b,kappa_total,intercept,0.8846023702265743,0.049112890988850584,0.7876092451968892,0.9815954952562593,18.011612682857404,2.494076814300524e-40,0.0062961321918518776,8.548301805089142e-05,162,IES-R
WM-RL+M6b,kappa_total,ies_total,-0.0013378522471177853,0.0013287391533311874,-0.003961981273856351,0.0012862767796207803,-1.0068584520624315,0.31552306142249587,0.0062961321918518776,8.548301805089142e-05,162,IES-R
WM-RL+M6b,kappa_total,intercept,0.8255366765110285,0.08981157150772329,0.6481591629212309,1.002914190100826,9.191874305863104,2.0473920113035516e-16,0.010141444295820867,-0.0023096067193260073,162,LESS + IES-R
WM-RL+M6b,kappa_total,lec_total,0.006113801994215631,0.007779175693785235,-0.009250040539406607,0.021477644527837868,0.7859190015595011,0.43308459456373816,0.010141444295820867,-0.0023096067193260073,162,LESS + IES-R
WM-RL+M6b,kappa_total,ies_total,-0.0013886627612534268,0.001331899585864941,-0.004019159399113598,0.0012418338766067441,-1.0426182093536904,0.298707817619134,0.010141444295820867,-0.0023096067193260073,162,LESS + IES-R
WM-RL+M6b,kappa_share,intercept,0.23233873949456557,0.08919672481368518,0.05618398851368353,0.4084934904754476,2.60479002990162,0.010059376407405805,0.012854813846155833,0.006685156432694184,162,LESS
WM-RL+M6b,kappa_share,lec_total,0.012273534684613795,0.008502904140380668,-0.004518863966701488,0.02906593333592908,1.4434520820158652,0.15084823055080013,0.012854813846155833,0.006685156432694184,162,LESS
WM-RL+M6b,kappa_share,intercept,0.3907473693866577,0.05404954817960831,0.28400483236979074,0.4974899064035247,7.229428969289294,1.883937330658155e-11,0.004036871769243944,-0.0021878977821983003,162,IES-R
WM-RL+M6b,kappa_share,ies_total,-0.0011775982162095114,0.0014622993971666167,-0.004065495576851815,0.0017102991444327919,-0.8053058207445422,0.42183835291884053,0.004036871769243944,-0.0021878977821983003,162,IES-R
WM-RL+M6b,kappa_share,intercept,0.26865915263650303,0.09835266457892447,0.07441301257825045,0.4629052926947556,2.7315899755914974,0.007015525494316798,0.01763257326715728,0.00527575028938565,162,LESS + IES-R
WM-RL+M6b,kappa_share,lec_total,0.012637169498626727,0.008518976395436828,-0.004187776618954763,0.029462115616208217,1.4834140760615089,0.1399439485176998,0.01763257326715728,0.00527575028938565,162,LESS + IES-R
WM-RL+M6b,kappa_share,ies_total,-0.0012826230567346128,0.001458563423646563,-0.004163280294507163,0.0015980341810379372,-0.879374208855395,0.380525491275858,0.01763257326715728,0.00527575028938565,162,LESS + IES-R
WM-RL+M6b,epsilon,intercept,0.12088975234487039,0.012635385841294202,0.09593610913577524,0.14584339555396553,9.567555266083433,1.9743753563200813e-17,0.08432499048450814,0.07860202167503627,162,LESS
WM-RL+M6b,epsilon,lec_total,-0.004623537072938913,0.0012045002191466557,-0.007002306434744483,-0.0022447677111333427,-3.8385522886949075,0.00017788621161189712,0.08432499048450814,0.07860202167503627,162,LESS
WM-RL+M6b,epsilon,intercept,0.07684760924237637,0.007963972056340371,0.06111954840456296,0.09257567008018977,9.649407192632669,1.1928155897436007e-17,0.00046108122114763006,-0.0057860370212203804,162,IES-R
WM-RL+M6b,epsilon,ies_total,-5.853596938505054e-05,0.00021546362419791647,-0.0004840554169354276,0.0003669834781653265,-0.2716744861363776,0.7862225455218943,0.00046108122114763006,-0.0057860370212203804,162,IES-R
WM-RL+M6b,epsilon,intercept,0.12146057879625144,0.013965816541547181,0.09387814401859165,0.14904301357391123,8.69699085870962,4.030362441553509e-15,0.08437954265385994,0.07286230419667583,162,LESS + IES-R
WM-RL+M6b,epsilon,lec_total,-0.0046178220396415,0.0012096719694357535,-0.007006919597959316,-0.0022287244813236837,-3.817416751249898,0.00019283981473368334,0.08437954265385994,0.07286230419667583,162,LESS + IES-R
WM-RL+M6b,epsilon,ies_total,-2.0158227966026917e-05,0.00020711212325633173,-0.00042920388701401103,0.0003888874310819572,-0.09733002418732459,0.9225868937351587,0.08437954265385994,0.07286230419667583,162,LESS + IES-R
