participant_id,alpha,epsilon,nll,aic,bic,aicc,pseudo_r2,grad_norm,n_trials,converged,n_successful_starts,n_near_best,at_bounds,parameterization_version
10000,0.025270767509937286,0.29774653911590576,798.5254516601562,1601.0509033203125,1610.8422687158081,1601.0630860614292,0.26432268263058045,9.361991033074446e-06,988,True,50,25,[],v4.0-phiapprox
9187,0.022960415109992027,0.3573620617389679,863.59326171875,1731.1865234375,1740.9819333237572,1731.1986814922113,0.20598337104341113,8.377294761885423e-06,990,True,50,34,[],v4.0-phiapprox
10002,0.05832841619849205,0.12731081247329712,486.6903381347656,977.3806762695312,987.1679889787365,977.3928837975068,0.5507052363179077,7.27233782527037e-06,986,True,50,35,[],v4.0-phiapprox
10003,0.0394219234585762,0.27828970551490784,714.7471923828125,1433.494384765625,1443.255152929997,1433.5067558996457,0.33135567150232825,5.009356755181216e-06,973,True,50,31,[],v4.0-phiapprox
10004,0.09509838372468948,0.10369361937046051,408.68182373046875,821.3636474609375,831.1590573471948,821.3758055156487,0.6242442149809421,7.433411155943759e-06,990,True,50,13,[],v4.0-phiapprox
10005,0.5170281529426575,0.15464019775390625,466.1511535644531,936.3023071289062,946.0875904112504,936.314527088173,0.5692293751150093,2.1301912056514993e-06,985,True,50,41,[],v4.0-phiapprox
10006,0.9990000128746033,0.11892552673816681,403.5201110839844,811.0402221679688,820.8295622468357,811.05241728992,0.6278623770603228,9.557957127981354e-06,987,True,50,25,['alpha'],v4.0-phiapprox
10016,0.4817936420440674,0.1397416889667511,444.3288269042969,892.6576538085938,902.4469938874607,892.669848930545,0.590227428805089,8.950369192461949e-06,987,True,50,19,[],v4.0-phiapprox
10017,0.9989988207817078,0.12263095378875732,411.6437072753906,827.2874145507812,837.0747272599865,827.2996220787568,0.6199855479146493,9.063654033525381e-06,986,True,50,27,['alpha'],v4.0-phiapprox
10018,0.025902505964040756,0.13668182492256165,624.4131469726562,1252.8262939453125,1262.6136066545178,1252.838501473288,0.42356456389855945,8.258301022578962e-06,986,True,50,26,[],v4.0-phiapprox
10024,0.049270324409008026,0.08259842544794083,314.42486572265625,632.8497314453125,642.002670583409,632.8665146620957,0.6013901857832342,9.401429451827426e-06,718,True,50,14,[],v4.0-phiapprox
10025,0.04616820812225342,0.2804228365421295,298.8531799316406,601.7063598632812,609.7580918109319,601.7355569435732,0.34292780827065794,6.363445208990015e-06,414,True,50,32,[],v4.0-phiapprox
10027,0.03475406765937805,0.050114527344703674,318.66058349609375,641.3211669921875,650.474106130284,641.3379502089707,0.5960203856853188,1.4107718925515655e-05,718,True,50,13,[],v4.0-phiapprox
10028,0.020828640088438988,0.67561936378479,732.0463256835938,1468.0926513671875,1477.191952851655,1468.1098927464977,0.046727780621956816,3.3669416552584153e-06,699,True,50,17,[],v4.0-phiapprox
10029,0.04730568081140518,0.06264999508857727,291.7188720703125,587.437744140625,596.5962465646452,587.4544805422986,0.6312028326309242,1.7254860722459853e-05,720,True,50,12,[],v4.0-phiapprox
10030,0.052965711802244186,0.050652049481868744,260.1708679199219,524.3417358398438,533.489096173765,524.3585661343739,0.6692489809968398,5.4761176215833984e-06,716,True,50,12,[],v4.0-phiapprox
10031,0.045427970588207245,0.13642248511314392,388.5313720703125,781.062744140625,790.218466856067,781.0795039171613,0.5081272661564045,9.688967111287639e-06,719,True,50,21,[],v4.0-phiapprox
10035,0.0373203381896019,0.10442710667848587,367.46539306640625,738.9307861328125,748.0809378140117,738.9475928555016,0.5334987235747666,9.452072845306247e-06,717,True,50,14,[],v4.0-phiapprox
10036,0.020465990528464317,0.2558702528476715,576.9828491210938,1157.9656982421875,1167.104661083016,1157.9825996506381,0.2634047372216921,3.5530396417016163e-05,713,True,50,39,[],v4.0-phiapprox
10039,0.050040896981954575,0.1653584986925125,401.5972900390625,807.194580078125,816.3279249377315,807.2115292306673,0.4858655320666808,9.596436029823963e-06,711,True,50,12,[],v4.0-phiapprox
10041,0.02418130449950695,0.5485341548919678,688.4804077148438,1380.9608154296875,1390.0515147503563,1380.9781314470035,0.09959500881309047,8.944055480242241e-06,696,True,50,26,[],v4.0-phiapprox
10043,0.06171606853604317,0.34801071882247925,554.010009765625,1112.02001953125,1121.1673798651714,1112.03684982578,0.295696029563423,9.893620699585881e-06,716,True,50,48,[],v4.0-phiapprox
10044,0.06171606853604317,0.34801071882247925,554.010009765625,1112.02001953125,1121.1673798651714,1112.03684982578,0.295696029563423,9.893620699585881e-06,716,True,50,48,[],v4.0-phiapprox
10047,0.019771337509155273,0.14770415425300598,510.9955749511719,1025.9911499023438,1035.141301583543,1026.0079566250329,0.3512856109438065,9.724524716148153e-06,717,True,50,14,[],v4.0-phiapprox
10048,0.8671426773071289,0.6056672930717468,679.9677124023438,1363.9354248046875,1373.043291612739,1363.9525921866618,0.1183286543186195,4.999986231268849e-06,702,True,50,36,[],v4.0-phiapprox
10050,0.03115471638739109,0.21178437769412994,492.1391296386719,988.2782592773438,997.4284109585429,988.2950660000329,0.3752240714712559,4.657055796997156e-06,717,True,50,36,[],v4.0-phiapprox
10051,0.057183001190423965,0.15493740141391754,380.44891357421875,764.8978271484375,774.0255382015017,764.9148243155763,0.5115662554826272,9.10346170712728e-06,709,True,50,14,[],v4.0-phiapprox
10052,0.029667405411601067,0.24724848568439484,525.2747802734375,1054.549560546875,1063.6772715999393,1054.5665577140137,0.3256336956802882,8.195615919248667e-06,709,True,50,17,[],v4.0-phiapprox
10055,0.4909989833831787,0.17717941105365753,367.5462951660156,739.0925903320312,748.2483130474733,739.1093501085676,0.5346939423345294,8.535985216440167e-06,719,True,50,26,[],v4.0-phiapprox
10057,0.020316068083047867,0.19890093803405762,544.1123046875,1092.224609375,1101.3607651978239,1092.2415346218265,0.3043927480099774,8.783070370554924e-06,712,True,50,19,[],v4.0-phiapprox
10058,0.032383762300014496,0.26133719086647034,521.4503173828125,1046.900634765625,1055.994205587146,1046.9179258319075,0.3190178857692251,3.3550727494002786e-06,697,True,50,37,[],v4.0-phiapprox
10059,0.041162971407175064,0.10697450488805771,359.60614013671875,723.2122802734375,732.365219411534,723.2290634902207,0.5441119569800711,0.03355400636792183,718,False,50,15,[],v4.0-phiapprox
10062,0.5264805555343628,0.05058160424232483,187.3679962158203,378.7359924316406,387.88893156973705,378.75277564842384,0.7624655989274255,0.0017577896360307932,718,False,50,4,[],v4.0-phiapprox
10063,0.03345394507050514,0.4188579320907593,628.1591796875,1260.318359375,1269.4573222158285,1260.3352607834506,0.19807135214965144,7.186563379946165e-07,713,True,50,36,[],v4.0-phiapprox
10064,0.03937966749072075,0.22196131944656372,478.25518798828125,960.5103759765625,969.6465317993865,960.527301223389,0.388586190386621,6.424081675504567e-06,712,True,50,16,[],v4.0-phiapprox
10065,0.8557068109512329,0.10330677777528763,271.32550048828125,546.6510009765625,555.8067236920045,546.6677607530988,0.6565074913371451,7.968463251017965e-06,719,True,50,23,[],v4.0-phiapprox
10066,0.49994271993637085,0.12289696931838989,299.0467224121094,602.0934448242188,611.2126752992052,602.110514525499,0.614441845136418,1.1927936611755285e-05,706,True,50,25,[],v4.0-phiapprox
10067,0.015640323981642723,0.3614290952682495,664.8712768554688,1333.7425537109375,1342.8899140448589,1333.7593840054676,0.15475989266575452,3.808639303315431e-05,716,True,50,25,[],v4.0-phiapprox
10071,0.05078965052962303,0.10501845180988312,335.9465026855469,675.8930053710938,685.0515077951139,675.9097417727673,0.5752893266771071,2.129557469743304e-05,720,True,50,10,[],v4.0-phiapprox
10072,0.05187026411294937,0.10313442349433899,332.6988525390625,669.397705078125,678.5506442162215,669.4144882949082,0.5782234732105955,1.7316866433247924e-05,718,True,50,10,[],v4.0-phiapprox
10073,0.05187026411294937,0.10313442349433899,332.6988525390625,669.397705078125,678.5506442162215,669.4144882949082,0.5782234732105955,1.7316866433247924e-05,718,True,50,10,[],v4.0-phiapprox
10074,0.061832867562770844,0.17870457470417023,407.3911437988281,818.7822875976562,827.9324392788554,818.7990943203454,0.4828125527669903,9.794745892577339e-06,717,True,50,40,[],v4.0-phiapprox
10075,0.05018123239278793,0.1707589030265808,413.4228210449219,830.8456420898438,839.9957937710429,830.8624488125329,0.47515527350374476,5.32062085767393e-06,717,True,50,44,[],v4.0-phiapprox
10076,0.018477151170372963,0.23272894322872162,576.915771484375,1157.83154296875,1166.9620729088208,1157.848516094634,0.2603783582186441,9.47416901908582e-06,710,True,50,21,[],v4.0-phiapprox
10077,0.0651577040553093,0.1257721185684204,342.40582275390625,688.8116455078125,697.9673682232545,688.8284052843488,0.5665212638441703,3.4698728086368646e-06,719,True,50,11,[],v4.0-phiapprox
10078,0.03838576748967171,0.11639533936977386,382.32623291015625,768.6524658203125,777.8081885357545,768.6692255968488,0.5159828448354761,9.90396165434504e-06,719,True,50,18,[],v4.0-phiapprox
10079,0.04799000546336174,0.09585495293140411,332.3572692871094,668.7145385742188,677.8702612896608,668.7312983507551,0.5792425260643868,6.832998678873992e-06,719,True,50,15,[],v4.0-phiapprox
10081,0.0288306325674057,0.12677118182182312,422.94061279296875,849.8812255859375,859.0285859198588,849.8980558804676,0.4623224353383344,9.565355867380276e-06,716,True,50,14,[],v4.0-phiapprox
10083,0.025080498307943344,0.09260391443967819,419.59112548828125,843.1822509765625,852.2929647601838,843.1993938337054,0.4567164984865756,7.300542620214401e-06,703,True,50,39,[],v4.0-phiapprox
10084,0.9990000128746033,0.06922534853219986,220.76943969726562,445.53887939453125,454.6890310757305,445.5556861172203,0.719730817220531,5.457155566546135e-06,717,True,50,12,['alpha'],v4.0-phiapprox
10086,0.0986994057893753,0.6447206735610962,628.9749755859375,1261.949951171875,1270.841390810646,1261.9690899278557,0.09124175342067053,4.6433715397142805e-06,630,True,50,27,[],v4.0-phiapprox
10087,0.06290073692798615,0.12228193879127502,338.46356201171875,680.9271240234375,690.0688899481166,680.9440016605683,0.5685114692900399,4.3345658014004584e-06,714,True,50,16,[],v4.0-phiapprox
10088,0.07467243820428848,0.07141173630952835,262.4958190917969,528.9916381835938,538.1501406076139,529.0083745852673,0.6681472342182009,5.733793841500301e-06,720,True,50,28,[],v4.0-phiapprox
10089,0.023511890321969986,0.06552805006504059,401.1875,806.375,815.5223603339213,806.3918302945301,0.48997681601626497,8.394090400543064e-06,716,True,50,23,[],v4.0-phiapprox
10092,0.04684523493051529,0.10598742216825485,347.0369873046875,698.073974609375,707.2157405340541,698.0908522465058,0.5575816821636886,1.5367662626886158e-06,714,True,50,16,[],v4.0-phiapprox
10093,0.016152387484908104,0.1196654886007309,534.3163452148438,1072.6326904296875,1081.7688462525114,1072.649615676514,0.3169161561201719,8.815356522973161e-06,712,True,50,17,[],v4.0-phiapprox
10094,0.062495168298482895,0.3732847571372986,568.0591430664062,1140.1182861328125,1149.2459971858768,1140.1352832999512,0.27070562050342806,1.341762413176184e-06,709,True,50,38,[],v4.0-phiapprox
10095,0.03824741020798683,0.19647879898548126,462.8704528808594,929.7409057617188,938.8770615845427,929.7578310085453,0.408254433906338,1.9186438294127584e-05,712,True,50,18,[],v4.0-phiapprox
10097,0.024898184463381767,0.19431646168231964,508.1538391113281,1020.3076782226562,1029.4578299038556,1020.3244849453454,0.3548932252159642,4.809753590961918e-06,717,True,50,15,[],v4.0-phiapprox
10098,0.045522160828113556,0.10039261728525162,341.1563415527344,686.3126831054688,695.4488389282927,686.3296083522953,0.5638569038008397,4.543629074760247e-06,712,True,50,11,[],v4.0-phiapprox
10099,0.030049368739128113,0.1300707906484604,425.1182861328125,854.236572265625,863.3783381903041,854.2534499027558,0.4580401400637846,8.610813893028535e-06,714,True,50,19,[],v4.0-phiapprox
10101,0.05523749440908432,0.12288603186607361,353.57470703125,711.1494140625,720.293979147888,711.1662679950842,0.5498775274364538,8.478045856463723e-06,715,True,50,33,[],v4.0-phiapprox
10102,0.04670996218919754,0.21900837123394012,462.8292541503906,929.6585083007812,938.8058686347025,929.6753385953114,0.4116126503378107,4.138473741477355e-06,716,True,50,42,[],v4.0-phiapprox
10103,0.5052265524864197,0.08333393186330795,246.73556518554688,497.47113037109375,506.62685308653585,497.4878901476301,0.6876378441782646,2.5900963009917177e-05,719,True,50,9,[],v4.0-phiapprox
10104,0.059041548520326614,0.3684251308441162,572.0267944335938,1148.0535888671875,1157.1981539525755,1148.0704427997719,0.27177450772718437,9.331621185992844e-06,715,True,50,37,[],v4.0-phiapprox
10106,0.029988963156938553,0.16151994466781616,461.03021240234375,926.0604248046875,935.2161475201295,926.0771845812238,0.41634522393780815,2.153130935766967e-06,719,True,50,34,[],v4.0-phiapprox
10107,0.09927026927471161,0.21797418594360352,425.9336242675781,855.8672485351562,865.0090144598354,855.8841261722871,0.4570007104374142,4.962746061210055e-06,714,True,50,34,[],v4.0-phiapprox
10109,0.8966692090034485,0.18394844233989716,375.28594970703125,754.5718994140625,763.7276221295045,754.5886591905988,0.5248956987131483,2.8497930770754465e-07,719,True,50,33,[],v4.0-phiapprox
10110,0.8966692090034485,0.18394844233989716,375.28594970703125,754.5718994140625,763.7276221295045,754.5886591905988,0.5248956987131483,2.8497930770754465e-07,719,True,50,33,[],v4.0-phiapprox
10111,0.02727997675538063,0.35819748044013977,605.2882080078125,1214.576416015625,1223.7153788564535,1214.5933174240756,0.2272691860541718,3.6332062336441595e-06,713,True,50,15,[],v4.0-phiapprox
10112,0.050668735057115555,0.4350261986255646,612.8142700195312,1229.6285400390625,1238.7506013708557,1229.645585493608,0.2110218002709081,9.98705127130961e-06,707,True,50,23,[],v4.0-phiapprox
10114,0.019700627774000168,0.11953867971897125,491.3768615722656,986.7537231445312,995.8814341975955,986.7707203116701,0.369153040254074,0.001921956310980022,709,False,50,37,[],v4.0-phiapprox
10115,0.06473346054553986,0.14739234745502472,367.4849853515625,738.969970703125,748.1033155627315,738.9869198556673,0.529536921429844,3.1991672585718334e-05,711,True,50,12,[],v4.0-phiapprox
10116,0.8520051836967468,0.20021958649158478,392.8088073730469,789.6176147460938,798.7705538841902,789.634397962877,0.5020195194492305,2.129333324774052e-06,718,True,50,39,[],v4.0-phiapprox
10117,0.04439276456832886,0.054731447249650955,287.9664001464844,579.9328002929688,589.0773653783567,579.949654225553,0.6334009603302793,4.489439743338153e-05,715,True,50,24,[],v4.0-phiapprox
10120,0.5149628520011902,0.1882498562335968,380.1291198730469,764.2582397460938,773.4028048314817,764.275093678678,0.51607211735443,9.090553248825017e-06,715,True,50,37,[],v4.0-phiapprox
10121,0.02477056346833706,0.2417638599872589,542.0570068359375,1088.114013671875,1097.2473585314815,1088.1309628244173,0.3060456389732743,4.711205474450253e-05,711,True,50,37,[],v4.0-phiapprox
10125,0.024007383733987808,0.12867417931556702,459.6645202636719,923.3290405273438,932.4791922085429,923.3458472500329,0.41645093802984534,9.172251884592697e-05,717,True,50,35,[],v4.0-phiapprox
10126,0.9990000128746033,0.09918441623449326,268.644775390625,541.28955078125,550.445273496692,541.3063105577863,0.6599012342296204,7.260460279212566e-06,719,True,50,12,['alpha'],v4.0-phiapprox
10128,0.0353848859667778,0.23275727033615112,494.95758056640625,993.9151611328125,1003.0315567384371,993.9322551499065,0.36095063071226086,3.030272819160018e-05,705,True,50,38,[],v4.0-phiapprox
10130,0.02174660935997963,0.3467567563056946,621.5725708007812,1247.1451416015625,1256.284104442391,1247.1620430100131,0.20648003346681876,8.85124973137863e-06,713,True,50,14,[],v4.0-phiapprox
10135,0.04745382070541382,0.21172642707824707,453.6265869140625,911.253173828125,920.366730540441,911.2702922304074,0.41348194083802836,7.414678293571342e-06,704,True,50,39,[],v4.0-phiapprox
10137,0.8659746050834656,0.11479061841964722,286.13824462890625,576.2764892578125,585.429428395909,576.2932724745957,0.6372503419228741,4.999590601073578e-06,718,True,50,20,[],v4.0-phiapprox
10139,0.04541945829987526,0.5280817747116089,663.3523559570312,1330.7047119140625,1339.821107519687,1330.7218059311565,0.14353285749302325,2.2101978629507357e-06,705,True,50,15,[],v4.0-phiapprox
10140,0.03191905841231346,0.11763322353363037,402.2914733886719,808.5829467773438,817.7275118627317,808.599800709928,0.4878580704673069,7.251496299431892e-06,715,True,50,15,[],v4.0-phiapprox
10141,0.05350957438349724,0.21696151793003082,452.9066162109375,909.813232421875,918.9605927557963,909.8300627164051,0.42422713956142233,7.97572465671692e-06,716,True,50,20,[],v4.0-phiapprox
10142,0.08791323751211166,0.08342049270868301,265.4520568847656,534.9041137695312,544.0598364849733,534.9208735460676,0.6639431502568953,9.760118700796738e-06,719,True,50,8,[],v4.0-phiapprox
10143,0.0540432333946228,0.1039532721042633,330.4859619140625,664.971923828125,674.127646543567,664.9886836046613,0.5816115627487028,2.902793130488135e-05,719,True,50,12,[],v4.0-phiapprox
10145,0.8153088092803955,0.1509178876876831,333.6779479980469,671.3558959960938,680.4948588369224,671.3727974045445,0.5740157681231806,5.229386715654982e-06,713,True,50,29,[],v4.0-phiapprox
10147,0.836240291595459,0.10609234124422073,274.3913269042969,552.7826538085938,561.930014142515,552.7994841031239,0.6511707413484932,9.248743481293786e-06,716,True,50,30,[],v4.0-phiapprox
10148,0.058566607534885406,0.39737004041671753,582.25732421875,1168.5146484375,1177.6310440431246,1168.531742454594,0.24823623192243027,8.588309356127866e-06,705,True,50,37,[],v4.0-phiapprox
10149,0.01654890365898609,0.18483583629131317,573.4557495117188,1150.9114990234375,1160.050461864266,1150.9284004318881,0.26790754847088327,8.44056012283545e-06,713,True,50,46,[],v4.0-phiapprox
10150,0.06928592920303345,0.1541898101568222,370.3447265625,744.689453125,753.834018210388,744.7063070575842,0.5285282552565349,1.693358899501618e-05,715,True,50,15,[],v4.0-phiapprox
10151,0.04241841658949852,0.13072706758975983,387.36920166015625,778.7384033203125,787.8885550015117,778.7552100430016,0.5082306240750405,9.617696377972607e-06,717,True,50,13,[],v4.0-phiapprox
10152,0.03219067305326462,0.1395912915468216,425.7740173339844,855.5480346679688,864.7037573834108,855.5647944445051,0.4609788424813803,7.432901838910766e-06,719,True,50,15,[],v4.0-phiapprox
10154,0.03965117409825325,0.08801295608282089,349.0623779296875,702.124755859375,711.2749075405742,702.1415625820641,0.5568615496077496,1.778101250238251e-05,717,True,50,21,[],v4.0-phiapprox
10155,0.5373073816299438,0.26250365376472473,457.20672607421875,918.4134521484375,927.5524149892661,918.4303535568882,0.41631487131783296,9.411533028469421e-06,713,True,50,40,[],v4.0-phiapprox
10156,0.06397516280412674,0.08700389415025711,291.53033447265625,587.0606689453125,596.1968247681365,587.077594192139,0.6273000755777334,1.6911928469198756e-05,712,True,50,25,[],v4.0-phiapprox
10157,0.06655748933553696,0.1928415596485138,418.4960021972656,840.9920043945312,850.1477271099733,841.0087641710676,0.4701926601022778,3.3923106457223184e-06,719,True,50,40,[],v4.0-phiapprox
10158,0.06856175512075424,0.04833533987402916,226.41598510742188,456.83197021484375,465.97933054876506,456.8488005093739,0.7121610179048419,3.4724982924672076e-06,716,True,50,9,[],v4.0-phiapprox
10159,0.8267326354980469,0.15191665291786194,333.6842346191406,671.3684692382812,680.5158295722025,671.3852995328114,0.5757926261769627,2.0997888441343093e-06,716,True,50,30,[],v4.0-phiapprox
10160,0.022542892023921013,0.11443404108285904,457.8273010253906,919.6546020507812,928.8047537319804,919.6714087734704,0.41878330765131966,5.360402155929478e-06,717,True,50,19,[],v4.0-phiapprox
10162,0.08508002012968063,0.14890626072883606,354.2989501953125,712.597900390625,721.7396663153041,712.6147780277558,0.5483238061337792,6.369630227709422e-06,714,True,50,27,[],v4.0-phiapprox
10163,0.04158146679401398,0.26249346137046814,512.7761840820312,1029.5523681640625,1038.7080908795047,1029.5691279405987,0.3508358870215732,7.361700227193069e-06,719,True,50,22,[],v4.0-phiapprox
10164,0.02674594521522522,0.461316853761673,667.5883178710938,1339.1766357421875,1348.3323584576297,1339.1933955187237,0.15484690658679334,7.5380753514764365e-06,719,True,50,28,[],v4.0-phiapprox
10165,0.017023997381329536,0.33741429448127747,642.5228881835938,1289.0457763671875,1298.184739208016,1289.0626777756381,0.17973416994351155,8.435861673206091e-06,713,True,50,19,[],v4.0-phiapprox
10166,0.03340907022356987,0.15507186949253082,434.7646179199219,873.5292358398438,882.6710017645229,873.5461134769746,0.4457425636132464,9.683228199719451e-06,714,True,50,40,[],v4.0-phiapprox
10168,0.06645353883504868,0.09569337964057922,304.2403259277344,612.4806518554688,621.6335909935652,612.497435072252,0.6143015613075795,5.197492100705858e-06,718,True,50,10,[],v4.0-phiapprox
10169,0.024145836010575294,0.05864807590842247,394.2688903808594,792.5377807617188,801.6767436025474,792.5546821701695,0.49666338027588397,2.7131829938298324e-06,713,True,50,22,[],v4.0-phiapprox
10170,0.04669566452503204,0.12664002180099487,369.855712890625,743.71142578125,752.8643649193465,743.7282089980332,0.5311181363996098,0.0001564871781738475,718,False,50,16,[],v4.0-phiapprox
10171,0.06323461979627609,0.13992789387702942,363.7269287109375,731.453857421875,740.6067965599715,731.4706406386582,0.5388878575303642,4.652646566682961e-06,718,True,50,10,[],v4.0-phiapprox
10172,0.13777999579906464,0.21939697861671448,419.9942626953125,843.988525390625,853.144248106067,844.0052851671613,0.46829589309667596,5.789459464722313e-06,719,True,50,50,[],v4.0-phiapprox
10174,0.060276467353105545,0.21639570593833923,443.03106689453125,890.0621337890625,899.2038997137416,890.0790114261933,0.43520412366702976,9.709437108540442e-06,714,True,50,24,[],v4.0-phiapprox
10175,0.022031139582395554,0.1792057603597641,515.3253784179688,1034.6507568359375,1043.8009085171368,1034.6675635586266,0.34578887878332754,6.338415005302522e-06,717,True,50,41,[],v4.0-phiapprox
10177,0.047166790813207626,0.1398003101348877,386.0079040527344,776.0158081054688,785.1603731908567,776.032662038053,0.5085880614590107,5.899024927202845e-06,715,True,50,19,[],v4.0-phiapprox
10178,0.03846914693713188,0.07646241039037704,330.63720703125,665.2744140625,674.4273532005965,665.2911972792832,0.5808371091613057,6.52069429634139e-05,718,True,50,11,[],v4.0-phiapprox
10179,0.09006567299365997,0.04968638718128204,211.51234436035156,427.0246887207031,436.17204905462444,427.0415190152333,0.7311077754852016,1.4294975699158385e-05,716,True,50,13,[],v4.0-phiapprox
10180,0.04801412671804428,0.38672712445259094,586.8121337890625,1177.624267578125,1186.7491557655123,1177.6412888547206,0.24556578695564912,6.770426807634067e-06,708,True,50,37,[],v4.0-phiapprox
10181,0.03181867301464081,0.2167801856994629,499.4048156738281,1002.8096313476562,1011.9653540630983,1002.8263911241926,0.3677637646833608,9.056857379619032e-06,719,True,50,38,[],v4.0-phiapprox
10182,0.01665143296122551,0.11547013372182846,513.1629638671875,1030.325927734375,1039.4166270550438,1030.343243751691,0.3288777882701086,4.85648270114325e-05,696,True,50,39,[],v4.0-phiapprox
10183,0.04726039990782738,0.3614482283592224,579.3609008789062,1162.7218017578125,1171.8775244732547,1162.7385615343487,0.26654100368032907,8.762834113440476e-06,719,True,50,32,[],v4.0-phiapprox
10185,0.062229324132204056,0.5250928401947021,659.6656494140625,1323.331298828125,1332.4618287681958,1323.348271954009,0.15429077386627232,4.8271313062286936e-06,710,True,50,32,[],v4.0-phiapprox
10186,0.06488711386919022,0.0776488408446312,284.2802429199219,572.5604858398438,581.7134249779402,572.577269056627,0.6396058099432881,3.042214757442707e-06,718,True,50,7,[],v4.0-phiapprox
10191,0.050082650035619736,0.12411628663539886,361.64697265625,727.2939453125,736.4188334998875,727.3109665890958,0.535049066804291,9.975357897928916e-06,708,True,50,32,[],v4.0-phiapprox
10192,0.010289646685123444,0.3679567575454712,707.94140625,1419.8828125,1429.0105235530643,1419.8998096671387,0.0911198333961698,9.310748282587156e-06,709,True,50,8,['alpha'],v4.0-phiapprox
10196,0.05331944674253464,0.17053546011447906,406.4408874511719,816.8817749023438,826.0347140404402,816.898558119127,0.4847375500514204,7.3805581450869795e-06,718,True,50,23,[],v4.0-phiapprox
10197,0.035691551864147186,0.1090436652302742,384.7993469238281,773.5986938476562,782.7460541815775,773.6155241421864,0.5108108101250595,2.021014370257035e-05,716,True,50,19,[],v4.0-phiapprox
10198,0.04246588423848152,0.5486344695091248,462.2468566894531,928.4937133789062,936.8371145737281,928.5189234629398,0.12159661514886366,9.847032742982265e-06,479,True,50,31,[],v4.0-phiapprox
10199,0.5058390498161316,0.14729049801826477,329.1611633300781,662.3223266601562,671.4528566002269,662.3392997860402,0.5780064750068163,3.2195521271205507e-06,710,True,50,28,[],v4.0-phiapprox
10200,0.03787340223789215,0.14196227490901947,410.5278625488281,825.0557250976562,834.2114478130983,825.0724848741926,0.4802801611749459,9.086425416171551e-05,719,True,50,35,[],v4.0-phiapprox
10201,0.02668542042374611,0.207651749253273,513.2709350585938,1030.5418701171875,1039.6975928326297,1030.5586298937237,0.3502095424509485,2.8948821636731736e-05,719,True,50,19,[],v4.0-phiapprox
10202,0.06141641363501549,0.17529231309890747,403.3091735839844,810.6183471679688,819.7712863060652,810.635130384752,0.48870775730557825,9.538478479953483e-06,718,True,50,18,[],v4.0-phiapprox
10203,0.06301706284284592,0.09446302056312561,304.26678466796875,612.5335693359375,621.6809296698588,612.5503996304676,0.6131905547983152,8.214539775508456e-06,716,True,50,11,[],v4.0-phiapprox
10204,0.03506969287991524,0.09113872796297073,359.1011962890625,722.202392578125,731.3553317162215,722.2191757949082,0.5447520958343616,3.262171503592981e-06,718,True,50,14,[],v4.0-phiapprox
10208,0.02545727603137493,0.19192901253700256,491.8046569824219,987.6093139648438,996.6942578858574,987.6266801008785,0.3549569299378146,6.786832727811998e-06,694,True,50,37,[],v4.0-phiapprox
10209,0.04634254425764084,0.21048930287361145,455.4638977050781,914.9277954101562,924.0723604955442,914.9446493427405,0.42016628530976885,1.9088960470980965e-05,715,True,50,15,[],v4.0-phiapprox
10212,0.039071742445230484,0.16732338070869446,432.2344970703125,868.468994140625,877.6163544745463,868.4858244351551,0.45050727048223294,3.886613740178291e-06,716,True,50,34,[],v4.0-phiapprox
10215,0.02148420177400112,0.1941978633403778,531.5240478515625,1067.048095703125,1076.2038184185672,1067.0648554796612,0.32710147670379375,6.1424379964591935e-06,719,True,50,11,[],v4.0-phiapprox
10216,0.048283714801073074,0.3774327337741852,588.0169677734375,1180.033935546875,1189.1840872280743,1180.0507422695641,0.2535061227481845,9.466692063142546e-06,717,True,50,16,[],v4.0-phiapprox
10217,0.0394321084022522,0.10278140008449554,369.01513671875,742.0302734375,751.185996152942,742.0470332140363,0.5328344191092189,3.371515776962042e-05,719,True,50,18,[],v4.0-phiapprox
10218,0.015485839918255806,0.35607561469078064,649.1563110351562,1302.3126220703125,1311.397565991326,1302.3299882063473,0.14857703383779353,9.673394743003882e-06,694,True,50,32,[],v4.0-phiapprox
10220,0.03443203866481781,0.20351971685886383,477.99993896484375,959.9998779296875,969.152817067784,960.0166611464707,0.39401908806262553,0.033472832292318344,718,False,50,34,[],v4.0-phiapprox
10221,0.017378415912389755,0.3835066854953766,655.1691284179688,1314.3382568359375,1323.4603181677307,1314.355302290483,0.15649131434094643,8.427611646766309e-06,707,True,50,12,[],v4.0-phiapprox
10222,0.033758703619241714,0.14243724942207336,418.8466491699219,841.6932983398438,850.8238282799144,841.7102714657277,0.4630272534990536,7.373530934273731e-06,710,True,50,22,[],v4.0-phiapprox
10224,0.01560476329177618,0.18923695385456085,585.6017456054688,1175.2034912109375,1184.3536428921368,1175.2202979336266,0.256572273317646,0.0011736523592844605,717,False,50,37,[],v4.0-phiapprox
10225,0.042136166244745255,0.07577994465827942,315.95526123046875,635.9105224609375,645.0494853017661,635.9274238693882,0.5966411323546954,4.2648848648241255e-06,713,True,50,26,[],v4.0-phiapprox
10226,0.043295808136463165,0.30147603154182434,538.8442993164062,1081.6885986328125,1090.8415377709089,1081.7053818495958,0.3168840971002149,6.056733127479674e-06,718,True,50,19,[],v4.0-phiapprox
10227,0.5086522698402405,0.1689610779285431,357.4247741699219,718.8495483398438,727.9997000210429,718.8663550625329,0.5462453974648512,1.0678174476197455e-05,717,True,50,25,[],v4.0-phiapprox
10228,0.04076836258172989,0.06266023218631744,305.0704040527344,614.1408081054688,623.2769639282927,614.1577333522953,0.6099901002082897,4.832966169487918e-06,712,True,50,11,[],v4.0-phiapprox
10229,0.025648310780525208,0.2135924994945526,515.3682250976562,1034.7364501953125,1043.8585115271057,1034.753495649858,0.3364803753310659,9.028702152136248e-06,707,True,50,13,[],v4.0-phiapprox
10231,0.047808196395635605,0.7101078033447266,745.4995727539062,1494.9991455078125,1504.1520846459089,1495.0159287245958,0.054898391985858885,8.709014764463063e-06,718,True,50,23,[],v4.0-phiapprox
10234,0.03414279967546463,0.10406035929918289,373.50250244140625,751.0050048828125,760.1298930702,751.0220261594083,0.5198070212352344,3.5798639146378264e-05,708,True,50,15,[],v4.0-phiapprox
10235,0.79146409034729,0.306733638048172,498.5510559082031,1001.1021118164062,1010.2606142404264,1001.1188482180798,0.3697212117168389,4.2584001676004846e-06,720,True,50,37,[],v4.0-phiapprox
10236,0.05088025704026222,0.10486753284931183,340.82635498046875,685.6527099609375,694.805649099034,685.6694931777207,0.5679198916831952,4.155551141593605e-05,718,True,50,12,[],v4.0-phiapprox
10239,0.03565508872270584,0.16561998426914215,439.0564880371094,882.1129760742188,891.2659152123152,882.129759291002,0.44338936195488343,3.5754317195824115e-06,718,True,50,16,[],v4.0-phiapprox
10240,0.07326991111040115,0.021658381447196007,179.0029754638672,362.0059509277344,371.16445335175456,362.02268732940803,0.7737006528470372,2.864773887267802e-05,720,True,50,4,[],v4.0-phiapprox
10241,0.09854160249233246,0.1781860738992691,385.3124694824219,774.6249389648438,783.7834413888639,774.6416753665173,0.5128798274564492,8.586458534409758e-06,720,True,50,20,[],v4.0-phiapprox
10242,0.5038430094718933,0.1156792938709259,292.87384033203125,589.7476806640625,598.9034033795045,589.7644404405988,0.6292277358510988,0.016026834025979042,719,False,50,17,[],v4.0-phiapprox
10243,0.01714146137237549,0.1912541389465332,566.4957885742188,1136.9915771484375,1146.124922008044,1137.0085263009798,0.2747585253457705,7.048872248560656e-06,711,True,50,14,[],v4.0-phiapprox
10245,0.5341488718986511,0.1740713119506836,366.80487060546875,737.6097412109375,746.7654639263795,737.6265009874738,0.5356325705940487,2.643513653310947e-06,719,True,50,36,[],v4.0-phiapprox
10246,0.0312696136534214,0.10003384202718735,392.1502380371094,788.3004760742188,797.4450411596067,788.317330006803,0.5007684903602397,1.897147740237415e-05,715,True,50,40,[],v4.0-phiapprox
10248,0.03558983653783798,0.10691693425178528,382.0185546875,768.037109375,777.1900485130965,768.0538925917832,0.5156987830419886,2.951746864710003e-05,718,True,50,27,[],v4.0-phiapprox
