model,parameter,predictor,n,rho,p_uncorrected,p_fwe,significant
Q-Learning,alpha,lec_total,162,-0.05074826942275026,0.5213071914792138,1.0,False
Q-Learning,alpha,lec_personal,162,-0.09045488868698032,0.25231855393380576,1.0,False
Q-Learning,alpha,ies_intrusion,162,-0.05706171138655426,0.47076126851648337,1.0,False
Q-Learning,alpha,ies_avoidance,162,-0.07752303488227083,0.3268181292760892,1.0,False
Q-Learning,alpha,ies_hyperarousal,162,-0.03658244754488059,0.6439610356862733,1.0,False
Q-Learning,epsilon,lec_total,162,-0.06373165661562619,0.42041025405047094,1.0,False
Q-Learning,epsilon,lec_personal,162,-0.04888250942051197,0.5367570456423384,1.0,False
Q-Learning,epsilon,ies_intrusion,162,0.05633955625933358,0.47640375543736324,1.0,False
Q-Learning,epsilon,ies_avoidance,162,0.0945036275570322,0.2316186362715454,1.0,False
Q-Learning,epsilon,ies_hyperarousal,162,0.0683197202312026,0.387673375742692,1.0,False
WM-RL,alpha,lec_total,162,0.0643144280607455,0.41616505147507654,1.0,False
WM-RL,alpha,lec_personal,162,0.08726121144048406,0.2695232491971263,1.0,False
WM-RL,alpha,ies_intrusion,162,-0.09006490072347896,0.2543778349913589,1.0,False
WM-RL,alpha,ies_avoidance,162,-0.11483342539403243,0.14564408191249723,1.0,False
WM-RL,alpha,ies_hyperarousal,162,-0.10631867341941358,0.17812298906274004,1.0,False
WM-RL,phi,lec_total,162,0.07478634400887975,0.3442357251573134,1.0,False
WM-RL,phi,lec_personal,162,0.12207547403695608,0.12173570890957632,1.0,False
WM-RL,phi,ies_intrusion,162,0.017226249958023965,0.8277620597318198,1.0,False
WM-RL,phi,ies_avoidance,162,0.03544900112108706,0.6542693342662221,1.0,False
WM-RL,phi,ies_hyperarousal,162,0.020562219069950805,0.7950834844015904,1.0,False
WM-RL,rho,lec_total,162,-0.028949830834109156,0.714592996365776,1.0,False
WM-RL,rho,lec_personal,162,-0.10373466567510645,0.18896413022109762,1.0,False
WM-RL,rho,ies_intrusion,162,-0.0706826466324043,0.37143142293485554,1.0,False
WM-RL,rho,ies_avoidance,162,-0.0723016578292553,0.3605481099215081,1.0,False
WM-RL,rho,ies_hyperarousal,162,-0.07902683087010429,0.3174930644809275,1.0,False
WM-RL,capacity,lec_total,162,0.07602596896408194,0.3362746990530511,1.0,False
WM-RL,capacity,lec_personal,162,0.0986574712756261,0.21165392705403552,1.0,False
WM-RL,capacity,ies_intrusion,162,0.1631724916069817,0.03801524547145273,0.9503811367863182,False
WM-RL,capacity,ies_avoidance,162,0.1195492950889445,0.12970379468143536,1.0,False
WM-RL,capacity,ies_hyperarousal,162,0.16044725729895368,0.04139220336148921,1.0,False
WM-RL,epsilon,lec_total,162,-0.12488455492013532,0.11332631120251345,1.0,False
WM-RL,epsilon,lec_personal,162,-0.15070883397000487,0.05558119565322727,1.0,False
WM-RL,epsilon,ies_intrusion,162,0.04987685197205696,0.528494849680486,1.0,False
WM-RL,epsilon,ies_avoidance,162,0.033912197496632476,0.6683506832357937,1.0,False
WM-RL,epsilon,ies_hyperarousal,162,0.04382691571430405,0.5797347618178337,1.0,False
WM-RL+K,alpha,lec_total,162,0.059183956187063715,0.45439276806397644,1.0,False
WM-RL+K,alpha,lec_personal,162,0.07201126953587181,0.36248542741932543,1.0,False
WM-RL+K,alpha,ies_intrusion,162,-0.023832817884175926,0.7633869968474184,1.0,False
WM-RL+K,alpha,ies_avoidance,162,-0.005281508886988231,0.9468185019474725,1.0,False
WM-RL+K,alpha,ies_hyperarousal,162,-0.01322887060810843,0.8673074885352021,1.0,False
WM-RL+K,phi,lec_total,162,0.027233173736309197,0.7308452049928867,1.0,False
WM-RL+K,phi,lec_personal,162,0.11003782576691035,0.1633344180215251,1.0,False
WM-RL+K,phi,ies_intrusion,162,0.07904122784220677,0.31740463198490715,1.0,False
WM-RL+K,phi,ies_avoidance,162,0.0881228105418656,0.26480508477288334,1.0,False
WM-RL+K,phi,ies_hyperarousal,162,0.04293569655114903,0.5874735979620751,1.0,False
WM-RL+K,rho,lec_total,162,0.039939506571024484,0.6138314368132396,1.0,False
WM-RL+K,rho,lec_personal,162,0.06503784781706044,0.41093031808243585,1.0,False
WM-RL+K,rho,ies_intrusion,162,-0.00902707061973692,0.9092310821468798,1.0,False
WM-RL+K,rho,ies_avoidance,162,0.01600450946144209,0.8398075161760137,1.0,False
WM-RL+K,rho,ies_hyperarousal,162,-0.03597469980074731,0.6494800132166897,1.0,False
WM-RL+K,capacity,lec_total,162,-0.09683218630222823,0.22026958818030024,1.0,False
WM-RL+K,capacity,lec_personal,162,-0.05434821508381214,0.4921512890522639,1.0,False
WM-RL+K,capacity,ies_intrusion,162,0.06306180512587381,0.42532077701141247,1.0,False
WM-RL+K,capacity,ies_avoidance,162,-0.008536204039808594,0.9141473815238228,1.0,False
WM-RL+K,capacity,ies_hyperarousal,162,0.044599368543367546,0.5730657912677999,1.0,False
WM-RL+K,kappa,lec_total,162,0.08172128159850785,0.30122126568926294,1.0,False
WM-RL+K,kappa,lec_personal,162,-0.007811012971563803,0.9214164745193502,1.0,False
WM-RL+K,kappa,ies_intrusion,162,-0.1149599670939847,0.14519779533705862,1.0,False
WM-RL+K,kappa,ies_avoidance,162,-0.04477717968140547,0.5715357792978908,1.0,False
WM-RL+K,kappa,ies_hyperarousal,162,-0.05321383414834572,0.5012441073149905,1.0,False
WM-RL+K,epsilon,lec_total,162,-0.2682357612984627,0.0005582813347514221,0.016748440042542664,True
WM-RL+K,epsilon,lec_personal,162,-0.18778390707381934,0.016714955201614815,0.5014486560484445,False
WM-RL+K,epsilon,ies_intrusion,162,0.018254728912411165,0.8176529171221858,1.0,False
WM-RL+K,epsilon,ies_avoidance,162,0.07760603232376272,0.32629891166992464,1.0,False
WM-RL+K,epsilon,ies_hyperarousal,162,0.005309541887532006,0.9465366448850987,1.0,False
WM-RL+M5,alpha,lec_total,162,0.0500004950008402,0.5274719775899299,1.0,False
WM-RL+M5,alpha,lec_personal,162,0.0157366864907894,0.8424531292818132,1.0,False
WM-RL+M5,alpha,ies_intrusion,162,0.0934367697802129,0.23695344973646906,1.0,False
WM-RL+M5,alpha,ies_avoidance,162,0.01820866348196092,0.818105075399097,1.0,False
WM-RL+M5,alpha,ies_hyperarousal,162,0.0071952029829195465,0.9275942991528788,1.0,False
WM-RL+M5,phi,lec_total,162,0.07497546408849494,0.3430135300230146,1.0,False
WM-RL+M5,phi,lec_personal,162,0.0978226523294273,0.21556399349891975,1.0,False
WM-RL+M5,phi,ies_intrusion,162,0.10210965807273763,0.19602415601755507,1.0,False
WM-RL+M5,phi,ies_avoidance,162,0.0818745612720473,0.3003124521988778,1.0,False
WM-RL+M5,phi,ies_hyperarousal,162,0.0029983665446500513,0.9697932925653614,1.0,False
WM-RL+M5,rho,lec_total,162,0.13317093813549674,0.09114334094178915,1.0,False
WM-RL+M5,rho,lec_personal,162,0.18466746275765267,0.01864757357608085,0.6526650751628298,False
WM-RL+M5,rho,ies_intrusion,162,0.07307843897230128,0.355397549981052,1.0,False
WM-RL+M5,rho,ies_avoidance,162,0.044652115123200574,0.572611721874873,1.0,False
WM-RL+M5,rho,ies_hyperarousal,162,-0.000912329946904043,0.9908068597913706,1.0,False
WM-RL+M5,capacity,lec_total,162,-0.0725984971725907,0.3585744206340069,1.0,False
WM-RL+M5,capacity,lec_personal,162,-0.11900628160017827,0.13146781305707358,1.0,False
WM-RL+M5,capacity,ies_intrusion,162,-0.01191581862311892,0.8803744647663357,1.0,False
WM-RL+M5,capacity,ies_avoidance,162,0.04309539190982822,0.5860834174173596,1.0,False
WM-RL+M5,capacity,ies_hyperarousal,162,-0.054295551633201516,0.49257147259004286,1.0,False
WM-RL+M5,kappa,lec_total,162,0.10875805796951411,0.16831602932232564,1.0,False
WM-RL+M5,kappa,lec_personal,162,-0.007024722809134417,0.9293053418145119,1.0,False
WM-RL+M5,kappa,ies_intrusion,162,-0.14136786944350932,0.07274794584151162,1.0,False
WM-RL+M5,kappa,ies_avoidance,162,-0.07172405167024641,0.36440793325234744,1.0,False
WM-RL+M5,kappa,ies_hyperarousal,162,-0.05770729162867918,0.46574818501590265,1.0,False
WM-RL+M5,phi_rl,lec_total,162,0.024354393874191436,0.7583668550839373,1.0,False
WM-RL+M5,phi_rl,lec_personal,162,-0.05664917013158055,0.47398013429036856,1.0,False
WM-RL+M5,phi_rl,ies_intrusion,162,0.11579054891707251,0.14229422008220707,1.0,False
WM-RL+M5,phi_rl,ies_avoidance,162,0.02688737080870466,0.7341338529629577,1.0,False
WM-RL+M5,phi_rl,ies_hyperarousal,162,0.06710517524731574,0.39618603040733724,1.0,False
WM-RL+M5,epsilon,lec_total,162,-0.29050194304039834,0.0001767956638040422,0.006187848233141477,True
WM-RL+M5,epsilon,lec_personal,162,-0.21453675690136198,0.006116720602555045,0.21408522108942657,False
WM-RL+M5,epsilon,ies_intrusion,162,-0.00181586386383732,0.981703540886234,1.0,False
WM-RL+M5,epsilon,ies_avoidance,162,0.04395375205813801,0.5786372495793599,1.0,False
WM-RL+M5,epsilon,ies_hyperarousal,162,0.04753623641931044,0.5480450933730242,1.0,False
WM-RL+M6a,alpha,lec_total,162,0.06426509223399507,0.4165234645814675,1.0,False
WM-RL+M6a,alpha,lec_personal,162,0.054843328939892,0.48821027578660825,1.0,False
WM-RL+M6a,alpha,ies_intrusion,162,-0.029183704090259145,0.7123885347603891,1.0,False
WM-RL+M6a,alpha,ies_avoidance,162,0.002761785719365048,0.9721757012510435,1.0,False
WM-RL+M6a,alpha,ies_hyperarousal,162,-0.059528601974495735,0.4517648999812023,1.0,False
WM-RL+M6a,phi,lec_total,162,0.07886047246342838,0.3185160710018457,1.0,False
WM-RL+M6a,phi,lec_personal,162,0.11000315935880281,0.1634678929146097,1.0,False
WM-RL+M6a,phi,ies_intrusion,162,0.051875415976307716,0.5120847151489679,1.0,False
WM-RL+M6a,phi,ies_avoidance,162,0.08372048941904565,0.2895100004809571,1.0,False
WM-RL+M6a,phi,ies_hyperarousal,162,-0.013414859134509865,0.8654594200869414,1.0,False
WM-RL+M6a,rho,lec_total,162,0.0476930863202672,0.5467240018251243,1.0,False
WM-RL+M6a,rho,lec_personal,162,-0.00046615127193700367,0.9953027263621197,1.0,False
WM-RL+M6a,rho,ies_intrusion,162,-0.05041104567398183,0.5240827699527029,1.0,False
WM-RL+M6a,rho,ies_avoidance,162,-0.012696761504696574,0.8725987076288115,1.0,False
WM-RL+M6a,rho,ies_hyperarousal,162,-0.09688314361696172,0.22002572876494958,1.0,False
WM-RL+M6a,capacity,lec_total,162,-0.07090426358061208,0.3699298587713661,1.0,False
WM-RL+M6a,capacity,lec_personal,162,0.04747749461546175,0.548540256820292,1.0,False
WM-RL+M6a,capacity,ies_intrusion,162,0.1235283259469831,0.11732796652391544,1.0,False
WM-RL+M6a,capacity,ies_avoidance,162,0.06680579367628692,0.39830142290901493,1.0,False
WM-RL+M6a,capacity,ies_hyperarousal,162,0.06943544327438568,0.3799515085290066,1.0,False
WM-RL+M6a,kappa_s,lec_total,162,-0.06106539260047118,0.4401513017495764,1.0,False
WM-RL+M6a,kappa_s,lec_personal,162,-0.13621455454397105,0.08392224072882506,1.0,False
WM-RL+M6a,kappa_s,ies_intrusion,162,-0.113413354362068,0.15072396080232855,1.0,False
WM-RL+M6a,kappa_s,ies_avoidance,162,-0.10631253795594858,0.17814817526359733,1.0,False
WM-RL+M6a,kappa_s,ies_hyperarousal,162,-0.10016955819773754,0.2047015207144667,1.0,False
WM-RL+M6a,epsilon,lec_total,162,-0.25847724402748695,0.0008968804120188165,0.026906412360564496,True
WM-RL+M6a,epsilon,lec_personal,162,-0.20808914979345833,0.007879616557701174,0.23638849673103524,False
WM-RL+M6a,epsilon,ies_intrusion,162,-0.06238161819225391,0.43034084918587345,1.0,False
WM-RL+M6a,epsilon,ies_avoidance,162,0.021658995236806627,0.7844140185389592,1.0,False
WM-RL+M6a,epsilon,ies_hyperarousal,162,-0.07323025058330673,0.3543963395307783,1.0,False
WM-RL+M6b,alpha,lec_total,162,0.05876723300597305,0.4575815816644413,1.0,False
WM-RL+M6b,alpha,lec_personal,162,0.08155816670918391,0.3021903841072813,1.0,False
WM-RL+M6b,alpha,ies_intrusion,162,0.008055617867069683,0.9189638727321564,1.0,False
WM-RL+M6b,alpha,ies_avoidance,162,0.033830408022587535,0.6691034049633966,1.0,False
WM-RL+M6b,alpha,ies_hyperarousal,162,0.0015828118220235687,0.9840514168642398,1.0,False
WM-RL+M6b,phi,lec_total,162,0.04939117042756305,0.5325224493763567,1.0,False
WM-RL+M6b,phi,lec_personal,162,0.12672510027851827,0.10806696001215947,1.0,False
WM-RL+M6b,phi,ies_intrusion,162,0.12062840128607419,0.12625233889197546,1.0,False
WM-RL+M6b,phi,ies_avoidance,162,0.10984273053223456,0.16408664734664055,1.0,False
WM-RL+M6b,phi,ies_hyperarousal,162,0.07285121879576854,0.3568993857772075,1.0,False
WM-RL+M6b,rho,lec_total,162,0.04599211779109426,0.5611334448786347,1.0,False
WM-RL+M6b,rho,lec_personal,162,0.058123726000560344,0.4625301258473684,1.0,False
WM-RL+M6b,rho,ies_intrusion,162,0.0427206025112395,0.5893484205880284,1.0,False
WM-RL+M6b,rho,ies_avoidance,162,0.02726991954603204,0.7304960323905425,1.0,False
WM-RL+M6b,rho,ies_hyperarousal,162,-0.006710002555133382,0.9324649104792004,1.0,False
WM-RL+M6b,capacity,lec_total,162,-0.09253753624024502,0.24151640251914724,1.0,False
WM-RL+M6b,capacity,lec_personal,162,0.00312743690453936,0.9684936435675184,1.0,False
WM-RL+M6b,capacity,ies_intrusion,162,0.1454104780534355,0.06485344264478934,1.0,False
WM-RL+M6b,capacity,ies_avoidance,162,0.07076034254646359,0.37090456893976886,1.0,False
WM-RL+M6b,capacity,ies_hyperarousal,162,0.09711089727976077,0.21893814482094542,1.0,False
WM-RL+M6b,kappa_total,lec_total,162,0.10169990575571744,0.19783421567165504,1.0,False
WM-RL+M6b,kappa_total,lec_personal,162,-0.006451015533892985,0.9350657499805417,1.0,False
WM-RL+M6b,kappa_total,ies_intrusion,162,-0.09025476560464685,0.2533738356259134,1.0,False
WM-RL+M6b,kappa_total,ies_avoidance,162,-0.06285782925957932,0.42682263938046616,1.0,False
WM-RL+M6b,kappa_total,ies_hyperarousal,162,-0.05940188138518965,0.45273013289538544,1.0,False
WM-RL+M6b,kappa_share,lec_total,162,0.09315572017537747,0.23837303972848908,1.0,False
WM-RL+M6b,kappa_share,lec_personal,162,0.007521883458826281,0.9243164684764695,1.0,False
WM-RL+M6b,kappa_share,ies_intrusion,162,-0.08065916627651458,0.3075684768870721,1.0,False
WM-RL+M6b,kappa_share,ies_avoidance,162,0.035750192269910774,0.651523624115672,1.0,False
WM-RL+M6b,kappa_share,ies_hyperarousal,162,-0.024218544726490324,0.7596734340114495,1.0,False
WM-RL+M6b,epsilon,lec_total,162,-0.2874252422825746,0.0002084376291702728,0.007295317020959548,True
WM-RL+M6b,epsilon,lec_personal,162,-0.18480124065970172,0.018560798314019574,0.6496279409906851,False
WM-RL+M6b,epsilon,ies_intrusion,162,-0.009939508852426865,0.9001017936146842,1.0,False
WM-RL+M6b,epsilon,ies_avoidance,162,0.03713334034922396,0.6389750972146224,1.0,False
WM-RL+M6b,epsilon,ies_hyperarousal,162,-0.024027015400656916,0.7615166914388133,1.0,False
