participant_id,alpha,phi,rho,capacity,kappa_total,kappa_share,epsilon,nll,aic,bic,aicc,pseudo_r2,grad_norm,n_trials,converged,n_successful_starts,n_near_best,at_bounds,parameterization_version
10000,0.00554832024499774,0.3257994055747986,0.36166468262672424,2.3146820068359375,0.8486090898513794,6.389455553849372e-29,0.10714419931173325,709.7127075195312,1433.4254150390625,1467.6951939232977,1433.5397007533481,0.34614539876536754,9.54436109168455e-06,988,True,48,21,"['alpha', 'kappa_share']","v4.0-K[2,6]-phiapprox-stickbreaking"
9187,0.010277524590492249,0.37492212653160095,0.17142295837402344,3.0,0.9999823570251465,2.9748756372383793e-15,0.256714403629303,828.5855712890625,1671.171142578125,1705.4550771800255,1671.2851955312817,0.23817061656130056,0.14104768633842468,990,False,47,23,"['alpha', 'kappa_total', 'kappa_share']","v4.0-K[2,6]-phiapprox-stickbreaking"
10002,0.028439586982131004,0.2546202540397644,0.33192178606987,2.0,1.0,0.590158998966217,0.09892375022172928,457.4757995605469,928.9515991210938,963.2071936033122,929.0661185484967,0.5776750324619815,6.854602816019906e-06,986,True,50,31,"['capacity', 'kappa_total']","v4.0-K[2,6]-phiapprox-stickbreaking"
10003,0.0030649066902697086,0.16373229026794434,0.18831035494804382,2.208893299102783,0.786239743232727,0.2820912301540375,0.007722180802375078,605.5768432617188,1225.1536865234375,1259.3163750987396,1225.2697486996033,0.43348427803322875,4.431459728948539e-06,973,True,48,28,"['alpha', 'epsilon']","v4.0-K[2,6]-phiapprox-stickbreaking"
10004,0.016772115603089333,0.0688411071896553,0.3958807587623596,2.3971242904663086,1.0,1.0,0.09224886447191238,369.7063293457031,753.4126586914062,787.6965932933067,753.5267116445631,0.6600795926235559,7.057554739731131e-06,990,True,50,23,"['kappa_total', 'kappa_share']","v4.0-K[2,6]-phiapprox-stickbreaking"
10005,0.005091238301247358,0.12180815637111664,0.2718546390533447,2.0890557765960693,1.0,0.04869934171438217,0.025102807208895683,395.9132080078125,805.826416015625,840.0749075038296,805.941052658409,0.6341363124178869,7.66615539760096e-06,985,True,49,29,"['alpha', 'kappa_total']","v4.0-K[2,6]-phiapprox-stickbreaking"
10006,0.00560992443934083,0.09825076907873154,0.3999572694301605,2.0,1.0,0.2711925208568573,0.033391740173101425,338.86065673828125,691.7213134765625,725.9840037525969,691.8357159280436,0.6874931488108253,8.590366633143276e-06,987,True,48,12,"['alpha', 'capacity', 'kappa_total']","v4.0-K[2,6]-phiapprox-stickbreaking"
10016,0.005557224154472351,0.0993066057562828,0.16081669926643372,4.999999523162842,1.0,0.6005076766014099,0.04362979531288147,394.4297790527344,802.8595581054688,837.1222483815031,802.9739605569498,0.6362457375445236,0.008429823443293571,987,False,47,11,"['alpha', 'kappa_total']","v4.0-K[2,6]-phiapprox-stickbreaking"
10017,0.0010000000474974513,0.018270650878548622,0.5369417071342468,2.0,1.0,1.0,0.10728220641613007,381.4546813964844,776.9093627929688,811.1649572751872,777.0238822203717,0.6478549551850683,6.949470389372436e-06,986,True,50,3,"['alpha', 'capacity', 'kappa_total', 'kappa_share']","v4.0-K[2,6]-phiapprox-stickbreaking"
10018,0.008817428722977638,0.20166248083114624,0.20388832688331604,2.0,0.7742022275924683,0.36149683594703674,0.040532615035772324,567.6824340820312,1149.3648681640625,1183.6204626462809,1149.4793875914654,0.4759362882672732,7.886334969953168e-06,986,True,50,37,"['alpha', 'capacity']","v4.0-K[2,6]-phiapprox-stickbreaking"
10024,0.009185295552015305,0.11392734199762344,0.1706550270318985,3.230787754058838,1.0,0.8570302724838257,0.0010000000474974513,261.50042724609375,537.0008544921875,569.036141475525,537.1586009710608,0.6684847539567244,6.689105248369742e-06,718,True,50,41,"['alpha', 'kappa_total', 'epsilon']","v4.0-K[2,6]-phiapprox-stickbreaking"
10025,0.0010000000474974513,0.0010000000474974513,0.0789860188961029,2.0,1.0,0.2691972255706787,0.01752506010234356,246.136474609375,506.27294921875,534.4540110355272,506.5488112877155,0.4588331538814162,4.862845798925264e-06,414,True,49,6,"['alpha', 'phi', 'capacity', 'kappa_total']","v4.0-K[2,6]-phiapprox-stickbreaking"
10027,0.012987994588911533,0.11847511678934097,0.21039937436580658,2.0,1.0,0.26504018902778625,0.030999867245554924,286.7039489746094,587.4078979492188,619.4431849325563,587.565644428092,0.6365331743934419,5.32896228833124e-06,718,True,50,31,"['capacity', 'kappa_total']","v4.0-K[2,6]-phiapprox-stickbreaking"
10028,0.0014529809122905135,0.4876510500907898,0.1397341936826706,5.105884075164795,0.35476231575012207,0.14372320473194122,0.0010000001639127731,698.462646484375,1410.92529296875,1442.7728481643867,1411.0873769050743,0.09046051621792339,2.655900243553333e-05,699,True,49,13,"['alpha', 'epsilon']","v4.0-K[2,6]-phiapprox-stickbreaking"
10029,0.0204774197191,0.24953053891658783,0.32378897070884705,4.143609046936035,0.7298825979232788,1.6094911954703187e-22,0.048801690340042114,276.5080261230469,567.0160522460938,599.0708107301645,567.1733556168803,0.6504327057578395,9.670082363300025e-06,720,True,50,21,['kappa_share'],"v4.0-K[2,6]-phiapprox-stickbreaking"
10030,0.010921814478933811,0.0010000000474974513,0.18488416075706482,2.0,1.0,1.0,0.031276822090148926,226.7686309814453,467.5372619628906,499.55302313161513,467.6954540532861,0.7117127049053388,4.34557523476542e-06,716,True,47,14,"['alpha', 'phi', 'capacity', 'kappa_total', 'kappa_share']","v4.0-K[2,6]-phiapprox-stickbreaking"
10031,0.010088364593684673,0.1252833604812622,0.18190553784370422,3.0,0.8434861898422241,0.018185513094067574,0.08867540210485458,367.9381103515625,749.876220703125,781.9212502071723,750.0337453163459,0.5341979123602973,0.03994651883840561,719,False,50,36,['alpha'],"v4.0-K[2,6]-phiapprox-stickbreaking"
10035,0.006111558526754379,0.15342830121517181,0.2611009180545807,2.0,0.7763210535049438,0.1141977459192276,0.0010000000474974513,316.1418762207031,646.2837524414062,678.3092833256036,646.4417214117871,0.598654481289414,9.809042239794508e-06,717,True,50,14,"['alpha', 'capacity', 'epsilon']","v4.0-K[2,6]-phiapprox-stickbreaking"
10036,0.004409057553857565,0.30539315938949585,0.37005528807640076,2.0,0.7816426753997803,1.8207110263901427e-09,0.05440150946378708,501.47149658203125,1016.9429931640625,1048.9293631069627,1017.1018584122894,0.35980501090570716,7.321683369809762e-06,713,True,49,18,"['alpha', 'capacity', 'kappa_share']","v4.0-K[2,6]-phiapprox-stickbreaking"
10039,0.005644400138407946,0.13601988554000854,0.20432621240615845,2.4374332427978516,1.0,0.2313394695520401,0.04210066422820091,356.9892883300781,727.9785766601562,759.945283668779,728.137893872105,0.5429737641017787,0.00032185029704123735,711,False,47,13,"['alpha', 'kappa_total']","v4.0-K[2,6]-phiapprox-stickbreaking"
10041,0.0030510989017784595,0.4298522174358368,0.27732405066490173,2.0,1.0,0.5511311292648315,0.14182105660438538,638.0504760742188,1290.1009521484375,1321.9183997707785,1290.2637428461119,0.16554802889269793,9.918381692841649e-06,696,True,48,17,"['alpha', 'capacity', 'kappa_total']","v4.0-K[2,6]-phiapprox-stickbreaking"
10043,0.05329015105962753,0.5534058809280396,0.9474344849586487,5.000000476837158,1.0,0.15656478703022003,0.09877785295248032,486.02410888671875,986.0482177734375,1018.0639789421621,986.206409863833,0.38212540643150184,0.4155237078666687,716,False,48,22,['kappa_total'],"v4.0-K[2,6]-phiapprox-stickbreaking"
10044,0.05329015105962753,0.5534058809280396,0.9474344849586487,5.000000476837158,1.0,0.15656478703022003,0.09877785295248032,486.02410888671875,986.0482177734375,1018.0639789421621,986.206409863833,0.38212540643150184,0.4155237078666687,716,False,48,22,['kappa_total'],"v4.0-K[2,6]-phiapprox-stickbreaking"
10047,0.005662884563207626,0.2740871012210846,0.49260279536247253,2.0,0.9741758108139038,4.217188230570823e-12,0.061957795172929764,429.65057373046875,873.3011474609375,905.3266783451348,873.4591164313183,0.45455396659386493,9.591624802851584e-06,717,True,48,18,"['alpha', 'capacity', 'kappa_share']","v4.0-K[2,6]-phiapprox-stickbreaking"
10048,0.0010000000474974513,0.10613881796598434,0.10229416936635971,2.0,1.0,0.5290517807006836,0.0010000000474974513,448.7711486816406,911.5422973632812,943.419831191462,911.7036806485838,0.41810669044385473,9.425655662198551e-06,702,True,49,6,"['alpha', 'capacity', 'kappa_total', 'epsilon']","v4.0-K[2,6]-phiapprox-stickbreaking"
10050,0.007719229906797409,0.3452605605125427,0.3217012882232666,3.0,1.0,2.939655128848316e-39,0.06399162858724594,433.9676818847656,881.9353637695312,913.9608946537286,882.0933327399121,0.4490733512694136,0.06892116367816925,717,False,45,20,"['alpha', 'kappa_total', 'kappa_share']","v4.0-K[2,6]-phiapprox-stickbreaking"
10051,0.005093054845929146,0.16125960648059845,0.1723422110080719,4.999999523162842,0.9999995231628418,0.15605784952640533,0.047383520752191544,333.19207763671875,680.3841552734375,712.3311439591624,680.5439270280738,0.572236249553969,0.16390086710453033,709,False,48,37,"['alpha', 'kappa_total']","v4.0-K[2,6]-phiapprox-stickbreaking"
10052,0.00508740684017539,0.24571247398853302,0.11436760425567627,3.906501054763794,0.9612311124801636,0.1870051622390747,0.001000007032416761,470.1050109863281,954.2100219726562,986.1570106583812,954.3697937272925,0.3964625929004285,9.045274964591954e-06,709,True,48,18,"['alpha', 'epsilon']","v4.0-K[2,6]-phiapprox-stickbreaking"
10055,0.010569178499281406,0.09979817271232605,0.2698499262332916,3.066901683807373,1.0,0.2552589178085327,0.13180939853191376,354.8673095703125,723.734619140625,755.7796486446723,723.8921437538459,0.550745277582159,8.509010513080284e-06,719,True,50,21,"['alpha', 'kappa_total']","v4.0-K[2,6]-phiapprox-stickbreaking"
10057,0.005170947406440973,0.2078215777873993,0.39839163422584534,2.009058952331543,0.8669760227203369,1.0350144982882344e-24,0.1469719558954239,495.41058349609375,1004.8211669921875,1036.7977123720714,1004.9802579012784,0.36665428878618733,6.843411938461941e-06,712,True,50,14,"['alpha', 'capacity', 'kappa_share']","v4.0-K[2,6]-phiapprox-stickbreaking"
10058,0.003305166494101286,0.12778982520103455,0.16447848081588745,2.0,0.49474525451660156,0.2594965696334839,0.0010000000474974513,473.27313232421875,960.5462646484375,992.3737625237611,960.7088190751429,0.3819343329267464,0.030578143894672394,697,False,49,37,"['alpha', 'capacity', 'epsilon']","v4.0-K[2,6]-phiapprox-stickbreaking"
10059,0.006093138363212347,0.14436909556388855,0.4739527106285095,3.000009059906006,0.9999995231628418,0.8993686437606812,0.0740823969244957,301.6159973144531,617.2319946289062,649.2672816122438,617.3897411077795,0.6176285346326044,0.2226768285036087,718,False,48,37,"['alpha', 'kappa_total']","v4.0-K[2,6]-phiapprox-stickbreaking"
10062,0.010673490352928638,0.0010000000474974513,0.3776382803916931,2.0,1.0,1.0,0.03514423966407776,160.6373291015625,335.274658203125,367.3099451864626,335.43240468199826,0.7963532058373162,4.292587163945427e-06,718,True,50,7,"['alpha', 'phi', 'capacity', 'kappa_total', 'kappa_share']","v4.0-K[2,6]-phiapprox-stickbreaking"
10063,0.0038670855574309826,0.19297370314598083,0.07372483611106873,5.000000476837158,1.0,0.278923898935318,0.11351101845502853,585.4842529296875,1184.968505859375,1216.9548758022752,1185.127371107602,0.25255156579395466,0.01995919458568096,713,False,47,27,"['alpha', 'kappa_total']","v4.0-K[2,6]-phiapprox-stickbreaking"
10064,0.004679842386394739,0.124455526471138,0.19281308352947235,2.9999988079071045,1.0,2.938780718606577e-39,0.14842334389686584,453.9516296386719,921.9032592773438,953.8798046572276,922.0623501864346,0.41965648835913316,0.11770293861627579,712,False,48,14,"['alpha', 'kappa_total', 'kappa_share']","v4.0-K[2,6]-phiapprox-stickbreaking"
10065,0.0012202197685837746,0.03800546005368233,0.11277072131633759,5.999991416931152,0.867586612701416,0.9257744550704956,0.0010000000474974513,248.6914520263672,511.3829040527344,543.4279335567817,511.5404286659552,0.685161731625611,9.663546734373085e-06,719,True,50,7,"['alpha', 'capacity', 'epsilon']","v4.0-K[2,6]-phiapprox-stickbreaking"
10066,0.006996023003011942,0.06499095261096954,0.21557381749153137,2.582458972930908,1.0,0.7385531067848206,0.04425365477800369,275.68890380859375,565.3778076171875,597.2951142796402,565.5382660699096,0.6445568631836616,7.0035453063610476e-06,706,True,48,21,"['alpha', 'kappa_total']","v4.0-K[2,6]-phiapprox-stickbreaking"
10067,0.0021974139381200075,0.2709088623523712,0.2262004166841507,2.0,0.47787392139434814,1.322564593130428e-35,0.04773998633027077,595.7261352539062,1205.4522705078125,1237.468031676537,1205.610462598208,0.24266299352666154,4.925198481942061e-06,716,True,50,15,"['alpha', 'capacity', 'kappa_share']","v4.0-K[2,6]-phiapprox-stickbreaking"
10071,0.012387415394186974,0.15014705061912537,0.5579234957695007,2.0,1.0,0.38901063799858093,0.08707722276449203,310.0129089355469,634.0258178710938,666.0805763551645,634.1831212418803,0.6080751243419051,8.285958756459877e-06,720,True,50,21,"['capacity', 'kappa_total']","v4.0-K[2,6]-phiapprox-stickbreaking"
10072,0.011551788076758385,0.11219323426485062,0.13401658833026886,4.999999523162842,1.0,0.6985685229301453,0.06428425759077072,312.4439697265625,638.887939453125,670.9232264364625,639.0456859319983,0.6039014521335303,0.07302496582269669,718,False,47,18,['kappa_total'],"v4.0-K[2,6]-phiapprox-stickbreaking"
10073,0.011551788076758385,0.11219323426485062,0.13401658833026886,4.999999523162842,1.0,0.6985685229301453,0.06428425759077072,312.4439697265625,638.887939453125,670.9232264364625,639.0456859319983,0.6039014521335303,0.07302496582269669,718,False,47,18,['kappa_total'],"v4.0-K[2,6]-phiapprox-stickbreaking"
10074,0.00811936054378748,0.054524630308151245,0.062252674251794815,5.0,1.0,0.7428204417228699,0.07236681133508682,391.3609619140625,796.721923828125,828.7474547123223,796.8798927985058,0.5031630414161905,0.030063893646001816,717,False,47,14,"['alpha', 'kappa_total']","v4.0-K[2,6]-phiapprox-stickbreaking"
10075,0.007481670472770929,0.10526678711175919,0.1785004585981369,3.000000238418579,1.0,2.9408658507214925e-39,0.11058153212070465,384.0932922363281,782.1865844726562,814.2121153568536,782.3445534430371,0.5123894263908632,0.1878744512796402,717,False,46,26,"['alpha', 'kappa_total', 'kappa_share']","v4.0-K[2,6]-phiapprox-stickbreaking"
10076,0.0030533564276993275,0.19797784090042114,0.21526680886745453,2.0,1.0,0.5319964289665222,0.007443720940500498,473.4259948730469,960.8519897460938,992.8088445363413,961.0115339056379,0.39305505431227716,9.104221135203261e-06,710,True,45,28,"['alpha', 'capacity', 'kappa_total', 'epsilon']","v4.0-K[2,6]-phiapprox-stickbreaking"
10077,0.18632788956165314,0.4043385088443756,0.8676182627677917,4.999999523162842,1.0,0.7649181485176086,0.10973447561264038,324.0926208496094,662.1852416992188,694.230271203266,662.3427663124396,0.5897054011716089,0.10882268100976944,719,False,45,27,['kappa_total'],"v4.0-K[2,6]-phiapprox-stickbreaking"
10078,0.016831617802381516,0.1475999653339386,0.11380419880151749,6.0,0.8459969758987427,0.6266058683395386,0.10199028998613358,367.89971923828125,749.7994384765625,781.8444679806098,749.9569630897834,0.534246514720885,6.598950221814448e-06,719,True,49,17,['capacity'],"v4.0-K[2,6]-phiapprox-stickbreaking"
10079,0.010584230534732342,0.1994701772928238,0.36815744638442993,2.0,1.0,0.2978048622608185,0.026552487164735794,292.81256103515625,599.6251220703125,631.6701515743598,599.7826466835334,0.62930531418183,9.442323971597943e-06,719,True,48,23,"['alpha', 'capacity', 'kappa_total']","v4.0-K[2,6]-phiapprox-stickbreaking"
10081,0.0048113237135112286,0.16601544618606567,0.11064349859952927,4.96639347076416,0.9985911846160889,9.745619866663446e-10,0.0010000019101426005,349.6927490234375,713.385498046875,745.4012592155996,713.5436901372705,0.5554412605752703,6.57357895761379e-06,716,True,46,10,"['alpha', 'kappa_total', 'kappa_share', 'epsilon']","v4.0-K[2,6]-phiapprox-stickbreaking"
10083,0.011798340827226639,0.25184959173202515,0.12531641125679016,5.000000476837158,0.9381852149963379,0.21933436393737793,0.05032288283109665,388.8440856933594,791.6881713867188,823.5756696293934,791.8493224658555,0.49652753934574245,0.04552232846617699,703,False,49,44,[],"v4.0-K[2,6]-phiapprox-stickbreaking"
10084,0.9567742347717285,0.7537040114402771,0.8433024287223816,6.0,1.0,1.0,0.04643877223134041,196.1985626220703,406.3971252441406,438.42265612833796,406.55509421452143,0.7509238104513105,7.868470675020944e-06,717,True,49,5,"['capacity', 'kappa_total', 'kappa_share']","v4.0-K[2,6]-phiapprox-stickbreaking"
10086,0.0010000000474974513,0.051019735634326935,0.029302973300218582,4.103727340698242,1.0,0.875420868396759,0.0010000000474974513,408.87725830078125,831.7545166015625,862.8745553372615,831.9345809102442,0.4092442549507862,9.876197509584017e-06,630,True,49,10,"['alpha', 'kappa_total', 'epsilon']","v4.0-K[2,6]-phiapprox-stickbreaking"
10087,0.016139434650540352,0.10024562478065491,0.25257059931755066,2.0,1.0,0.8863479495048523,0.073274165391922,306.42510986328125,626.8502197265625,658.8464004629396,627.0088599531914,0.6093555251806768,4.838309450860834e-06,714,True,49,37,"['capacity', 'kappa_total']","v4.0-K[2,6]-phiapprox-stickbreaking"
10088,0.1685672402381897,0.22765155136585236,0.9990000128746033,5.4365081787109375,1.0,1.0,0.06413145363330841,230.97576904296875,475.9515380859375,508.0062965700082,476.108841456724,0.7079955480788738,5.948414127487922e-06,720,True,50,16,"['rho', 'kappa_total', 'kappa_share']","v4.0-K[2,6]-phiapprox-stickbreaking"
10089,0.008844908326864243,0.17369522154331207,0.17119991779327393,2.999999761581421,0.5810728073120117,0.08566956967115402,0.028883088380098343,359.3536682128906,732.7073364257812,764.7230975945058,732.8655285161767,0.5431594901681304,0.16471347212791443,716,False,50,37,['alpha'],"v4.0-K[2,6]-phiapprox-stickbreaking"
10092,0.011047695763409138,0.1705131232738495,0.28901419043540955,3.9342243671417236,0.9841150045394897,1.3360690331865044e-08,0.0802057534456253,320.64959716796875,655.2991943359375,687.2953750723146,655.4578345625664,0.5912215107221586,6.617777671635849e-06,714,True,50,21,['kappa_share'],"v4.0-K[2,6]-phiapprox-stickbreaking"
10093,0.008161962032318115,0.26209115982055664,0.09654592722654343,5.0,0.6746466159820557,0.7376038432121277,0.0010000000474974513,493.0526123046875,1000.105224609375,1032.0817699892589,1000.2643155184659,0.36966878018179683,0.1557793915271759,712,False,49,24,"['alpha', 'epsilon']","v4.0-K[2,6]-phiapprox-stickbreaking"
10094,0.005444318056106567,0.18508371710777283,0.13836202025413513,2.999999761581421,0.29177582263946533,2.9571769648462334e-39,0.13068881630897522,547.8546142578125,1109.709228515625,1141.6562172013498,1109.8690002702613,0.29664490777718544,0.17738360166549683,709,False,49,27,"['alpha', 'kappa_share']","v4.0-K[2,6]-phiapprox-stickbreaking"
10095,0.033359549939632416,0.4987817406654358,0.8558923602104187,5.0,0.9121897220611572,3.4774251389535493e-07,0.04941387474536896,408.9459228515625,831.891845703125,863.8683910830089,832.0509366122159,0.47719294866769024,0.6424357891082764,712,False,48,16,['kappa_share'],"v4.0-K[2,6]-phiapprox-stickbreaking"
10097,0.010071002878248692,0.2610916495323181,0.27175331115722656,2.0,-0.5911532640457153,1.0,0.052831318229436874,458.9776306152344,931.9552612304688,963.9807921146661,932.1132302008496,0.4173229518406846,9.577704986440949e-06,717,True,49,14,"['alpha', 'capacity', 'kappa_share']","v4.0-K[2,6]-phiapprox-stickbreaking"
10098,0.007836089469492435,0.11970885843038559,0.20195633172988892,3.0,0.6947304010391235,5.022735560800129e-09,0.052187830209732056,319.8221740722656,653.6443481445312,685.6208935244151,653.8034390536221,0.5911310556381281,0.07549213618040085,712,False,49,17,"['alpha', 'kappa_share']","v4.0-K[2,6]-phiapprox-stickbreaking"
10099,0.007587620057165623,0.15326626598834991,0.22571896016597748,2.1827642917633057,0.8543844223022461,4.081687432488934e-09,0.06363678723573685,381.823486328125,777.64697265625,809.6431533926271,777.8056128828789,0.5132342928525555,7.440150056936545e-06,714,True,49,22,"['alpha', 'kappa_share']","v4.0-K[2,6]-phiapprox-stickbreaking"
10101,0.008233564905822277,0.03890558332204819,0.24654395878314972,2.0,1.0,1.0,0.07175866514444351,304.5511779785156,623.1023559570312,655.1083337558894,623.2607717986155,0.6122875122916694,4.821897618967341e-06,715,True,47,5,"['alpha', 'capacity', 'kappa_total', 'kappa_share']","v4.0-K[2,6]-phiapprox-stickbreaking"
10102,0.012674430385231972,0.28553035855293274,0.3584112226963043,2.0,1.0,5.785148606087861e-39,0.14920654892921448,445.0590515136719,904.1181030273438,936.1338641960683,904.2762951177392,0.4342036217135775,7.728737728029955e-06,716,True,49,15,"['capacity', 'kappa_total', 'kappa_share']","v4.0-K[2,6]-phiapprox-stickbreaking"
10103,0.5214977860450745,0.9990000128746033,0.7876151204109192,2.0,1.0,1.0,0.07769320905208588,225.1649932861328,464.3299865722656,496.37501607631293,464.4875111854864,0.714945744989977,5.6602980293973815e-06,719,True,47,14,"['phi', 'capacity', 'kappa_total', 'kappa_share']","v4.0-K[2,6]-phiapprox-stickbreaking"
10104,0.004933557007461786,0.13716179132461548,0.18466787040233612,2.0,1.0,0.2613554000854492,0.1750446856021881,536.56201171875,1087.1240234375,1119.130001236358,1087.2824392790842,0.31692336981228675,9.664003300713375e-06,715,True,49,31,"['alpha', 'capacity', 'kappa_total']","v4.0-K[2,6]-phiapprox-stickbreaking"
10106,0.009016700088977814,0.1510460078716278,0.1927880048751831,2.0,0.9768517017364502,0.34164389967918396,0.09424886107444763,434.1559753417969,882.3119506835938,914.356980187641,882.4694752968146,0.45036745586851534,9.341372788185254e-06,719,True,50,33,"['alpha', 'capacity']","v4.0-K[2,6]-phiapprox-stickbreaking"
10107,0.004456539638340473,0.13648642599582672,0.28182217478752136,2.0,1.0,0.24880310893058777,0.04998644441366196,375.2959289550781,764.5918579101562,796.5880386465334,764.7504981367852,0.5215559157867355,8.871699719747994e-06,714,True,50,31,"['alpha', 'capacity', 'kappa_total']","v4.0-K[2,6]-phiapprox-stickbreaking"
10109,0.0010000000474974513,0.10544124990701675,0.27943405508995056,2.999999761581421,1.0,0.17678414285182953,0.06833653897047043,329.83538818359375,673.6707763671875,705.7158058712348,673.8283009804084,0.5824351757240653,0.014698013663291931,719,False,49,19,"['alpha', 'kappa_total']","v4.0-K[2,6]-phiapprox-stickbreaking"
10110,0.0010000000474974513,0.10544124990701675,0.27943405508995056,2.999999761581421,1.0,0.17678414285182953,0.06833653897047043,329.83538818359375,673.6707763671875,705.7158058712348,673.8283009804084,0.5824351757240653,0.014698013663291931,719,False,49,19,"['alpha', 'kappa_total']","v4.0-K[2,6]-phiapprox-stickbreaking"
10111,0.003617072943598032,0.21069537103176117,0.2665645182132721,2.0,0.7221188545227051,3.5486191892961094e-13,0.15450914204120636,557.4202880859375,1128.840576171875,1160.8269461147752,1128.999441420102,0.2883789453948772,5.7825000112643465e-06,713,True,49,16,"['alpha', 'capacity', 'kappa_share']","v4.0-K[2,6]-phiapprox-stickbreaking"
10112,0.0010000000474974513,0.09361857175827026,0.13224484026432037,2.0,1.0,0.5354890823364258,0.0010000000474974513,467.48431396484375,948.9686279296875,980.8958425909635,949.1288568281138,0.39812933464846256,5.87409112995374e-06,707,True,49,28,"['alpha', 'capacity', 'kappa_total', 'epsilon']","v4.0-K[2,6]-phiapprox-stickbreaking"
10114,0.008154957555234432,0.1186174675822258,0.09328446537256241,2.0,0.6205689907073975,0.37049931287765503,0.024103013798594475,464.1788024902344,942.3576049804688,974.3045936661937,942.517376735105,0.4040708685539035,8.947839887696318e-06,709,True,50,36,"['alpha', 'capacity']","v4.0-K[2,6]-phiapprox-stickbreaking"
10115,0.007082183845341206,0.03542732819914818,0.08371111005544662,6.0,1.0,1.0,0.07344777882099152,336.2241516113281,686.4483032226562,718.415010231279,686.607620434605,0.5695577894009004,9.844426131166983e-06,711,True,48,1,"['alpha', 'capacity', 'kappa_total', 'kappa_share']","v4.0-K[2,6]-phiapprox-stickbreaking"
10116,0.0045271883718669415,0.11949360370635986,0.21743367612361908,4.5534820556640625,1.0,1.2378560849957143e-11,0.1124352514743805,361.8968505859375,737.793701171875,769.8289881552125,737.9514476507483,0.5412079256322676,9.132580089499243e-06,718,True,50,23,"['alpha', 'kappa_total', 'kappa_share']","v4.0-K[2,6]-phiapprox-stickbreaking"
10117,0.046883564442396164,0.5765607953071594,0.737182080745697,2.0,0.8685177564620972,4.3107341697948276e-13,0.053767796605825424,279.5231018066406,573.0462036132812,605.0521814121394,573.2046194548655,0.6441498013806836,5.9074341152154375e-06,715,True,49,6,"['capacity', 'kappa_share']","v4.0-K[2,6]-phiapprox-stickbreaking"
10120,0.0015039565041661263,0.04630140960216522,0.1414671540260315,2.7794950008392334,1.0,0.5209722518920898,0.01635799929499626,345.6093444824219,705.2186889648438,737.2246667637019,705.377104806428,0.5600179266619749,9.771782060852274e-06,715,True,50,18,"['alpha', 'kappa_total']","v4.0-K[2,6]-phiapprox-stickbreaking"
10121,0.007096235640347004,0.277666836977005,0.33819952607154846,2.999999761581421,0.9565008878707886,4.7272069844175614e-20,0.15699250996112823,498.3244934082031,1010.6489868164062,1042.615693825029,1010.808304028355,0.3620330499450165,0.03246050328016281,711,False,50,26,"['alpha', 'kappa_share']","v4.0-K[2,6]-phiapprox-stickbreaking"
10125,0.008502856828272343,0.17394272983074188,0.09464962035417557,3.239006519317627,0.800508975982666,2.4715141391795648e-11,0.054205264896154404,427.2737121582031,868.5474243164062,900.5729552006036,868.7053932867871,0.45757141797369494,7.705787538725417e-06,717,True,49,32,"['alpha', 'kappa_share']","v4.0-K[2,6]-phiapprox-stickbreaking"
10126,0.4217168986797333,0.2606948912143707,0.9347416758537292,5.000004291534424,1.0,1.0,0.07967768609523773,241.2664337158203,496.5328674316406,528.5778969356879,496.6903920448614,0.6945616522440843,1.3330979347229004,719,False,47,22,"['kappa_total', 'kappa_share']","v4.0-K[2,6]-phiapprox-stickbreaking"
10128,0.006188308820128441,0.01646781899034977,0.06167420372366905,4.402125358581543,1.0,5.498519174695904e-12,0.17024719715118408,468.04644775390625,950.0928955078125,982.0002801274984,950.2535841735227,0.39569611825680284,9.443821909371763e-06,705,True,50,11,"['alpha', 'kappa_total', 'kappa_share']","v4.0-K[2,6]-phiapprox-stickbreaking"
10130,0.006835544016212225,0.15581609308719635,0.2019091695547104,2.0,-0.7300096750259399,1.0,0.21730495989322662,588.5724487304688,1191.1448974609375,1223.1312674038377,1191.3037627091644,0.24860907356762174,7.818971425876953e-06,713,True,50,29,"['alpha', 'capacity', 'kappa_share']","v4.0-K[2,6]-phiapprox-stickbreaking"
10135,0.0029585957527160645,0.066655732691288,0.11525120586156845,3.0331485271453857,1.0,0.22392362356185913,0.07070652395486832,418.8389892578125,851.677978515625,883.5754270087313,851.8388980558549,0.4584606851375036,7.910681233624928e-06,704,True,50,39,"['alpha', 'kappa_total']","v4.0-K[2,6]-phiapprox-stickbreaking"
10137,0.002701869700103998,0.1072172075510025,0.22212471067905426,4.999999523162842,1.0,8.512822669004549e-10,0.037125494331121445,238.16226196289062,490.32452392578125,522.3598109091188,490.4822704046545,0.6980715415866299,0.028488708660006523,718,False,47,12,"['alpha', 'kappa_total', 'kappa_share']","v4.0-K[2,6]-phiapprox-stickbreaking"
10139,0.0035114423371851444,0.41835951805114746,0.5021305680274963,2.0,0.817347526550293,9.063410030809644e-17,0.16630332171916962,600.1510009765625,1214.302001953125,1246.209386572811,1214.4626906188353,0.2251333574635057,4.811091002920875e-06,705,True,50,8,"['alpha', 'capacity', 'kappa_share']","v4.0-K[2,6]-phiapprox-stickbreaking"
10140,0.104051873087883,0.6693373918533325,0.827656626701355,5.000000476837158,0.9999997615814209,0.2498687207698822,0.09615816920995712,373.9635009765625,761.927001953125,793.9329797519831,762.0854177947092,0.5239213315866142,1.1404818296432495,715,False,46,21,['kappa_total'],"v4.0-K[2,6]-phiapprox-stickbreaking"
10141,0.003434141166508198,0.10359040647745132,0.24013182520866394,2.0,1.0,4.37463677479058e-13,0.07965603470802307,401.69390869140625,817.3878173828125,849.4035785515371,817.546009473208,0.4893330268324343,7.534928499808302e-06,716,True,50,37,"['alpha', 'capacity', 'kappa_total', 'kappa_share']","v4.0-K[2,6]-phiapprox-stickbreaking"
10142,0.014933249913156033,0.16602899134159088,0.5697193741798401,2.0,0.34966564178466797,1.0,0.043263595551252365,248.21507263183594,510.4301452636719,542.4751747677192,510.5876698768927,0.6857648181508671,6.752591161784949e-06,719,True,49,19,"['capacity', 'kappa_share']","v4.0-K[2,6]-phiapprox-stickbreaking"
10143,0.006414728704839945,0.11616380512714386,0.1589091718196869,6.0,1.0,0.16313017904758453,0.06568426638841629,302.7117919921875,619.423583984375,651.4686134884223,619.5811085975959,0.6167730911908307,7.114923391782213e-06,719,True,50,15,"['alpha', 'capacity', 'kappa_total']","v4.0-K[2,6]-phiapprox-stickbreaking"
10145,0.6088091135025024,0.2821422219276428,0.9990000128746033,4.5991315841674805,-1.0,1.0,0.14059317111968994,325.87109375,665.7421875,697.7285574429001,665.9010527482269,0.5839822547615126,9.91119031823473e-06,713,True,49,15,"['rho', 'kappa_share']","v4.0-K[2,6]-phiapprox-stickbreaking"
10147,0.0016291956417262554,0.01979168690741062,0.2051786333322525,4.189615249633789,1.0,1.0,0.0687420666217804,243.8234405517578,501.6468811035156,533.6626422722402,501.8050731939111,0.6900312011713314,9.52141544985352e-06,716,True,50,10,"['alpha', 'kappa_total', 'kappa_share']","v4.0-K[2,6]-phiapprox-stickbreaking"
10148,0.005377043038606644,0.1571112722158432,0.18685005605220795,2.339726686477661,0.9855891466140747,4.3961440390760664e-12,0.22407223284244537,550.3977661132812,1114.7955322265625,1146.7029168462484,1114.9562208922728,0.28937072771050787,7.261483460752061e-06,705,True,49,21,"['alpha', 'kappa_share']","v4.0-K[2,6]-phiapprox-stickbreaking"
10149,0.0051272776909172535,0.22859877347946167,0.16414661705493927,3.0941646099090576,0.5748969316482544,1.6732067120717176e-11,0.07161417603492737,522.0275268554688,1058.0550537109375,1090.0414236538377,1058.2139189591644,0.3335625072610906,1.8161865227739327e-05,713,True,50,20,"['alpha', 'kappa_share']","v4.0-K[2,6]-phiapprox-stickbreaking"
10150,0.007225495297461748,0.07321185618638992,0.142088383436203,2.015477418899536,1.0,0.5377838015556335,0.021319780498743057,330.8465270996094,675.6930541992188,707.6990319980769,675.851470040803,0.5788119063505966,6.338755611068336e-06,715,True,44,18,"['alpha', 'kappa_total']","v4.0-K[2,6]-phiapprox-stickbreaking"
10151,0.006812511943280697,0.12428779155015945,0.31309279799461365,2.0,1.0,0.5012750625610352,0.058998607099056244,347.68536376953125,709.3707275390625,741.3962584232598,709.5286965094433,0.5586096839232235,8.16878309706226e-06,717,True,49,32,"['alpha', 'capacity', 'kappa_total']","v4.0-K[2,6]-phiapprox-stickbreaking"
10152,0.009424950927495956,0.19834056496620178,0.16190321743488312,3.269313335418701,1.0,0.1287412792444229,0.07186801731586456,389.92120361328125,793.8424072265625,825.8874367306098,793.9999318397834,0.5063677679800296,9.657786904426757e-06,719,True,49,31,"['alpha', 'kappa_total']","v4.0-K[2,6]-phiapprox-stickbreaking"
10154,0.007430747617036104,0.05099860206246376,0.12887483835220337,2.0,0.7721982002258301,0.10949726402759552,0.012837276794016361,328.5328674316406,671.0657348632812,703.0912657474786,671.2237038336621,0.5829239844177492,8.687059562362265e-06,717,True,49,45,"['alpha', 'capacity']","v4.0-K[2,6]-phiapprox-stickbreaking"
10155,0.003946665674448013,0.12125371396541595,0.157071053981781,6.0,1.0,9.589469843196419e-12,0.14210200309753418,425.2222595214844,864.4445190429688,896.4308889858688,864.6033842911957,0.4571472922140922,9.592624337528832e-06,713,True,47,6,"['alpha', 'capacity', 'kappa_total', 'kappa_share']","v4.0-K[2,6]-phiapprox-stickbreaking"
10156,0.04235796257853508,0.11000283062458038,0.13497573137283325,2.0,-0.43211424350738525,2.938758297831148e-39,0.08123867213726044,288.4189453125,590.837890625,622.8144360048839,590.9969815340909,0.6312777560031206,8.781304131844081e-06,712,True,50,29,"['capacity', 'kappa_share']","v4.0-K[2,6]-phiapprox-stickbreaking"
10157,0.0034464108757674694,0.12993687391281128,0.14117230474948883,3.554408550262451,0.748184084892273,0.08549725264310837,0.0047615268267691135,370.7020263671875,755.404052734375,787.4490822384223,755.5615773475959,0.5306988514750066,6.641900199610973e-06,719,True,50,30,"['alpha', 'epsilon']","v4.0-K[2,6]-phiapprox-stickbreaking"
10158,0.013957624323666096,0.03447258099913597,0.09564180672168732,5.000000476837158,1.0,1.0,0.02684224210679531,205.503173828125,425.00634765625,457.0221088249745,425.16453974664546,0.7387471368510153,0.008876814506947994,716,False,48,7,"['kappa_total', 'kappa_share']","v4.0-K[2,6]-phiapprox-stickbreaking"
10159,0.005294221453368664,0.055723220109939575,0.1514602154493332,3.000000238418579,0.7834397554397583,0.4062446057796478,0.04623917490243912,311.05584716796875,636.1116943359375,668.1274555046621,636.269886426333,0.6045597293799894,0.07536432892084122,716,False,49,13,['alpha'],"v4.0-K[2,6]-phiapprox-stickbreaking"
10160,0.008316959254443645,0.20506909489631653,0.0955880731344223,6.0,0.5912171602249146,2.938758297831148e-39,0.03571946173906326,424.1705627441406,862.3411254882812,894.3666563724786,862.4990944586621,0.4615108995954018,0.006094062235206366,717,False,48,23,"['alpha', 'capacity', 'kappa_share']","v4.0-K[2,6]-phiapprox-stickbreaking"
10162,0.015014329925179482,0.1294448971748352,0.45286035537719727,2.0,1.0,0.6913732886314392,0.10391253232955933,327.78302001953125,669.5660400390625,701.5622207754396,669.7246802656914,0.5821275032997377,4.356677436589962e-06,714,True,50,31,"['capacity', 'kappa_total']","v4.0-K[2,6]-phiapprox-stickbreaking"
10163,0.00421896344050765,0.20534682273864746,0.2410806566476822,3.5711050033569336,1.0,2.938758297831148e-39,0.12005329132080078,461.0627746582031,936.1255493164062,968.1705788204536,936.2830739296271,0.41630400079095053,6.118102646723855e-06,719,True,50,23,"['alpha', 'kappa_total', 'kappa_share']","v4.0-K[2,6]-phiapprox-stickbreaking"
10164,0.001982520567253232,0.16694828867912292,0.10950993001461029,2.999999761581421,0.33251953125,6.444686846407421e-07,0.10301996022462845,628.9678955078125,1271.935791015625,1303.9808205196723,1272.0933156288459,0.20373956776058322,0.5507465600967407,719,False,49,22,"['alpha', 'kappa_share']","v4.0-K[2,6]-phiapprox-stickbreaking"
10165,0.00441399123519659,0.23228879272937775,0.3449919521808624,2.0,0.5762835741043091,7.884738868757513e-13,0.24335671961307526,603.6158447265625,1221.231689453125,1253.2180593960252,1221.390554701352,0.22940417996688445,7.322517831198638e-06,713,True,49,11,"['alpha', 'capacity', 'kappa_share']","v4.0-K[2,6]-phiapprox-stickbreaking"
10166,0.008740497753024101,0.17868953943252563,0.180771142244339,2.0,0.9736775159835815,1.6487916904103522e-21,0.05246966332197189,392.6878356933594,799.3756713867188,831.3718521230959,799.5343116133477,0.49938393295897754,8.425623491348233e-06,714,True,47,15,"['alpha', 'capacity', 'kappa_share']","v4.0-K[2,6]-phiapprox-stickbreaking"
10168,0.010181950405240059,0.0010000001639127731,0.25663018226623535,2.0,1.0,1.0,0.09028191864490509,282.24053955078125,578.4810791015625,610.5163660849,578.6388255804358,0.6421916289088518,7.5605571510095615e-06,718,True,50,7,"['alpha', 'phi', 'capacity', 'kappa_total', 'kappa_share']","v4.0-K[2,6]-phiapprox-stickbreaking"
10169,0.01164460089057684,0.2600114047527313,0.38541460037231445,2.0,1.0,6.366559364660076e-22,0.0490790493786335,351.0925598144531,716.1851196289062,748.1714895718063,716.3439848771332,0.5517837024965717,9.273191608372144e-06,713,True,49,21,"['capacity', 'kappa_total', 'kappa_share']","v4.0-K[2,6]-phiapprox-stickbreaking"
10170,0.010319358669221401,0.11944510042667389,0.09932271391153336,6.0,1.0,0.83077472448349,0.055860891938209534,330.7103576660156,675.4207153320312,707.4560023153688,675.5784618109045,0.5807443729813386,9.51398214965593e-06,718,True,45,10,"['alpha', 'capacity', 'kappa_total']","v4.0-K[2,6]-phiapprox-stickbreaking"
10171,0.006555633619427681,0.0936446338891983,0.17213928699493408,2.999999761581421,0.7678065299987793,1.2073172255227908e-14,0.0699009895324707,346.8966369628906,707.7932739257812,739.8285609091188,707.9510204046545,0.5602243362833532,0.006968934554606676,718,False,50,6,"['alpha', 'kappa_share']","v4.0-K[2,6]-phiapprox-stickbreaking"
10172,0.0010000000474974513,0.034215644001960754,0.35160067677497864,2.0,1.0,1.0,0.17472372949123383,398.7540588378906,811.5081176757812,843.5531471798286,811.6656422890021,0.4951855547553352,1.5610459058734705e-06,719,True,49,12,"['alpha', 'capacity', 'kappa_total', 'kappa_share']","v4.0-K[2,6]-phiapprox-stickbreaking"
10174,0.0076521048322319984,0.20312808454036713,0.3415968716144562,2.0,0.5396208763122559,0.1807117760181427,0.07172264158725739,410.0982666015625,834.196533203125,866.1927139395021,834.3551734297539,0.4771883346884974,8.030659955693409e-06,714,True,50,27,"['alpha', 'capacity']","v4.0-K[2,6]-phiapprox-stickbreaking"
10175,0.008535887114703655,0.24838997423648834,0.22580726444721222,3.0,0.8919695615768433,5.49005424455018e-11,0.1387774795293808,481.35919189453125,976.7183837890625,1008.7439146732598,976.8763527594433,0.3889093186055823,0.149081751704216,717,False,49,33,"['alpha', 'kappa_share']","v4.0-K[2,6]-phiapprox-stickbreaking"
10177,0.009045985527336597,0.06877248734235764,0.19287292659282684,2.0,1.0,0.46154356002807617,0.09537522494792938,366.93646240234375,747.8729248046875,779.8789026035456,748.0313406462717,0.5328671863520322,8.433648872596677e-06,715,True,49,28,"['alpha', 'capacity', 'kappa_total']","v4.0-K[2,6]-phiapprox-stickbreaking"
10178,0.009369729086756706,0.20301464200019836,0.40071821212768555,2.0,0.9063248634338379,0.08482460677623749,0.023455912247300148,290.2879333496094,594.5758666992188,626.6111536825563,594.733613178092,0.6319896045247195,5.583390702668112e-06,718,True,50,27,"['alpha', 'capacity']","v4.0-K[2,6]-phiapprox-stickbreaking"
10179,0.3037925660610199,0.5056183934211731,0.7968369722366333,6.0,1.0,0.533125102519989,0.03464522957801819,194.77325439453125,403.5465087890625,435.562269957787,403.70470087945796,0.7523879099892872,9.180457709589973e-06,716,True,49,16,"['capacity', 'kappa_total']","v4.0-K[2,6]-phiapprox-stickbreaking"
10180,0.00437182979658246,0.16535986959934235,0.19644878804683685,2.0,0.5855692625045776,2.0352463048851923e-23,0.1514609158039093,550.369384765625,1114.73876953125,1146.675878187106,1114.89876953125,0.2924183571353802,4.713675480161328e-06,708,True,50,17,"['alpha', 'capacity', 'kappa_share']","v4.0-K[2,6]-phiapprox-stickbreaking"
10181,0.005949562881141901,0.15513916313648224,0.15352663397789001,2.5959010124206543,0.3596029281616211,1.0546349210605044e-10,0.05571123585104942,468.668701171875,951.33740234375,983.3824318477973,951.4949269569709,0.40667505410446203,7.44336875868612e-06,719,True,50,38,"['alpha', 'kappa_share']","v4.0-K[2,6]-phiapprox-stickbreaking"
10182,0.0061584943905472755,0.21425491571426392,0.19607824087142944,2.0228211879730225,0.4425497055053711,7.109548626899054e-12,0.01938774064183235,458.316162109375,930.63232421875,962.449771841091,930.7951149164244,0.4006072572571585,8.881815119821113e-06,696,True,50,28,"['alpha', 'kappa_share']","v4.0-K[2,6]-phiapprox-stickbreaking"
10183,0.0010000000474974513,0.07261742651462555,0.04802297055721283,5.999999046325684,1.0,0.26478859782218933,0.0010000000474974513,525.261474609375,1064.52294921875,1096.5679787227973,1064.6804738319709,0.3350297657506125,3.6453334359975997e-06,719,True,48,18,"['alpha', 'capacity', 'kappa_total', 'epsilon']","v4.0-K[2,6]-phiapprox-stickbreaking"
10185,0.002089607995003462,0.2423698455095291,0.2584739625453949,2.0,0.8696038722991943,0.0876539796590805,0.182827889919281,610.5729370117188,1235.1458740234375,1267.102728813685,1235.3054181829816,0.2172289605847556,8.345808055310044e-06,710,True,47,16,"['alpha', 'capacity']","v4.0-K[2,6]-phiapprox-stickbreaking"
10186,0.004376142751425505,0.0010000000474974513,0.17644284665584564,2.7895779609680176,1.0,0.870954155921936,0.05081350356340408,251.1288604736328,516.2577209472656,548.2930079306032,516.4154674261389,0.6816332315582194,9.096810572373215e-06,718,True,47,4,"['alpha', 'phi', 'kappa_total']","v4.0-K[2,6]-phiapprox-stickbreaking"
10191,0.009513192810118198,0.027080336585640907,0.10090043395757675,5.464323043823242,1.0,0.7218980193138123,0.1171734556555748,347.2398986816406,708.4797973632812,740.4169060191373,708.6397973632812,0.5535715016526018,6.876457518956158e-06,708,True,49,13,"['alpha', 'kappa_total']","v4.0-K[2,6]-phiapprox-stickbreaking"
10192,0.0010000000474974513,0.2308313399553299,0.1848108470439911,2.0,0.5782908201217651,0.669799268245697,0.05415554717183113,628.8795166015625,1271.759033203125,1303.7060218888498,1271.9188049577613,0.19262227809186805,9.864696039585397e-06,709,True,49,18,"['alpha', 'capacity']","v4.0-K[2,6]-phiapprox-stickbreaking"
10196,0.005637320689857006,0.053831249475479126,0.05599508807063103,5.0,0.9524778127670288,0.47986093163490295,0.022188561037182808,392.2648010253906,798.5296020507812,830.5648890341188,798.6873485296545,0.5027091795010002,0.03684139624238014,718,False,49,14,['alpha'],"v4.0-K[2,6]-phiapprox-stickbreaking"
10197,0.010192254558205605,0.13995729386806488,0.11401717364788055,5.0,1.0,0.3788391351699829,0.0719049721956253,364.1737365722656,742.3474731445312,774.3632343132558,742.5056652349267,0.5370318151740996,0.04531760513782501,716,False,48,29,"['alpha', 'kappa_total']","v4.0-K[2,6]-phiapprox-stickbreaking"
10198,0.0010000000474974513,0.06136258691549301,0.0589907243847847,2.999999761581421,1.0,0.9766954779624939,0.0010000000474974513,310.01531982421875,634.0306396484375,663.232543830314,634.2684315804969,0.4108807829660366,0.5042979121208191,479,False,47,10,"['alpha', 'kappa_total', 'epsilon']","v4.0-K[2,6]-phiapprox-stickbreaking"
10199,0.008926103822886944,0.09360416978597641,0.2953038513660431,2.0347495079040527,1.0,0.7971327900886536,0.053259991109371185,293.71319580078125,601.4263916015625,633.3832463918101,601.5859357611066,0.6234517293016901,9.361890988657251e-06,710,True,50,39,"['alpha', 'kappa_total']","v4.0-K[2,6]-phiapprox-stickbreaking"
10200,0.013625703752040863,0.1627160608768463,0.1629372239112854,2.999999761581421,0.749991774559021,1.803366227916761e-26,0.11193247884511948,395.67083740234375,805.3416748046875,837.3867043087348,805.4991994179084,0.49908884974144296,0.010930055752396584,719,False,49,13,['kappa_share'],"v4.0-K[2,6]-phiapprox-stickbreaking"
10201,0.005181010812520981,0.09649214148521423,0.1301276832818985,2.0,1.0,4.3693165947301937e-13,0.08449149876832962,464.9689636230469,943.9379272460938,975.982956750141,944.0954518593146,0.4113588458223585,6.933454187674215e-06,719,True,50,7,"['alpha', 'capacity', 'kappa_total', 'kappa_share']","v4.0-K[2,6]-phiapprox-stickbreaking"
10202,0.00977180153131485,0.16379359364509583,0.2653493583202362,3.000002145767212,1.0,0.062140561640262604,0.11638584733009338,381.9986572265625,777.997314453125,810.0326014364625,778.1550609319983,0.5157240079019546,0.5117825865745544,718,False,49,31,"['alpha', 'kappa_total']","v4.0-K[2,6]-phiapprox-stickbreaking"
10203,0.2729165852069855,0.5263596773147583,0.8394359946250916,5.6618123054504395,1.0,3.7301637473285965e-11,0.09099247306585312,295.5592346191406,605.1184692382812,637.1342304070058,605.2766613286767,0.6242603224271697,8.560326023143716e-06,716,True,50,13,"['kappa_total', 'kappa_share']","v4.0-K[2,6]-phiapprox-stickbreaking"
10204,0.010191806592047215,0.1716281771659851,0.1828736662864685,3.881683349609375,0.9483972787857056,0.28416141867637634,0.05109166353940964,327.14093017578125,668.2818603515625,700.3171473349,668.4396068304358,0.585269488466313,7.246013410622254e-06,718,True,50,30,['alpha'],"v4.0-K[2,6]-phiapprox-stickbreaking"
10208,0.0067969015799462795,0.1561049371957779,0.06688118726015091,6.0,1.0,0.08236689865589142,0.07083693146705627,451.45404052734375,916.9080810546875,948.7053847782352,917.0713463608099,0.40788014883693047,8.348236406163778e-06,694,True,48,22,"['alpha', 'capacity', 'kappa_total']","v4.0-K[2,6]-phiapprox-stickbreaking"
10209,0.005756824277341366,0.1324520856142044,0.23777300119400024,2.0,0.5488780736923218,4.238674050020258e-18,0.09883560985326767,437.1488037109375,888.297607421875,920.3035852207331,888.4560232634592,0.44348253285218064,9.510023119219113e-06,715,True,50,6,"['alpha', 'capacity', 'kappa_share']","v4.0-K[2,6]-phiapprox-stickbreaking"
10212,0.015448007732629776,0.04598908871412277,0.09227176010608673,3.690093994140625,1.0,1.0,0.14715984463691711,409.2789001464844,832.5578002929688,864.5735614616933,832.7159923833642,0.47969034979885683,5.659872840624303e-06,716,True,50,30,"['kappa_total', 'kappa_share']","v4.0-K[2,6]-phiapprox-stickbreaking"
10215,0.008613411337137222,0.18805237114429474,0.2884507179260254,2.0,1.0,3.4885328286076274e-30,0.18596701323986053,500.3292541503906,1014.6585083007812,1046.7035378048286,1014.8160329140021,0.36659344456657317,6.344481334963348e-06,719,True,50,21,"['alpha', 'capacity', 'kappa_total', 'kappa_share']","v4.0-K[2,6]-phiapprox-stickbreaking"
10216,0.0035815630108118057,0.14279983937740326,0.16384445130825043,2.0,0.7708055973052979,0.21625158190727234,0.08099839836359024,533.1032104492188,1080.2064208984375,1112.231951782635,1080.3643898688183,0.32321972943991495,0.00012546205834951252,717,False,49,23,"['alpha', 'capacity']","v4.0-K[2,6]-phiapprox-stickbreaking"
10217,0.0031838915310800076,0.013327452354133129,0.06105155870318413,6.0,0.836773157119751,0.1169612929224968,0.034827157855033875,348.46417236328125,710.9283447265625,742.9733742306098,711.0858693397834,0.5588515177202864,9.998589121096302e-06,719,True,50,12,"['alpha', 'capacity']","v4.0-K[2,6]-phiapprox-stickbreaking"
10218,0.0020488230511546135,0.2097671777009964,0.17217671871185303,2.0,0.5016659498214722,2.9450417201451804e-39,0.03566017746925354,585.8275146484375,1185.655029296875,1217.4523330204227,1185.8182946029974,0.231638063587441,5.440471340989461e-06,694,True,49,14,"['alpha', 'capacity', 'kappa_share']","v4.0-K[2,6]-phiapprox-stickbreaking"
10220,0.009911676868796349,0.26913872361183167,0.2795989513397217,2.9782583713531494,1.0,2.3643808333179313e-14,0.13853350281715393,449.53546142578125,913.0709228515625,945.1062098349,913.2286693304358,0.4301047204045382,6.629051313211676e-06,718,True,50,38,"['alpha', 'kappa_total', 'kappa_share']","v4.0-K[2,6]-phiapprox-stickbreaking"
10221,0.0029955883510410786,0.303811639547348,0.08372645080089569,5.0,0.8685977458953857,1.15392939648018e-08,0.0010000000474974513,584.243896484375,1182.48779296875,1214.415007630026,1182.6480218671763,0.24780521570383662,0.055949606001377106,707,False,48,23,"['alpha', 'kappa_share', 'epsilon']","v4.0-K[2,6]-phiapprox-stickbreaking"
10222,0.008349006064236164,0.13505414128303528,0.14091706275939941,2.999999761581421,1.0,0.5534510612487793,0.047548919916152954,376.1901550292969,766.3803100585938,798.3371648488413,766.5398542181379,0.5177140341147926,0.1559700220823288,710,False,45,30,"['alpha', 'kappa_total']","v4.0-K[2,6]-phiapprox-stickbreaking"
10224,0.003725223708897829,0.17262710630893707,0.06640612334012985,4.999999523162842,0.9783062934875488,0.13238069415092468,0.0010000000474974513,515.8399658203125,1045.679931640625,1077.7054625248225,1045.8379006110058,0.3451356045306898,0.3579520881175995,717,False,50,19,"['alpha', 'epsilon']","v4.0-K[2,6]-phiapprox-stickbreaking"
10225,0.11281634867191315,0.7860629558563232,0.7457537651062012,6.0,1.0,0.33030417561531067,0.051497116684913635,300.3913879394531,614.7827758789062,646.7691458218063,614.9416411271332,0.61651048437115,6.951082013983978e-06,713,True,50,34,"['capacity', 'kappa_total']","v4.0-K[2,6]-phiapprox-stickbreaking"
10226,0.005105459131300449,0.15241701900959015,0.08557481318712234,5.999999523162842,0.5463457107543945,2.938758297831148e-39,0.10646286606788635,514.844482421875,1043.68896484375,1075.7242518270875,1043.8467113226232,0.3473096887008609,8.18520402390277e-06,718,True,49,18,"['alpha', 'capacity', 'kappa_share']","v4.0-K[2,6]-phiapprox-stickbreaking"
10227,0.006169804837554693,0.11116831004619598,0.45576906204223633,2.0,1.0,0.24909603595733643,0.09953787922859192,332.4348449707031,678.8696899414062,710.8952208256036,679.0276589117871,0.5779703818829214,9.04910029930761e-06,717,True,50,11,"['alpha', 'capacity', 'kappa_total']","v4.0-K[2,6]-phiapprox-stickbreaking"
10228,0.017223121598362923,0.0010000000474974513,0.08831996470689774,2.0,1.0,1.0,0.04324707016348839,278.0582275390625,570.116455078125,602.0930004580089,570.2755459872159,0.6445231657410317,2.9409532089630375e-06,712,True,50,16,"['phi', 'capacity', 'kappa_total', 'kappa_share']","v4.0-K[2,6]-phiapprox-stickbreaking"
10229,0.08006046712398529,0.5863797068595886,0.9043724536895752,5.000000476837158,0.8538987636566162,4.5417078546434236e-20,0.13633409142494202,478.38934326171875,970.7786865234375,1002.7059011847135,970.9389154218638,0.3840894684058451,0.5221640467643738,707,False,47,12,['kappa_share'],"v4.0-K[2,6]-phiapprox-stickbreaking"
10231,0.0010000000474974513,0.18759162724018097,0.08301373571157455,2.0,1.0,0.5709600448608398,0.24682046473026276,712.9993286132812,1439.9986572265625,1472.0339442099,1440.1564037054357,0.09610033779608995,8.634995538159274e-06,718,True,50,10,"['alpha', 'capacity', 'kappa_total']","v4.0-K[2,6]-phiapprox-stickbreaking"
10234,0.011071637272834778,0.18175268173217773,0.2595088481903076,3.0,0.9276821613311768,0.3565033972263336,0.07383456826210022,342.998291015625,699.99658203125,731.933690687106,700.15658203125,0.5590247187169641,0.14753928780555725,708,False,49,38,[],"v4.0-K[2,6]-phiapprox-stickbreaking"
10235,0.0035323030315339565,0.12212717533111572,0.29609015583992004,2.0,0.5754088163375854,0.13497589528560638,0.13356445729732513,466.3414611816406,946.6829223632812,978.737680847352,946.8402257340678,0.41044126254165847,5.8121954680245835e-06,720,True,50,26,"['alpha', 'capacity']","v4.0-K[2,6]-phiapprox-stickbreaking"
10236,0.005936169531196356,0.07977259159088135,0.24941658973693848,2.0,0.5480145215988159,3.238227011204548e-30,0.05180445685982704,326.2024230957031,666.4048461914062,698.4401331747438,666.5625926702795,0.5864592739241877,8.585288924223278e-06,718,True,49,5,"['alpha', 'capacity', 'kappa_share']","v4.0-K[2,6]-phiapprox-stickbreaking"
10239,0.008749780245125294,0.15572933852672577,0.204026997089386,2.739177703857422,1.0,7.796628029851495e-31,0.1083386167883873,403.1415100097656,820.2830200195312,852.3183070028688,820.4407664984045,0.48892031157038374,7.887485480750911e-06,718,True,50,16,"['alpha', 'kappa_total', 'kappa_share']","v4.0-K[2,6]-phiapprox-stickbreaking"
10240,0.3987957537174225,0.93006831407547,0.8269793391227722,6.0,1.0,0.3237028121948242,0.007810723036527634,170.11666870117188,354.23333740234375,386.28809588641445,354.39064077313026,0.784934909784877,7.456005278072553e-06,720,True,50,20,"['capacity', 'kappa_total', 'epsilon']","v4.0-K[2,6]-phiapprox-stickbreaking"
10241,0.0010000000474974513,0.02017425000667572,0.10378279536962509,4.241816520690918,1.0,1.0,0.06928114593029022,354.51226806640625,723.0245361328125,755.0792946168832,723.181839503599,0.5518180934520949,6.047047918400494e-06,720,True,49,1,"['alpha', 'kappa_total', 'kappa_share']","v4.0-K[2,6]-phiapprox-stickbreaking"
10242,0.012171171605587006,0.17409856617450714,0.6022356748580933,2.0,1.0,0.620429515838623,0.038350820541381836,251.12310791015625,516.2462158203125,548.2912453243598,516.4037404335334,0.6820833052402386,9.624845006328542e-06,719,True,49,23,"['capacity', 'kappa_total']","v4.0-K[2,6]-phiapprox-stickbreaking"
10243,0.004564553499221802,0.17843690514564514,0.09652479737997055,3.172008514404297,1.0,0.4106645882129669,0.0010000000474974513,488.51654052734375,991.0330810546875,1022.9997880633102,991.1923982666362,0.3745894260984144,4.920967694488354e-05,711,True,50,30,"['alpha', 'kappa_total', 'epsilon']","v4.0-K[2,6]-phiapprox-stickbreaking"
10245,0.3125250041484833,0.2792454957962036,0.8772377967834473,6.0,1.0,1.0,0.15237095952033997,350.9616394042969,715.9232788085938,747.968308312641,716.0808034218146,0.5556897757620944,3.201957269993727e-06,719,True,48,14,"['capacity', 'kappa_total', 'kappa_share']","v4.0-K[2,6]-phiapprox-stickbreaking"
10246,0.024637041613459587,0.21859176456928253,0.08527383208274841,6.0,-1.0,1.0,0.0932239294052124,371.8096008300781,757.6192016601562,789.6251794590144,757.7776175017405,0.5266633797034918,9.74629438132979e-06,715,True,50,32,"['capacity', 'kappa_share']","v4.0-K[2,6]-phiapprox-stickbreaking"
10248,0.01518702320754528,0.2560780942440033,0.43680745363235474,2.0,1.0,0.14854514598846436,0.07390107959508896,350.3005065917969,714.6010131835938,746.6363001669313,714.758759662467,0.5559091055611329,7.610801731061656e-06,718,True,50,38,"['capacity', 'kappa_total']","v4.0-K[2,6]-phiapprox-stickbreaking"
