participant_id,alpha,phi,rho,capacity,kappa,phi_rl,epsilon,nll,aic,bic,aicc,pseudo_r2,grad_norm,n_trials,converged,n_successful_starts,n_near_best,at_bounds,parameterization_version
10000,0.022888820618391037,0.31132251024246216,0.2704646587371826,2.1590280532836914,-0.4251512885093689,0.04665801301598549,0.10731377452611923,723.3748168945312,1460.7496337890625,1495.0194126732977,1460.8639195033481,0.3335585689358217,8.626053386251442e-06,988,True,48,15,[],"v4.0-K[2,6]-phiapprox"
9187,0.027993464842438698,0.4032968282699585,0.10509753972291946,3.0,-0.32138681411743164,0.03810758888721466,0.252695769071579,842.70703125,1699.4140625,1733.6979971019005,1699.5281154531567,0.22518687232525447,0.03614825755357742,990,False,50,22,[],"v4.0-K[2,6]-phiapprox"
10002,0.11217967420816422,0.49542590975761414,0.5364380478858948,3.0,1.0,0.05716175585985184,0.09844764322042465,458.18621826171875,930.3724365234375,964.628031005656,930.4869559508404,0.577019199836083,0.09714636951684952,986,False,48,11,['kappa'],"v4.0-K[2,6]-phiapprox"
10003,0.03089643083512783,0.2000613808631897,0.12638713419437408,2.0,0.24107277393341064,0.07381889224052429,0.007301049306988716,609.9462890625,1233.892578125,1268.0552667003021,1234.0086403011658,0.42939667169562246,7.997368084033951e-05,973,True,47,10,"['capacity', 'epsilon']","v4.0-K[2,6]-phiapprox"
10004,0.01720748282968998,0.06903456896543503,0.3967406749725342,2.3852765560150146,1.0,0.0010000001639127731,0.09222562611103058,369.70770263671875,753.4154052734375,787.699339875338,753.5294582265943,0.6600783299737054,6.3874072111502755e-06,990,True,50,9,"['kappa', 'phi_rl']","v4.0-K[2,6]-phiapprox"
10005,0.029124589636921883,0.11829543113708496,0.19689731299877167,2.287130117416382,0.26241254806518555,0.048449575901031494,0.02938983589410782,417.8436279296875,849.687255859375,883.9357473475796,849.801892502159,0.613870395190182,8.205486665247008e-06,985,True,50,12,[],"v4.0-K[2,6]-phiapprox"
10006,0.02203863114118576,0.09051065146923065,0.3347453773021698,2.0,0.49563300609588623,0.03506920486688614,0.0346841998398304,346.7196044921875,707.439208984375,741.7018992604094,707.553611435856,0.6802454056237774,8.208825420297217e-06,987,True,48,6,['capacity'],"v4.0-K[2,6]-phiapprox"
10016,0.09277774393558502,0.09906219691038132,0.07367436587810516,3.590566635131836,0.795734167098999,0.08878010511398315,0.0495607852935791,388.8260192871094,791.6520385742188,825.9147288502531,791.7664410256998,0.6414136827879533,7.837116754672024e-06,987,True,48,10,[],"v4.0-K[2,6]-phiapprox"
10017,0.05420467630028725,0.01389877125620842,0.49774113297462463,2.0,1.0,0.2776862382888794,0.10696573555469513,381.2803649902344,776.5607299804688,810.8163244626872,776.6752494078717,0.6480158777315322,9.550341019348707e-06,986,True,49,8,"['capacity', 'kappa']","v4.0-K[2,6]-phiapprox"
10018,0.0383589044213295,0.3404105603694916,0.15853647887706757,2.0,0.28633785247802734,0.05336139723658562,0.03531642630696297,564.2642211914062,1142.5284423828125,1176.7840368650309,1142.6429618102154,0.4790918576973019,6.766319984308211e-06,986,True,50,11,['capacity'],"v4.0-K[2,6]-phiapprox"
10024,0.04469010978937149,0.1729927510023117,0.26938194036483765,2.0,1.0,0.050034426152706146,0.019348572939634323,258.9333801269531,531.8667602539062,563.9020472372438,532.0245067327795,0.6717391090882581,9.193003279506229e-06,718,True,49,11,"['capacity', 'kappa']","v4.0-K[2,6]-phiapprox"
10025,0.3653363287448883,0.0010000000474974513,0.09417793154716492,2.0921177864074707,0.7960481643676758,0.6734026670455933,0.0640266016125679,254.8342742919922,523.6685485839844,551.8496104007615,523.9444106529498,0.43970977596726013,6.979115369176725e-06,414,True,49,22,['phi'],"v4.0-K[2,6]-phiapprox"
10027,0.0209896769374609,0.09586086869239807,0.1713550090789795,2.0,0.38172054290771484,0.014803747646510601,0.02925126627087593,295.6531982421875,605.306396484375,637.3416834677125,605.4641429632483,0.6251878293625073,7.410468697344186e-06,718,True,49,9,['capacity'],"v4.0-K[2,6]-phiapprox"
10028,0.03993520140647888,0.8566256165504456,0.6447329521179199,3.000000238418579,0.08044326305389404,0.10716748982667923,0.0775030329823494,697.1837768554688,1408.3675537109375,1440.2151089065742,1408.5296376472618,0.0921258628587992,0.2353738248348236,699,False,49,13,[],"v4.0-K[2,6]-phiapprox"
10029,0.05795469135046005,0.26291200518608093,0.37972593307495117,2.0,-0.41713839769363403,0.041968002915382385,0.04801866039633751,276.4243469238281,566.8486938476562,598.903452331727,567.0059972184428,0.6505384947711473,6.4683185883041006e-06,720,True,49,7,['capacity'],"v4.0-K[2,6]-phiapprox"
10030,0.014918707311153412,0.0010000000474974513,0.17217887938022614,2.0,1.0,0.011949983425438404,0.029658038169145584,226.67535400390625,467.3507080078125,499.366469176537,467.50890009820796,0.7118312864191617,8.961898856796324e-06,716,True,49,3,"['phi', 'capacity', 'kappa']","v4.0-K[2,6]-phiapprox"
10031,0.03235538676381111,0.13081812858581543,0.18073917925357819,2.0,0.054574012756347656,0.04018667712807655,0.07948713004589081,372.49462890625,758.9892578125,791.0342873165473,759.1467824257209,0.5284294534933578,8.516996786056552e-06,719,True,50,20,['capacity'],"v4.0-K[2,6]-phiapprox"
10035,0.021904747933149338,0.1750103384256363,0.24289152026176453,2.0,0.12061595916748047,0.03564878925681114,0.0010000000474974513,320.8623352050781,655.7246704101562,687.7502012943536,655.8826393805371,0.5926618077395378,7.6599690146395e-06,717,True,50,15,"['capacity', 'epsilon']","v4.0-K[2,6]-phiapprox"
10036,0.029878797009587288,0.29873713850975037,0.10192715376615524,2.87347412109375,-0.0324249267578125,0.06808056682348251,0.010517601855099201,509.9043884277344,1033.8087768554688,1065.795146798369,1033.9676421036957,0.3490393041008536,5.4061442824604455e-06,713,True,48,27,['epsilon'],"v4.0-K[2,6]-phiapprox"
10039,0.22530972957611084,0.9987165927886963,0.7125198841094971,4.999999046325684,0.19548678398132324,0.08533582836389542,0.001000128104351461,355.80523681640625,725.6104736328125,757.5771806414352,725.7697908447612,0.5444896152045791,8.212121963500977,711,False,48,12,"['phi', 'epsilon']","v4.0-K[2,6]-phiapprox"
10041,0.013205118477344513,0.4672870337963104,0.22630305588245392,2.0,0.6041358709335327,0.05196430906653404,0.13299764692783356,642.6585083007812,1299.3170166015625,1331.1344642239035,1299.4798072992369,0.15952157531485622,6.172768735268619e-06,696,True,50,22,['capacity'],"v4.0-K[2,6]-phiapprox"
10043,0.21699729561805725,0.7183163166046143,0.8231997489929199,5.0,0.14709937572479248,0.08173311501741409,0.06011154502630234,489.4073486328125,992.814697265625,1024.8304584343496,992.9728893560205,0.3778243484287399,1.4815802574157715,716,False,50,43,[],"v4.0-K[2,6]-phiapprox"
10044,0.21699729561805725,0.7183163166046143,0.8231997489929199,5.0,0.14709937572479248,0.08173311501741409,0.06011154502630234,489.4073486328125,992.814697265625,1024.8304584343496,992.9728893560205,0.3778243484287399,1.4815802574157715,716,False,50,43,[],"v4.0-K[2,6]-phiapprox"
10047,0.03686267137527466,0.3168383836746216,0.29988226294517517,2.0,-0.0003383159637451172,0.05976920947432518,0.04929736256599426,441.897705078125,897.79541015625,929.8209410404473,897.9533791266308,0.4390061013689167,8.33565354696475e-06,717,True,49,11,"['capacity', 'kappa']","v4.0-K[2,6]-phiapprox"
10048,0.0010416887234896421,0.07824467867612839,0.11839326471090317,2.0,1.0,0.9989998936653137,0.0010000000474974513,451.0214538574219,916.0429077148438,947.9204415430245,916.2042910001463,0.41518886132294663,8.97526024346007e-06,702,True,44,20,"['alpha', 'capacity', 'kappa', 'phi_rl', 'epsilon']","v4.0-K[2,6]-phiapprox"
10050,0.03751254081726074,0.3904651403427124,0.16248366236686707,2.999999761581421,-0.055610716342926025,0.05627049133181572,0.041978538036346436,443.3630676269531,900.7261352539062,932.7516661381036,900.8841042242871,0.43714580782195256,0.10318152606487274,717,False,49,24,[],"v4.0-K[2,6]-phiapprox"
10051,0.07059554010629654,0.42867329716682434,0.44366246461868286,2.0,0.235434889793396,0.06923482567071915,0.04375185817480087,334.8139343261719,683.6278686523438,715.5748573380687,683.78764040698,0.5701540526869628,9.354650501336437e-06,709,True,50,11,['capacity'],"v4.0-K[2,6]-phiapprox"
10052,0.0730825737118721,0.8978879451751709,0.5950118899345398,2.0,0.2288445234298706,0.09422316402196884,0.0010000000474974513,484.9862976074219,983.9725952148438,1015.9195839005687,984.13236696948,0.3773574718493754,3.4143595257773995e-05,709,True,49,13,"['capacity', 'epsilon']","v4.0-K[2,6]-phiapprox"
10055,0.03818906471133232,0.10604759305715561,0.21073342859745026,2.999999761581421,0.46923673152923584,0.04056002199649811,0.12999235093593597,357.01776123046875,728.0355224609375,760.0805519649848,728.1930470741584,0.5480228499659712,0.015703577548265457,719,False,49,23,[],"v4.0-K[2,6]-phiapprox"
10057,0.07498728483915329,0.8386023044586182,0.1039341613650322,6.0,-0.7771387100219727,0.09220597892999649,0.08788733929395676,487.3909606933594,988.7819213867188,1020.7584667666026,988.9410122958096,0.376906782125794,9.998099812946748e-06,712,True,50,22,['capacity'],"v4.0-K[2,6]-phiapprox"
10058,0.012630029581487179,0.14923757314682007,0.1543826162815094,2.0,0.14427292346954346,0.03673000633716583,0.015416612848639488,476.19586181640625,966.3917236328125,998.2192215081361,966.5542780595179,0.3781174275714979,7.584500417578965e-05,697,True,50,17,['capacity'],"v4.0-K[2,6]-phiapprox"
10059,0.07111618667840958,0.14062611758708954,0.29194143414497375,3.0,1.0,0.09119915217161179,0.07175049930810928,300.4014587402344,614.8029174804688,646.8382044638063,614.960663959342,0.6191682569898541,0.02425350807607174,718,False,49,10,['kappa'],"v4.0-K[2,6]-phiapprox"
10062,0.01096324622631073,0.0010000000474974513,0.3768053948879242,2.0,1.0,0.0010000000474974513,0.03514673933386803,160.63926696777344,335.2785339355469,367.31382091888446,335.43628041442014,0.7963507491216599,8.752046596782748e-06,718,True,49,4,"['alpha', 'phi', 'capacity', 'kappa', 'phi_rl']","v4.0-K[2,6]-phiapprox"
10063,0.06149328127503395,0.9636081457138062,0.6193006038665771,2.0,0.40780317783355713,0.08713112771511078,0.09767375886440277,591.8257446289062,1197.6514892578125,1229.6378592007127,1197.8103545060394,0.2444558091320228,8.609875294496305e-06,713,True,50,8,['capacity'],"v4.0-K[2,6]-phiapprox"
10064,0.17847278714179993,0.9774270057678223,0.7281938195228577,5.0,0.09383702278137207,0.07622751593589783,0.042622409760951996,457.524658203125,929.04931640625,961.0258617861339,929.2084073153409,0.41508863617202163,2.8020451068878174,712,False,50,11,[],"v4.0-K[2,6]-phiapprox"
10065,0.9990000128746033,0.03041601926088333,0.11139943450689316,6.0,0.7672797441482544,0.9249461889266968,0.0010000000474974513,247.55935668945312,509.11871337890625,541.1637428829536,509.27623799212705,0.6865949410608552,9.144922842097003e-06,719,True,48,3,"['alpha', 'capacity', 'epsilon']","v4.0-K[2,6]-phiapprox"
10066,0.2485215663909912,0.8675200343132019,0.7214114665985107,5.0,0.6762375831604004,0.07182838767766953,0.0010000006295740604,270.02386474609375,554.0477294921875,585.9650361546402,554.2081879449096,0.6518607453013114,1.982347846031189,706,False,49,2,['epsilon'],"v4.0-K[2,6]-phiapprox"
10067,0.016154741868376732,0.2916092872619629,0.10914379358291626,2.999999761581421,-0.2675604224205017,0.06246744468808174,0.0010000000474974513,596.6705932617188,1207.3411865234375,1239.356947692162,1207.499378613833,0.24146231932748163,0.08020853996276855,716,False,46,8,['epsilon'],"v4.0-K[2,6]-phiapprox"
10071,0.01649947464466095,0.1319420486688614,0.4770374596118927,2.0,0.43977928161621094,0.008019288070499897,0.0859357938170433,311.85516357421875,637.7103271484375,669.7650856325082,637.867630519224,0.605746107067524,7.77829518483486e-06,720,True,50,14,"['capacity', 'phi_rl']","v4.0-K[2,6]-phiapprox"
10072,0.1117597371339798,0.952671468257904,0.6618012189865112,2.225142478942871,0.35828304290771484,0.07706627994775772,0.0010000001639127731,299.21295166015625,612.4259033203125,644.46119030365,612.5836497991858,0.6206749781115962,7.650690349692013e-06,718,True,48,9,['epsilon'],"v4.0-K[2,6]-phiapprox"
10073,0.1117597371339798,0.952671468257904,0.6618012189865112,2.225142478942871,0.35828304290771484,0.07706627994775772,0.0010000001639127731,299.21295166015625,612.4259033203125,644.46119030365,612.5836497991858,0.6206749781115962,7.650690349692013e-06,718,True,48,9,['epsilon'],"v4.0-K[2,6]-phiapprox"
10074,0.08083360642194748,0.9990000128746033,0.7328097224235535,2.0,0.7102627754211426,0.06871996074914932,0.013869978487491608,386.030517578125,786.06103515625,818.0865660404473,786.2190041266308,0.5099300979432773,0.012479584664106369,717,False,49,1,"['phi', 'capacity']","v4.0-K[2,6]-phiapprox"
10075,0.0522349588572979,0.08771481364965439,0.0718819871544838,3.0,0.35070812702178955,0.05716078728437424,0.12256152182817459,395.54608154296875,805.0921630859375,837.1176939701348,805.2501320563183,0.49784998694707416,0.06463811546564102,717,False,50,21,[],"v4.0-K[2,6]-phiapprox"
10076,0.01884080097079277,0.21769769489765167,0.1619558036327362,2.0,0.6647179126739502,0.056595578789711,0.0035566333681344986,480.29351806640625,974.5870361328125,1006.5438909230601,974.7465802923566,0.3842507036075372,8.847800927469507e-06,710,True,48,25,"['capacity', 'epsilon']","v4.0-K[2,6]-phiapprox"
10077,0.13345158100128174,0.41289466619491577,0.9990000128746033,2.000000238418579,0.846259355545044,0.05003645271062851,0.10978417098522186,323.19854736328125,660.3970947265625,692.4421242306098,660.5546193397834,0.5908372798346726,4.407540473039262e-06,719,True,49,17,"['rho', 'capacity']","v4.0-K[2,6]-phiapprox"
10078,0.03670002147555351,0.0010000001639127731,0.037026651203632355,3.306015968322754,0.4655979871749878,0.045424140989780426,0.08076886832714081,367.87359619140625,749.7471923828125,781.7922218868598,749.9047169960334,0.5342795859614755,6.67798258291441e-06,719,True,49,16,['phi'],"v4.0-K[2,6]-phiapprox"
10079,0.02200774848461151,0.19492734968662262,0.338981568813324,2.0,0.46477365493774414,0.019474659115076065,0.03157168626785278,300.7196960449219,615.4393920898438,647.484421593891,615.5969167030646,0.6192950437282514,6.534392468893202e-06,719,True,50,15,['capacity'],"v4.0-K[2,6]-phiapprox"
10081,0.11183835566043854,0.9008346199989319,0.5123544335365295,2.0,-0.6750892400741577,0.10315538197755814,0.005629338324069977,350.61065673828125,715.2213134765625,747.2370746452871,715.379505566958,0.5542743393343845,8.491733751725405e-06,716,True,50,15,"['capacity', 'epsilon']","v4.0-K[2,6]-phiapprox"
10083,0.02172362618148327,0.22763141989707947,0.08831489086151123,5.0,0.22197580337524414,0.020329119637608528,0.04275794327259064,397.6312255859375,809.262451171875,841.1499494145496,809.4236022510117,0.4851500152773468,0.006454861722886562,703,False,49,26,[],"v4.0-K[2,6]-phiapprox"
10084,0.9806069731712341,0.9990000128746033,0.8307420611381531,6.0,1.0,0.0010000000474974513,0.04721454903483391,197.4416046142578,408.8832092285156,440.90874011271296,409.04117819889643,0.7493457552468008,8.412170245719608e-06,717,True,50,1,"['phi', 'capacity', 'kappa', 'phi_rl']","v4.0-K[2,6]-phiapprox"
10086,0.0010000000474974513,0.04447915777564049,0.03196544200181961,4.415990829467773,1.0,0.0998130738735199,0.0010000000474974513,403.0986633300781,820.1973266601562,851.3173653958553,820.377390968838,0.41759330862875854,7.223184184113052e-06,630,True,47,13,"['alpha', 'kappa', 'epsilon']","v4.0-K[2,6]-phiapprox"
10087,0.03841424360871315,0.10649530589580536,0.2039119005203247,2.0,1.0,0.04016973450779915,0.06645461171865463,304.09405517578125,622.1881103515625,654.1842910879396,622.3467505781914,0.6123272582562718,9.961422620108351e-06,714,True,47,17,"['capacity', 'kappa']","v4.0-K[2,6]-phiapprox"
10088,0.07176404446363449,0.10418909043073654,0.2686469256877899,2.0,1.0,0.07415973395109177,0.040588486939668655,228.6513214111328,471.3026428222656,503.3574013063363,471.45994619305213,0.7109341639326751,7.993578947207425e-06,720,True,49,4,"['capacity', 'kappa']","v4.0-K[2,6]-phiapprox"
10089,0.034872788935899734,0.17165414988994598,0.08526530116796494,3.0,0.024367094039916992,0.04763436317443848,0.019511429592967033,359.75665283203125,733.5133056640625,765.5290668327871,733.671497754458,0.5426471823356316,0.26531147956848145,716,False,49,20,[],"v4.0-K[2,6]-phiapprox"
10092,0.066349558532238,0.1468307226896286,0.12921690940856934,2.999999761581421,-0.08256793022155762,0.06907129287719727,0.07050338387489319,323.74847412109375,661.4969482421875,693.4931289785646,661.6555884688164,0.5872709233815083,0.05292554199695587,714,False,50,18,[],"v4.0-K[2,6]-phiapprox"
10093,0.06236950308084488,0.8832516074180603,0.6776487231254578,2.0,0.5262941122055054,0.07217593491077423,0.0010000000474974513,491.1542053222656,996.3084106445312,1028.2849560244151,996.4675015536221,0.3720957527990759,0.0029233365785330534,712,False,47,11,"['capacity', 'epsilon']","v4.0-K[2,6]-phiapprox"
10094,0.07959268242120743,0.8771803975105286,0.4572497308254242,5.000000476837158,-0.13257360458374023,0.08339599519968033,0.08563126623630524,538.0354614257812,1090.0709228515625,1122.0179115372873,1090.2306946061988,0.30925108278417957,0.17324398458003998,709,False,48,25,[],"v4.0-K[2,6]-phiapprox"
10095,0.10873742401599884,0.6406998038291931,0.529971182346344,5.0,-0.3842006325721741,0.0822780430316925,0.028707819059491158,411.14813232421875,836.2962646484375,868.2728100283214,836.4553555575284,0.47437758708445865,0.009736058302223682,712,False,50,26,[],"v4.0-K[2,6]-phiapprox"
10097,0.034370653331279755,0.4011407494544983,0.2904920279979706,2.0,-0.6573305130004883,0.04801420494914055,0.057147037237882614,451.7068786621094,917.4137573242188,949.4392882084161,917.5717262945996,0.42655324979718123,7.1420731728721876e-06,717,True,49,11,['capacity'],"v4.0-K[2,6]-phiapprox"
10098,0.04557674378156662,0.11965539306402206,0.048449791967868805,6.0,-0.19850057363510132,0.054489269852638245,0.037305932492017746,320.4267578125,654.853515625,686.8300610048839,655.0126065340909,0.5903581401379285,8.185566912288778e-06,712,True,48,19,['capacity'],"v4.0-K[2,6]-phiapprox"
10099,0.04858605936169624,0.25915956497192383,0.13617797195911407,2.0,-0.23916149139404297,0.05993663892149925,0.05473896488547325,385.58349609375,785.1669921875,817.1631729238771,785.3256324141289,0.5084408637472728,9.089701961784158e-06,714,True,50,22,['capacity'],"v4.0-K[2,6]-phiapprox"
10101,0.012821407057344913,0.0010000000474974513,0.17605632543563843,2.0,1.0,0.03371430188417435,0.06771145761013031,304.0558776855469,622.1117553710938,654.1177331699519,622.270171212678,0.6129180602016273,9.952525033440907e-06,715,True,49,10,"['phi', 'capacity', 'kappa']","v4.0-K[2,6]-phiapprox"
10102,0.23813752830028534,0.9989998936653137,0.7594519853591919,5.0,-0.26513350009918213,0.0699634701013565,0.10253788530826569,450.53961181640625,915.0792236328125,947.0949848015371,915.237415723208,0.42723627398809894,0.898261547088623,716,False,49,3,['phi'],"v4.0-K[2,6]-phiapprox"
10103,0.5293356776237488,0.9990000128746033,0.7890784740447998,2.0,1.0,0.0010000000474974513,0.07771313190460205,225.18377685546875,464.3675537109375,496.4125832149848,464.5250783241583,0.7149219653771458,7.036011993477587e-06,719,True,48,4,"['phi', 'capacity', 'kappa', 'phi_rl']","v4.0-K[2,6]-phiapprox"
10104,0.0198788121342659,0.18536946177482605,0.20844823122024536,2.0,0.668992280960083,0.03225921094417572,0.2200271189212799,548.2313842773438,1110.4627685546875,1142.4687463535456,1110.6211843962717,0.302067536731231,8.674033779243473e-06,715,True,50,12,['capacity'],"v4.0-K[2,6]-phiapprox"
10106,0.029154833406209946,0.11627483367919922,0.043516505509614944,2.9181408882141113,0.2860349416732788,0.04553912580013275,0.040277477353811264,437.2857360839844,888.5714721679688,920.616501672016,888.7289967811896,0.4464052430764489,0.002583635738119483,719,False,50,10,[],"v4.0-K[2,6]-phiapprox"
10107,0.019568447023630142,0.15454839169979095,0.2446690797805786,2.108398199081421,0.3899785280227661,0.0378207229077816,0.05340076982975006,386.229248046875,786.45849609375,818.4546768301271,786.6171363203789,0.5076176301920834,9.904032594931778e-06,714,True,49,13,[],"v4.0-K[2,6]-phiapprox"
10109,0.0401846244931221,0.1191921979188919,0.35297879576683044,2.0,0.5905625820159912,0.0680772140622139,0.0870300680398941,338.00616455078125,690.0123291015625,722.0573586056098,690.1698537147834,0.572091140729059,6.088867849030066e-06,719,True,50,11,['capacity'],"v4.0-K[2,6]-phiapprox"
10110,0.0401846244931221,0.1191921979188919,0.35297879576683044,2.0,0.5905625820159912,0.0680772140622139,0.0870300680398941,338.00616455078125,690.0123291015625,722.0573586056098,690.1698537147834,0.572091140729059,6.088867849030066e-06,719,True,50,11,['capacity'],"v4.0-K[2,6]-phiapprox"
10111,0.03488271310925484,0.3266267478466034,0.19804070889949799,2.0,-0.20288175344467163,0.06628589332103729,0.15049201250076294,559.1279296875,1132.255859375,1164.2422293179002,1132.414724623227,0.2861989140193343,9.095287168747745e-06,713,True,47,17,['capacity'],"v4.0-K[2,6]-phiapprox"
10112,0.016347207129001617,0.08445831388235092,0.10575269907712936,2.0,1.0,0.09396491199731827,0.007426633033901453,477.666015625,969.33203125,1001.259245911276,969.4922601484263,0.38502072892726624,9.287667126045562e-06,707,True,47,6,"['capacity', 'kappa', 'epsilon']","v4.0-K[2,6]-phiapprox"
10114,0.02022675983607769,0.13042137026786804,0.06336816400289536,2.0,0.23186004161834717,0.030612319707870483,0.02220633253455162,465.1656799316406,944.3313598632812,976.2783485490062,944.4911316179175,0.40280388045934623,4.906547474092804e-05,709,True,50,11,['capacity'],"v4.0-K[2,6]-phiapprox"
10115,0.3438225984573364,0.9990000128746033,0.794933021068573,5.416476726531982,1.0,0.0502261258661747,0.07371637970209122,335.34295654296875,684.6859130859375,716.6526200945602,684.8452302978862,0.5706859164297764,7.095498403941747e-06,711,True,50,9,"['phi', 'kappa']","v4.0-K[2,6]-phiapprox"
10116,0.029990825802087784,0.10288167744874954,0.07732225209474564,4.999999523162842,0.18120348453521729,0.0477326363325119,0.06399328261613846,363.2676696777344,740.5353393554688,772.5706263388063,740.693085834342,0.5394700797966652,0.22323165833950043,718,False,49,10,[],"v4.0-K[2,6]-phiapprox"
10117,0.08385949581861496,0.6950401067733765,0.42581042647361755,2.0,-0.4161043167114258,0.043631136417388916,0.05012233182787895,280.10968017578125,574.2193603515625,606.2253381504206,574.3777761931467,0.6434030508337149,8.398004865739495e-06,715,True,49,12,['capacity'],"v4.0-K[2,6]-phiapprox"
10120,0.0173296220600605,0.0752321109175682,0.22125037014484406,2.0,0.871180534362793,0.038354258984327316,0.05847886577248573,347.5426330566406,709.0852661132812,741.0912439121394,709.2436819548655,0.5575567307226137,6.250992555578705e-06,715,True,49,16,['capacity'],"v4.0-K[2,6]-phiapprox"
10121,0.21322356164455414,0.9990000128746033,0.7820323705673218,5.0,-0.008535563945770264,0.08764094859361649,0.015120829455554485,503.65118408203125,1021.3023681640625,1053.2690751726852,1021.4616853760112,0.3552136929837989,0.7675679922103882,711,False,50,12,"['phi', 'kappa']","v4.0-K[2,6]-phiapprox"
10125,0.07071639597415924,0.9990000128746033,0.4816282391548157,2.0,-0.04505079984664917,0.0825013816356659,0.0010000000474974513,431.5449523925781,877.0899047851562,909.1154356693536,877.2478737555371,0.4521490324678722,5.285508086672053e-05,717,True,50,3,"['phi', 'capacity', 'epsilon']","v4.0-K[2,6]-phiapprox"
10126,0.43068695068359375,0.2617134153842926,0.9335447549819946,5.000000476837158,1.0,0.0010000000474974513,0.07971544563770294,241.31298828125,496.6259765625,528.6710060665473,496.7835011757208,0.6945027151208122,1.344650387763977,719,False,49,16,"['kappa', 'phi_rl']","v4.0-K[2,6]-phiapprox"
10128,0.03735155612230301,0.0010000000474974513,0.022052697837352753,5.0,-0.32570117712020874,0.056672293692827225,0.14559975266456604,476.35931396484375,966.7186279296875,998.6260125493734,966.8793165953977,0.38496321483709195,0.007438750006258488,705,False,49,9,['phi'],"v4.0-K[2,6]-phiapprox"
10130,0.029943935573101044,0.22125443816184998,0.10979903489351273,2.0,-0.7111123204231262,0.05490158498287201,0.18618261814117432,583.2454833984375,1180.490966796875,1212.4773367397752,1180.649832045102,0.2554096525354984,6.7271066654939204e-06,713,True,49,20,['capacity'],"v4.0-K[2,6]-phiapprox"
10135,0.03775477781891823,0.06621392071247101,0.05501646548509598,2.9295713901519775,0.5339633226394653,0.060894761234521866,0.08859400451183319,427.11431884765625,868.2286376953125,900.1260861884188,868.3895572355424,0.44776106921997294,8.057763807300944e-06,704,True,49,18,[],"v4.0-K[2,6]-phiapprox"
10137,0.014692080207169056,0.08460553735494614,0.15523125231266022,4.999999523162842,0.1086127758026123,0.02971779555082321,0.02903941087424755,249.02586364746094,512.0517272949219,544.0870142782594,512.2094737737951,0.6842992903390737,0.05792583152651787,718,False,50,2,[],"v4.0-K[2,6]-phiapprox"
10139,0.030098794028162956,0.5427132844924927,0.44302117824554443,2.0,-0.12810993194580078,0.07356557250022888,0.1407657265663147,611.6492919921875,1237.298583984375,1269.205968604061,1237.4592726500853,0.210287690056991,4.348813308752142e-05,705,True,49,24,['capacity'],"v4.0-K[2,6]-phiapprox"
10140,0.11636081337928772,0.9990000128746033,0.5646716356277466,5.000000476837158,0.5182269811630249,0.0571863129734993,0.04250707849860191,377.86407470703125,769.7281494140625,801.7341272129206,769.8865652556467,0.5189556599560929,1.189802885055542,715,False,49,18,['phi'],"v4.0-K[2,6]-phiapprox"
10141,0.02173674665391445,0.10811880975961685,0.17984719574451447,2.0,0.048926353454589844,0.045404959470033646,0.07466913759708405,416.0932312011719,846.1864624023438,878.2022235710683,846.3446544927392,0.47102740087539596,6.956217475817539e-06,716,True,49,10,['capacity'],"v4.0-K[2,6]-phiapprox"
10142,0.019575022161006927,0.16773903369903564,0.5369287133216858,2.0,0.35492241382598877,0.011571588926017284,0.042202699929475784,248.15841674804688,510.31683349609375,542.361863000141,510.47435810931455,0.6858365433356293,8.927784620027523e-06,719,True,49,7,['capacity'],"v4.0-K[2,6]-phiapprox"
10143,0.18207623064517975,0.5156174302101135,0.9990000128746033,2.0,0.5678375959396362,0.07548822462558746,0.08264555782079697,309.3909912109375,632.781982421875,664.8270119259223,632.9395070350959,0.6083173622181441,4.638752216123976e-06,719,True,50,3,"['rho', 'capacity']","v4.0-K[2,6]-phiapprox"
10145,0.7410615682601929,0.44709405303001404,0.8694961667060852,4.594012260437012,-1.0,0.05089602619409561,0.13644428551197052,325.7082214355469,665.4164428710938,697.4028128139938,665.5753081193207,0.5841901829095444,3.7024988159828354e-06,713,True,49,10,[],"v4.0-K[2,6]-phiapprox"
10147,0.0010000007459893823,0.019347453489899635,0.20504847168922424,4.277826309204102,1.0,0.011241897009313107,0.06886447221040726,243.82615661621094,501.6523132324219,533.6680744011464,501.81050532281733,0.6900277482824945,9.02444571693195e-06,716,True,49,9,"['alpha', 'kappa']","v4.0-K[2,6]-phiapprox"
10148,0.04501437768340111,0.12633733451366425,0.027768835425376892,2.0,-0.46609795093536377,0.07733830064535141,0.1589878797531128,553.4592895507812,1120.9185791015625,1152.8259637212484,1121.0792677672728,0.285417935191288,8.656931640871335e-06,705,True,50,27,['capacity'],"v4.0-K[2,6]-phiapprox"
10149,0.032691359519958496,0.2948443591594696,0.18946023285388947,2.0,-0.32904303073883057,0.06434551626443863,0.08314032852649689,522.2257690429688,1058.4515380859375,1090.4379080288377,1058.6104033341644,0.3333094247709997,5.957597750239074e-05,713,True,49,20,['capacity'],"v4.0-K[2,6]-phiapprox"
10150,0.32160085439682007,0.9833658933639526,0.7574023604393005,5.000000476837158,0.8531302213668823,0.08053497225046158,0.036765918135643005,328.035400390625,670.07080078125,702.0767785801081,670.2292166228342,0.582390644534563,2.803057909011841,715,False,45,12,[],"v4.0-K[2,6]-phiapprox"
10151,0.02982504293322563,0.14747285842895508,0.2706843912601471,2.0,0.5656481981277466,0.0446140430867672,0.060588616877794266,348.5657653808594,711.1315307617188,743.1570616459161,711.2894997320996,0.5574920045901464,8.72180225996999e-06,717,True,49,16,['capacity'],"v4.0-K[2,6]-phiapprox"
10152,0.03998290374875069,0.278310626745224,0.14104348421096802,2.999999761581421,0.32043159008026123,0.045199885964393616,0.08085837215185165,400.897216796875,815.79443359375,847.8394630977973,815.9519582069709,0.4924723608149666,0.03673384711146355,719,False,50,19,[],"v4.0-K[2,6]-phiapprox"
10154,0.161849245429039,0.8630384206771851,0.6975480914115906,5.157797336578369,0.05163860321044922,0.05637192726135254,0.0010000000474974513,327.18658447265625,668.3731689453125,700.3986998295098,668.5311379156933,0.584633105142166,0.00024389143800362945,717,False,50,9,['epsilon'],"v4.0-K[2,6]-phiapprox"
10155,0.16151005029678345,0.4416046440601349,0.9990000128746033,2.6348466873168945,0.0010727643966674805,0.07142774015665054,0.1617928147315979,430.0221252441406,874.0442504882812,906.0306204311813,874.2031157365082,0.4510196259261493,9.270231203117874e-06,713,True,50,22,"['rho', 'kappa']","v4.0-K[2,6]-phiapprox"
10156,0.0619664341211319,0.10645367205142975,0.08433260023593903,2.0,0.2698678970336914,0.0420941561460495,0.07294311374425888,288.6650390625,591.330078125,623.3066235048839,591.4891690340909,0.6309631433841913,9.271461749449372e-06,712,True,50,16,['capacity'],"v4.0-K[2,6]-phiapprox"
10157,0.0861048549413681,0.6388269066810608,0.6248723864555359,2.0,0.089866042137146,0.08922167867422104,0.005676730070263147,371.77874755859375,757.5574951171875,789.6025246212348,757.7150197304084,0.5293357445701967,9.508095899946056e-06,719,True,48,16,"['capacity', 'epsilon']","v4.0-K[2,6]-phiapprox"
10158,0.029430599883198738,0.03252261504530907,0.07809213548898697,5.0,1.0,0.025772981345653534,0.031368158757686615,205.25880432128906,424.5176086425781,456.53336981130263,424.6758007329736,0.7390577998550845,0.014766357839107513,716,False,49,6,['kappa'],"v4.0-K[2,6]-phiapprox"
10159,0.02696627378463745,0.04615737125277519,0.10625280439853668,3.0,0.33638954162597656,0.0511583611369133,0.04159446060657501,311.1144104003906,636.2288208007812,668.2445819695058,636.3870128911767,0.6044852788892234,0.03284471854567528,716,False,49,4,[],"v4.0-K[2,6]-phiapprox"
10160,0.21951064467430115,0.9938557147979736,0.771735668182373,5.0,-0.035806477069854736,0.07508748024702072,0.0010000010952353477,415.45086669921875,844.9017333984375,876.9272642826348,845.0597023688183,0.4725806476907306,0.5702834725379944,717,False,49,14,"['phi', 'epsilon']","v4.0-K[2,6]-phiapprox"
10162,0.11067339032888412,0.24339747428894043,0.45431187748908997,2.0,1.0,0.06208321452140808,0.11532703787088394,326.73052978515625,667.4610595703125,699.4572403066896,667.6196997969414,0.5834692650601996,8.70969506649999e-06,714,True,49,17,"['capacity', 'kappa']","v4.0-K[2,6]-phiapprox"
10163,0.0901007354259491,0.6858001947402954,0.16330745816230774,5.000000476837158,-0.6429131031036377,0.09790991991758347,0.10505704581737518,464.3552551269531,942.7105102539062,974.7555397579536,942.8680348671271,0.4121357881684763,0.039546459913253784,719,False,50,24,[],"v4.0-K[2,6]-phiapprox"
10164,0.01446660328656435,0.2145625501871109,0.10891260206699371,2.999999761581421,-0.34746116399765015,0.052121929824352264,0.14432455599308014,627.4087524414062,1268.8175048828125,1300.8625343868598,1268.9750294960334,0.2057134108467671,0.2005314975976944,719,False,42,9,[],"v4.0-K[2,6]-phiapprox"
10165,0.028769778087735176,0.28359392285346985,0.1872529536485672,2.0,-0.46457958221435547,0.059633538126945496,0.2036372423171997,600.0032958984375,1214.006591796875,1245.9929617397752,1214.165457045102,0.23401607849628725,6.1771161199430935e-06,713,True,49,12,['capacity'],"v4.0-K[2,6]-phiapprox"
10166,0.09834650158882141,0.7371093034744263,0.5177661180496216,5.0,-0.31865429878234863,0.06004366651177406,0.05880283936858177,399.63330078125,813.2666015625,845.2627822988771,813.4252417891289,0.4905295425245725,0.44232985377311707,714,False,49,19,[],"v4.0-K[2,6]-phiapprox"
10168,0.017131052911281586,0.0010000000474974513,0.23765914142131805,2.0,1.0,0.021738754585385323,0.08885625004768372,282.08331298828125,578.1666259765625,610.2019129599,578.3243724554358,0.6423909517287059,6.799109087296529e-06,718,True,47,2,"['phi', 'capacity', 'kappa']","v4.0-K[2,6]-phiapprox"
10169,0.04308176785707474,0.2812676429748535,0.20756025612354279,2.0,-0.24574756622314453,0.04761255905032158,0.043853759765625,362.6130676269531,739.2261352539062,771.2125051968063,739.3850005021332,0.5370762437005009,7.700672540522646e-06,713,True,48,25,['capacity'],"v4.0-K[2,6]-phiapprox"
10170,0.1663362979888916,0.904943585395813,0.6449034810066223,4.999999523162842,1.0,0.057775240391492844,0.05290820077061653,321.3171081542969,656.6342163085938,688.6695032919313,656.791962787467,0.5926525960608091,0.0869547575712204,718,False,50,20,['kappa'],"v4.0-K[2,6]-phiapprox"
10171,0.06441280245780945,0.0010000000474974513,0.05451326444745064,2.0,-0.18874454498291016,0.08155311644077301,0.06816335767507553,347.6982116699219,709.3964233398438,741.4317103231813,709.554169818717,0.5592081458357046,7.470579021173762e-06,718,True,50,23,"['phi', 'capacity']","v4.0-K[2,6]-phiapprox"
10172,0.003521326929330826,0.031847868114709854,0.3355063796043396,2.0,1.0,0.08204478770494461,0.17124676704406738,398.5091552734375,811.018310546875,843.0633400509223,811.1758351600959,0.49549559763587203,5.324466656020377e-06,719,True,50,20,"['alpha', 'capacity', 'kappa']","v4.0-K[2,6]-phiapprox"
10174,0.039267200976610184,0.31617262959480286,0.3078871965408325,2.0,0.1108788251876831,0.05500705912709236,0.06122966483235359,405.8318786621094,825.6637573242188,857.6599380605959,825.8223975508477,0.4826273174034805,6.346235750243068e-06,714,True,49,16,['capacity'],"v4.0-K[2,6]-phiapprox"
10175,0.04692509025335312,0.5748116970062256,0.028072720393538475,6.0,-0.11266422271728516,0.06576403230428696,0.07336891442537308,484.1186218261719,982.2372436523438,1014.2627745365411,982.3952126227246,0.38540619257084374,8.811610314296558e-06,717,True,48,28,['capacity'],"v4.0-K[2,6]-phiapprox"
10177,0.029942287132143974,0.05167822167277336,0.14409419894218445,2.0,0.9002475738525391,0.033388651907444,0.11181942373514175,370.58734130859375,755.1746826171875,787.1806604160456,755.3330984587717,0.52821939167772,6.021368335495936e-06,715,True,50,12,['capacity'],"v4.0-K[2,6]-phiapprox"
10178,0.03373073786497116,0.2143394500017166,0.2735469341278076,2.0,0.09770488739013672,0.042272649705410004,0.013119010254740715,296.8325500488281,607.6651000976562,639.7003870809938,607.8228465765295,0.6236927147714244,8.865528798196465e-06,718,True,49,29,['capacity'],"v4.0-K[2,6]-phiapprox"
10179,0.0925094410777092,0.18557506799697876,0.4632384181022644,2.0,0.6179875135421753,0.06462360173463821,0.02970777079463005,192.0379638671875,398.075927734375,430.0916889030995,398.23411982477046,0.7558652406236575,9.555333235766739e-06,716,True,49,3,['capacity'],"v4.0-K[2,6]-phiapprox"
10180,0.08762536942958832,0.8528488874435425,0.5431481003761292,6.0,-0.2780027389526367,0.0762418881058693,0.08258333802223206,549.5599365234375,1113.119873046875,1145.056981702731,1113.279873046875,0.2934590231551023,9.698272151581477e-06,708,True,49,20,['capacity'],"v4.0-K[2,6]-phiapprox"
10181,0.02158268913626671,0.1884056180715561,0.13233356177806854,2.1506075859069824,0.005681395530700684,0.039863113313913345,0.04788816720247269,468.013671875,950.02734375,982.0723732540473,950.1848683632209,0.40750430773534574,9.865967513178475e-06,719,True,50,23,['kappa'],"v4.0-K[2,6]-phiapprox"
10182,0.1092165932059288,0.8752692341804504,0.44234219193458557,5.208095073699951,-0.1421271562576294,0.1082100048661232,0.015767356380820274,461.6566162109375,937.313232421875,969.130680044216,937.4760231195494,0.39623856134050806,4.3548432586248964e-05,696,True,46,25,[],"v4.0-K[2,6]-phiapprox"
10183,0.03190628066658974,0.012062608264386654,0.015399185009300709,6.0,0.5051835775375366,0.09421615302562714,0.061268191784620285,549.5072021484375,1113.014404296875,1145.0594338009223,1113.1719289100959,0.30433517286582623,8.222081669373438e-05,719,True,46,19,['capacity'],"v4.0-K[2,6]-phiapprox"
10185,0.1581493318080902,0.9990000128746033,0.7445752620697021,5.0,0.12004971504211426,0.11658518761396408,0.0010000000474974513,613.937255859375,1241.87451171875,1273.8313665089975,1242.034055878294,0.21291581271712634,2.6626296043395996,710,False,50,16,"['phi', 'epsilon']","v4.0-K[2,6]-phiapprox"
10186,0.009580896236002445,0.0010000000474974513,0.1691192090511322,2.8211307525634766,1.0,0.023353105410933495,0.051326602697372437,251.2548370361328,516.5096740722656,548.5449610556032,516.6674205511389,0.6814735256963488,8.921480912249535e-06,718,True,49,5,"['alpha', 'phi', 'kappa']","v4.0-K[2,6]-phiapprox"
10191,0.0362117625772953,0.0076761129312217236,0.0743865817785263,5.000000476837158,1.0,0.04333573952317238,0.12445517629384995,347.35992431640625,708.7198486328125,740.6569572886685,708.8798486328125,0.5534171908602792,0.060217611491680145,708,False,50,13,"['phi', 'kappa']","v4.0-K[2,6]-phiapprox"
10192,0.0023729614913463593,0.21533562242984772,0.18254119157791138,2.0,0.4133787155151367,0.06910090148448944,0.05051287263631821,629.3328247070312,1272.6656494140625,1304.6126380997873,1272.8254211686988,0.19204030514497727,5.5270098528126255e-05,709,True,47,29,"['alpha', 'capacity']","v4.0-K[2,6]-phiapprox"
10196,0.04204729571938515,0.08698011189699173,0.08160512149333954,3.000000238418579,0.45744192600250244,0.05425761267542839,0.11016865074634552,394.0030517578125,802.006103515625,834.0413904989625,802.1638499944983,0.5005055249016086,0.00529951136559248,718,False,50,24,[],"v4.0-K[2,6]-phiapprox"
10197,0.027566000819206238,0.13766738772392273,0.06452829390764236,5.521329879760742,0.46995067596435547,0.030799278989434242,0.06128240376710892,368.7525634765625,751.505126953125,783.5208881218496,751.6633190435205,0.5312108265425,7.512276170018595e-06,716,True,48,19,[],"v4.0-K[2,6]-phiapprox"
10198,0.004492964595556259,0.04694376885890961,0.053490977734327316,3.0,1.0,0.11586180329322815,0.0010000024922192097,306.58563232421875,627.1712646484375,656.373168830314,627.4090565804969,0.41739818609249113,0.9808546304702759,479,False,45,15,"['alpha', 'kappa', 'epsilon']","v4.0-K[2,6]-phiapprox"
10199,0.023598462343215942,0.10037952661514282,0.2965560555458069,2.0,1.0,0.03188924491405487,0.05907154455780983,293.0945129394531,600.1890258789062,632.1458806691538,600.3485700384504,0.6242448974836938,8.919943866203539e-06,710,True,50,11,"['capacity', 'kappa']","v4.0-K[2,6]-phiapprox"
10200,0.10812428593635559,0.9484850168228149,0.46671706438064575,5.0,-0.2085437774658203,0.05921003967523575,0.08351581543684006,396.824951171875,807.64990234375,839.6949318477973,807.8074269569709,0.49762776542292075,0.24881702661514282,719,False,50,25,[],"v4.0-K[2,6]-phiapprox"
10201,0.045557621866464615,0.10718639940023422,0.02099759317934513,2.0,-0.3744041919708252,0.06629101932048798,0.07174456119537354,473.6840515136719,961.3681030273438,993.413132531391,961.5256276405646,0.4003257236227098,9.305153071181849e-06,719,True,46,19,['capacity'],"v4.0-K[2,6]-phiapprox"
10202,0.08226083219051361,0.7709886431694031,0.17653848230838776,5.546816825866699,0.15888690948486328,0.06662555038928986,0.09230569005012512,385.1888427734375,784.377685546875,816.4129725302125,784.5354320257483,0.5116796736053201,5.2804011829721276e-06,718,True,50,27,[],"v4.0-K[2,6]-phiapprox"
10203,0.1379777491092682,0.5710005164146423,0.8336811661720276,2.0,-0.14166152477264404,0.04974348098039627,0.08626208454370499,296.93316650390625,607.8663330078125,639.8820941765371,608.024525098208,0.6225136650302046,6.9748352871101815e-06,716,True,50,3,['capacity'],"v4.0-K[2,6]-phiapprox"
10204,0.025475090369582176,0.14975997805595398,0.11353232711553574,4.288339614868164,0.2632870674133301,0.031139180064201355,0.04260136932134628,331.7912292480469,677.5824584960938,709.6177454794313,677.740204974967,0.5793741059717132,9.46371346799424e-06,718,True,50,22,[],"v4.0-K[2,6]-phiapprox"
10208,0.08777790516614914,0.9277454614639282,0.6358206868171692,3.7405145168304443,0.2557554244995117,0.06219836696982384,0.06811430305242538,462.52490234375,939.0498046875,970.8471084110477,939.2130699936224,0.39335978471897914,6.611322532990016e-06,694,True,50,28,[],"v4.0-K[2,6]-phiapprox"
10209,0.05121307447552681,0.3665347397327423,0.126802459359169,2.0,-0.04129505157470703,0.07027913630008698,0.06695492565631866,432.35711669921875,878.7142333984375,910.7202111972956,878.8726492400217,0.44958264680992155,9.493585821473971e-06,715,True,50,27,['capacity'],"v4.0-K[2,6]-phiapprox"
10212,0.05052853748202324,0.0010000000474974513,0.04008465260267258,2.5966861248016357,1.0,0.05288827046751976,0.13288965821266174,405.5984802246094,825.1969604492188,857.2127216179433,825.3551525396142,0.4843692081554902,8.928317583922762e-06,716,True,49,13,"['phi', 'kappa']","v4.0-K[2,6]-phiapprox"
10215,0.02395482361316681,0.1289728283882141,0.0457812175154686,5.0,-0.4657523036003113,0.031599558889865875,0.1404522955417633,511.2393493652344,1036.4786987304688,1068.523728234516,1036.6362233436896,0.3527814881955238,0.04465753957629204,719,False,50,21,[],"v4.0-K[2,6]-phiapprox"
10216,0.016851965337991714,0.15860016644001007,0.1296960711479187,2.0,0.21114063262939453,0.04627249762415886,0.07562607526779175,539.7452392578125,1093.490478515625,1125.5160093998225,1093.6484474860058,0.31478760229072733,9.232178854290396e-06,717,True,48,14,['capacity'],"v4.0-K[2,6]-phiapprox"
10217,0.013170014135539532,0.0010000000474974513,0.054280225187540054,6.0,0.18400263786315918,0.03625211492180824,0.05068802833557129,355.93157958984375,725.8631591796875,757.9081886837348,726.0206837929084,0.5493979336051071,3.840812951239059e-06,719,True,48,4,"['phi', 'capacity']","v4.0-K[2,6]-phiapprox"
10218,0.06250155717134476,0.8655475974082947,0.3767670691013336,6.0,-0.26648223400115967,0.09932465851306915,0.036044567823410034,587.2064208984375,1188.412841796875,1220.2101455204227,1188.5761071029974,0.22982951235027826,8.51487202453427e-05,694,True,46,20,['capacity'],"v4.0-K[2,6]-phiapprox"
10220,0.07603013515472412,0.7179725170135498,0.4287310838699341,5.0,0.1971454620361328,0.059204209595918655,0.11096856743097305,461.138916015625,936.27783203125,968.3131190145875,936.4355785101233,0.4153945260701941,0.2308305948972702,718,False,50,27,[],"v4.0-K[2,6]-phiapprox"
10221,0.032444633543491364,0.7302424907684326,0.15464693307876587,6.0,0.07031965255737305,0.0733238011598587,0.06112352013587952,612.6085815429688,1239.2171630859375,1271.1443777472134,1239.3773919843638,0.21128661741352806,8.283303941425402e-06,707,True,50,27,['capacity'],"v4.0-K[2,6]-phiapprox"
10222,0.029277479276061058,0.12740632891654968,0.08143946528434753,2.999998092651367,0.6535582542419434,0.044117823243141174,0.037851110100746155,377.2137756347656,768.4275512695312,800.3844060597788,768.5870954290754,0.5164017247791853,0.10090246051549911,710,False,50,17,[],"v4.0-K[2,6]-phiapprox"
10224,0.05368257686495781,0.9990000128746033,0.28792962431907654,3.000002861022949,0.20949852466583252,0.08351632207632065,0.0010000000474974513,524.1754150390625,1062.350830078125,1094.3763609623225,1062.5087990485058,0.3345536619219558,0.9502543210983276,717,False,49,24,"['phi', 'epsilon']","v4.0-K[2,6]-phiapprox"
10225,0.10558220744132996,0.8243283033370972,0.4934774339199066,6.0,0.42406558990478516,0.04413141310214996,0.036872498691082,302.76995849609375,619.5399169921875,651.5262869350876,619.6987822404144,0.6134739230472315,9.934370609698817e-06,713,True,50,7,['capacity'],"v4.0-K[2,6]-phiapprox"
10226,0.07725945860147476,0.8942060470581055,0.41277533769607544,4.610344886779785,-0.2619773745536804,0.07585296779870987,0.08922936767339706,508.65582275390625,1031.3116455078125,1063.34693249115,1031.4693919866857,0.3551553165421263,9.74279100773856e-06,718,True,50,23,[],"v4.0-K[2,6]-phiapprox"
10227,0.08706754446029663,0.07521850615739822,0.06258992105722427,2.0,0.5530557632446289,0.0777212604880333,0.08582394570112228,334.1339416503906,682.2678833007812,714.2934141849786,682.4258522711621,0.5758133603380358,9.729481462272815e-06,717,True,50,19,['capacity'],"v4.0-K[2,6]-phiapprox"
10228,0.03257026895880699,0.0010000000474974513,0.05851691961288452,2.0,1.0,0.028224097564816475,0.03861785680055618,276.4861145019531,566.9722290039062,598.9487743837901,567.1313199129971,0.6465329957341053,7.888630534580443e-06,712,True,50,12,"['phi', 'capacity', 'kappa']","v4.0-K[2,6]-phiapprox"
10229,0.15347924828529358,0.8875662088394165,0.7333376407623291,5.0,-0.40540218353271484,0.0630248561501503,0.07823584228754044,477.91180419921875,969.8236083984375,1001.7508230597135,969.9838372968638,0.38470428422894853,2.481550693511963,707,False,49,19,[],"v4.0-K[2,6]-phiapprox"
10231,0.016554662957787514,0.2616543769836426,0.07709924876689911,2.0,0.6951364278793335,0.09488087147474289,0.31103160977363586,716.4398193359375,1446.879638671875,1478.9149256552125,1447.0373851507482,0.09173868095123283,8.578743290854618e-06,718,True,49,10,['capacity'],"v4.0-K[2,6]-phiapprox"
10234,0.015285154804587364,0.14788289368152618,0.2114538550376892,2.999999761581421,0.3398423194885254,0.010753695853054523,0.06984487175941467,346.28997802734375,706.5799560546875,738.5170647105435,706.7399560546875,0.5547927658358278,0.2256338745355606,708,False,49,19,['phi_rl'],"v4.0-K[2,6]-phiapprox"
10235,0.0263160802423954,0.15873268246650696,0.2620500922203064,2.0,0.09477770328521729,0.05385392904281616,0.13580384850502014,466.459228515625,946.91845703125,978.9732155153207,947.0757604020365,0.4102923785874809,9.263282663596328e-06,720,True,50,19,['capacity'],"v4.0-K[2,6]-phiapprox"
10236,0.1143755093216896,0.7994189858436584,0.3827417194843292,6.0,-0.11316907405853271,0.06768176704645157,0.0387129969894886,319.34796142578125,652.6959228515625,684.7312098349,652.8536693304358,0.5951489673634258,8.850345693645068e-06,718,True,49,14,['capacity'],"v4.0-K[2,6]-phiapprox"
10239,0.07744421064853668,0.5487015843391418,0.44941774010658264,2.0,-0.395688533782959,0.06541033834218979,0.10699846595525742,410.2913513183594,834.5827026367188,866.6179896200563,834.740449115592,0.47985615276364424,8.203667675843462e-06,718,True,49,21,['capacity'],"v4.0-K[2,6]-phiapprox"
10240,0.35405072569847107,0.9216486215591431,0.7938239574432373,6.0,0.34901535511016846,0.0010000000474974513,0.007893407717347145,172.7863311767578,359.5726623535156,391.6274208375863,359.72996572430213,0.7815598660249714,6.700717676721979e-06,720,True,49,7,"['capacity', 'phi_rl', 'epsilon']","v4.0-K[2,6]-phiapprox"
10241,0.01852443255484104,0.013874351978302002,0.07168500125408173,4.483757019042969,1.0,0.07901754975318909,0.06573899835348129,351.9911804199219,717.9823608398438,750.0371193239145,718.1396642106303,0.5550053057709761,8.100028935587034e-06,720,True,47,4,['kappa'],"v4.0-K[2,6]-phiapprox"
10242,0.04709266126155853,0.22052951157093048,0.6492660641670227,2.0,0.7484806776046753,0.04102909937500954,0.040963366627693176,250.7274932861328,515.4549865722656,547.5000160763129,515.6125111854865,0.6825841452255145,9.826487257669214e-06,719,True,49,5,['capacity'],"v4.0-K[2,6]-phiapprox"
10243,0.084496408700943,0.8673493266105652,0.5301786065101624,5.000000476837158,0.6302893161773682,0.07635959982872009,0.023971032351255417,495.1163635253906,1004.2327270507812,1036.199434059404,1004.39204426273,0.3661401746474774,0.46611398458480835,711,False,46,16,[],"v4.0-K[2,6]-phiapprox"
10245,0.10397826135158539,0.24484767019748688,0.8913401365280151,5.000029563903809,1.0,0.0010000265901908278,0.15058952569961548,351.0569152832031,716.1138305664062,748.1588600704536,716.2713551796271,0.5555691584570432,0.3238007426261902,719,False,47,9,"['kappa', 'phi_rl']","v4.0-K[2,6]-phiapprox"
10246,0.04706845432519913,0.4223065972328186,0.07826651632785797,5.999999523162842,-0.9779615998268127,0.02989622950553894,0.09073926508426666,370.1929931640625,754.385986328125,786.3919641269831,754.5444021697092,0.5287214212582793,4.3555655793170445e-06,715,True,50,23,['capacity'],"v4.0-K[2,6]-phiapprox"
10248,0.03779638931155205,0.2760120630264282,0.3223152160644531,2.0,0.20349979400634766,0.03921354189515114,0.05897589400410652,356.17584228515625,726.3516845703125,758.38697155365,726.5094310491858,0.548460691887461,9.19159811019199e-06,718,True,50,16,['capacity'],"v4.0-K[2,6]-phiapprox"
