participant_id,alpha,phi,rho,capacity,kappa_s,epsilon,nll,aic,bic,aicc,pseudo_r2,grad_norm,n_trials,converged,n_successful_starts,n_near_best,at_bounds,parameterization_version
10000,0.005548303015530109,0.32579877972602844,0.36166343092918396,2.3146800994873047,0.8486077785491943,0.10714399069547653,709.7127075195312,1431.4254150390625,1460.7995112255496,1431.5110419503774,0.34614539876536754,8.338051884493325e-06,988,True,50,37,['alpha'],"v4.0-K[2,6]-phiapprox"
9187,0.01028107013553381,0.375021368265152,0.17149196565151215,3.0000293254852295,1.0,0.2567690908908844,828.5855712890625,1669.171142578125,1698.5573722368968,1669.2565952739542,0.23817061656130056,0.575767993927002,990,False,46,30,"['alpha', 'kappa_s']","v4.0-K[2,6]-phiapprox"
10002,0.029176926240324974,0.2996273934841156,0.3955104947090149,2.0,0.8915834426879883,0.10289248079061508,466.2793884277344,944.5587768554688,973.9207149830845,944.6445786940795,0.569547880411262,6.5839681155921426e-06,986,True,50,38,['capacity'],"v4.0-K[2,6]-phiapprox"
10003,0.003117264248430729,0.16404207050800323,0.19910846650600433,2.1411948204040527,0.5957859754562378,0.009982540272176266,608.2581176757812,1228.5162353515625,1257.7985398446785,1228.6031918733017,0.4309759520835571,9.660271643952001e-06,973,True,50,30,"['alpha', 'epsilon']","v4.0-K[2,6]-phiapprox"
10004,0.011262798681855202,0.06759895384311676,0.425353467464447,2.6171183586120605,1.0,0.09644979983568192,397.3370666503906,806.6741333007812,836.060362959553,806.7595859966103,0.6346749653959316,7.481338343495736e-06,990,True,49,7,['kappa_s'],"v4.0-K[2,6]-phiapprox"
10005,0.004963229410350323,0.1231493204832077,0.2764648497104645,2.0822415351867676,1.0,0.025816893205046654,396.0182800292969,804.0365600585938,833.3924099056263,804.1224496291459,0.6340392152853223,9.778175808605738e-06,985,True,49,23,"['alpha', 'kappa_s']","v4.0-K[2,6]-phiapprox"
10006,0.004563500173389912,0.10388673841953278,0.4338342845439911,2.0,1.0,0.03565242514014244,340.8195495605469,693.6390991210938,723.0071193576946,693.724813406808,0.6856866026227971,9.168793440039735e-06,987,True,47,18,"['alpha', 'capacity', 'kappa_s']","v4.0-K[2,6]-phiapprox"
10016,0.003874223679304123,0.12540973722934723,0.23696479201316833,4.999999523162842,1.0,0.06546183675527573,402.2706604003906,816.5413208007812,845.9093410373821,816.6270350864955,0.629014655706668,0.23581691086292267,987,False,48,8,"['alpha', 'kappa_s']","v4.0-K[2,6]-phiapprox"
10017,0.0010000000474974513,0.04863635450601578,0.6815392374992371,2.0,1.0,0.10948491841554642,404.7412414550781,821.4824829101562,850.844421037772,821.568284748767,0.6263576525293546,4.759761395689566e-06,986,True,45,15,"['alpha', 'capacity', 'kappa_s']","v4.0-K[2,6]-phiapprox"
10018,0.008790670894086361,0.2075057178735733,0.22077122330665588,2.0,0.5216974020004272,0.047588784247636795,570.6873168945312,1153.3746337890625,1182.7365719166783,1153.4604356276734,0.47316229008537225,0.0008848649449646473,986,False,49,33,"['alpha', 'capacity']","v4.0-K[2,6]-phiapprox"
10024,0.013179517351090908,0.1984861046075821,0.43955564498901367,2.0,0.6581088304519653,0.03236702084541321,281.4261169433594,574.8522338867188,602.3110513010081,574.9703773466343,0.6432241071878588,9.463647984375712e-06,718,True,50,26,['capacity'],"v4.0-K[2,6]-phiapprox"
10025,0.0010000000474974513,0.0010000000474974513,0.08255797624588013,2.0,1.0,0.03663551062345505,248.08399963378906,508.1679992675781,532.32319511053,508.37438747396635,0.454551236799148,2.653466026458773e-06,414,True,49,14,"['alpha', 'phi', 'capacity', 'kappa_s']","v4.0-K[2,6]-phiapprox"
10027,0.012969320639967918,0.12709400057792664,0.22995351254940033,2.0,0.9004478454589844,0.03460830822587013,288.6136474609375,589.227294921875,616.6861123361643,589.3454383817906,0.6341121681632389,9.509853953204583e-06,718,True,50,26,['capacity'],"v4.0-K[2,6]-phiapprox"
10028,0.001501342630945146,0.4932214617729187,0.14157982170581818,5.1687493324279785,0.3117513656616211,0.0010000000474974513,698.6350708007812,1409.2701416015625,1436.5680460549654,1409.3915288847995,0.09023598492118912,7.13942245056387e-06,699,True,50,15,"['alpha', 'epsilon']","v4.0-K[2,6]-phiapprox"
10029,0.020477350801229477,0.24952994287014008,0.3237884044647217,4.143603324890137,0.7298831939697266,0.048801667988300323,276.5080261230469,565.0160522460938,592.4915595181544,565.1338643078049,0.6504327057578395,4.198155238555046e-06,720,True,49,30,[],"v4.0-K[2,6]-phiapprox"
10030,0.007765478454530239,0.0010000000474974513,0.1602405607700348,2.0,0.5336717367172241,0.027070915326476097,245.0454864501953,502.0909729003906,529.5330539021545,502.20944962817623,0.688477633973711,9.793536264623981e-06,716,True,50,21,"['alpha', 'phi', 'capacity']","v4.0-K[2,6]-phiapprox"
10031,0.010085166431963444,0.12535008788108826,0.18200522661209106,3.0,0.8295613527297974,0.08866289258003235,367.9416198730469,747.8832397460938,775.35040789242,748.0012172741837,0.5341934693782087,0.03719159588217735,719,False,49,33,['alpha'],"v4.0-K[2,6]-phiapprox"
10035,0.006160787306725979,0.15341949462890625,0.26187846064567566,2.0,0.6962825059890747,0.0010000000474974513,316.35626220703125,644.7125244140625,672.1629794576602,644.8308342732174,0.5983823159694769,8.121199243760202e-06,717,True,49,19,"['alpha', 'capacity', 'epsilon']","v4.0-K[2,6]-phiapprox"
10036,0.004409058950841427,0.3053933084011078,0.3700557053089142,2.0,0.7816437482833862,0.05440148338675499,501.47149658203125,1014.9429931640625,1042.3598816865483,1015.0619733340342,0.35980501090570716,1.4424875871554832e-06,713,True,50,35,"['alpha', 'capacity']","v4.0-K[2,6]-phiapprox"
10039,0.005478383041918278,0.12235697358846664,0.18205782771110535,2.3670802116394043,0.7763910293579102,0.03136499971151352,358.4803161621094,728.9606323242188,756.3606669030382,729.0799505060369,0.5410649145649191,9.143231181951705e-06,711,True,50,17,['alpha'],"v4.0-K[2,6]-phiapprox"
10041,0.0026820795610547066,0.3844916820526123,0.23590634763240814,2.0,0.5453519821166992,0.13668151199817657,651.78662109375,1315.5732421875,1342.8453401495065,1315.695158007529,0.14758369265791027,6.612084689550102e-06,696,True,50,13,"['alpha', 'capacity']","v4.0-K[2,6]-phiapprox"
10043,0.05103302374482155,0.5533679127693176,0.9459565877914429,5.000000476837158,0.9101595878601074,0.09861155599355698,487.0928039550781,986.1856079101562,1013.6276889119201,986.3040846379419,0.38076679166540783,0.37651312351226807,716,False,50,25,[],"v4.0-K[2,6]-phiapprox"
10044,0.05103302374482155,0.5533679127693176,0.9459565877914429,5.000000476837158,0.9101595878601074,0.09861155599355698,487.0928039550781,986.1856079101562,1013.6276889119201,986.3040846379419,0.38076679166540783,0.37651312351226807,716,False,50,25,[],"v4.0-K[2,6]-phiapprox"
10047,0.00566288223490119,0.27408698201179504,0.4926024377346039,2.0,0.9741770029067993,0.06195778027176857,429.6505432128906,871.3010864257812,898.7515414693789,871.4193962849362,0.4545540053362592,6.741251581843244e-06,717,True,50,23,"['alpha', 'capacity']","v4.0-K[2,6]-phiapprox"
10048,0.0010000000474974513,0.10634263604879379,0.09010012447834015,2.0,1.0,0.0010000000474974513,462.44415283203125,936.8883056640625,964.2119060882173,937.0091689734151,0.4003777663362805,9.121879884332884e-06,702,True,48,4,"['alpha', 'capacity', 'kappa_s', 'epsilon']","v4.0-K[2,6]-phiapprox"
10050,0.007719601970165968,0.3452678918838501,0.3216979205608368,3.0000033378601074,1.0,0.06399210542440414,433.9676818847656,879.9353637695312,907.3858188131289,880.0536736286862,0.4490733512694136,0.5632085800170898,717,False,46,20,"['alpha', 'kappa_s']","v4.0-K[2,6]-phiapprox"
10051,0.0047551351599395275,0.16367289423942566,0.18102052807807922,4.9999895095825195,0.9604077339172363,0.051270339637994766,333.8449401855469,679.6898803710938,707.0730135302865,679.8095384907518,0.5713980815687236,0.0457337461411953,709,False,49,40,['alpha'],"v4.0-K[2,6]-phiapprox"
10052,0.0051451255567371845,0.2517971396446228,0.11720728874206543,3.8001317977905273,0.798632025718689,0.0010000000474974513,471.5046691894531,955.0093383789062,982.392471538099,955.1289964985643,0.3946656622934407,1.1420804185036104e-05,709,True,48,21,"['alpha', 'epsilon']","v4.0-K[2,6]-phiapprox"
10055,0.010976787656545639,0.10612744092941284,0.24486495554447174,3.9228813648223877,1.0,0.13617192208766937,355.4016418457031,722.8032836914062,750.2704518377325,722.9212612194962,0.5500688239004993,6.2896097006159835e-06,719,True,50,15,"['alpha', 'kappa_s']","v4.0-K[2,6]-phiapprox"
10057,0.005170959513634443,0.20782165229320526,0.39839133620262146,2.0090620517730713,0.8669764995574951,0.1469719409942627,495.4105529785156,1002.8211059570312,1030.229573425503,1002.9402548932014,0.366654327800649,9.756550753081683e-06,712,True,50,37,"['alpha', 'capacity']","v4.0-K[2,6]-phiapprox"
10058,0.00323801813647151,0.12929706275463104,0.16654694080352783,2.0,0.3723325729370117,0.0010000000474974513,473.98370361328125,959.9674072265625,987.2481196911257,960.0891463569973,0.3810063704294444,6.417749318643473e-06,697,True,50,34,"['alpha', 'capacity', 'epsilon']","v4.0-K[2,6]-phiapprox"
10059,0.005888395011425018,0.17619413137435913,0.9920272827148438,2.0,0.886919379234314,0.08487667888402939,315.7500915527344,643.5001831054688,670.9590005197581,643.6183265653843,0.5997101404703147,8.438044460490346e-06,718,True,49,33,"['alpha', 'rho', 'capacity']","v4.0-K[2,6]-phiapprox"
10062,0.005505385808646679,0.0010000000474974513,0.12750200927257538,3.856497049331665,-0.21994763612747192,0.0010000000474974513,178.77989196777344,369.5597839355469,397.0186013498362,369.67792739546246,0.7733531050122902,7.1903518801264e-06,718,True,50,7,"['alpha', 'phi', 'epsilon']","v4.0-K[2,6]-phiapprox"
10063,0.003976394888013601,0.19590376317501068,0.08153007924556732,5.033851623535156,0.9015501737594604,0.1511385440826416,589.300537109375,1190.60107421875,1218.0179627412358,1190.7200543887216,0.2476795720207331,9.759281965671107e-06,713,True,50,34,['alpha'],"v4.0-K[2,6]-phiapprox"
10064,0.00467993039637804,0.1244334802031517,0.19279196858406067,2.999999761581421,1.0,0.14844001829624176,453.9516296386719,919.9032592773438,947.3117267458156,920.0224082135139,0.41965648835913316,0.11772002279758453,712,False,45,11,"['alpha', 'kappa_s']","v4.0-K[2,6]-phiapprox"
10065,0.0017637480050325394,0.036758869886398315,0.3504325747489929,2.0,0.4497561454772949,0.05897565186023712,260.9875183105469,533.9750366210938,561.44220476742,534.0930141491837,0.6695951643584843,3.2397945233242353e-06,719,True,49,6,"['alpha', 'capacity']","v4.0-K[2,6]-phiapprox"
10066,0.25364822149276733,0.29023945331573486,0.9637341499328613,5.339455604553223,1.0,0.0861591100692749,283.6184387207031,579.2368774414062,606.5945688663658,579.357049115226,0.6343333876512127,7.411126262013568e-06,706,True,48,19,['kappa_s'],"v4.0-K[2,6]-phiapprox"
10067,0.00219741347245872,0.2709088623523712,0.2262004017829895,2.0,0.47787392139434814,0.04774000868201256,595.7261352539062,1203.4522705078125,1230.8943515095764,1203.5707472355982,0.24266299352666154,5.1745892051258124e-06,716,True,49,31,"['alpha', 'capacity']","v4.0-K[2,6]-phiapprox"
10071,0.01386128831654787,0.16916988790035248,0.680263340473175,2.0,0.7240058183670044,0.09166061878204346,311.6413269042969,635.2826538085938,662.7581610806544,635.4004658703049,0.606016443907877,5.5421410252165515e-06,720,True,50,18,['capacity'],"v4.0-K[2,6]-phiapprox"
10072,0.009022481739521027,0.08628007769584656,0.07825350761413574,5.0,0.25641393661499023,0.0044822790659964085,316.86273193359375,645.7254638671875,673.1842812814768,645.8436073271031,0.5982995987993018,0.32781848311424255,718,False,50,34,"['alpha', 'epsilon']","v4.0-K[2,6]-phiapprox"
10073,0.009022481739521027,0.08628007769584656,0.07825350761413574,5.0,0.25641393661499023,0.0044822790659964085,316.86273193359375,645.7254638671875,673.1842812814768,645.8436073271031,0.5982995987993018,0.32781848311424255,718,False,50,34,"['alpha', 'epsilon']","v4.0-K[2,6]-phiapprox"
10074,0.010691618546843529,0.06270769983530045,0.08207805454730988,4.999999523162842,0.6475521326065063,0.1350807249546051,403.615234375,819.23046875,846.6809237935977,819.3487786091549,0.4876061104709767,0.01693510264158249,717,False,50,8,['alpha'],"v4.0-K[2,6]-phiapprox"
10075,0.007476885803043842,0.10517041385173798,0.17839819192886353,2.9999983310699463,1.0,0.11050373315811157,384.09326171875,780.1865234375,807.6369784810977,780.3048332966549,0.5123894651332574,0.5977628231048584,717,False,46,25,"['alpha', 'kappa_s']","v4.0-K[2,6]-phiapprox"
10076,0.0028586257249116898,0.20709767937660217,0.21650709211826324,2.0,0.6525640487670898,0.00864980835467577,491.46417236328125,994.9283447265625,1022.3199345467747,995.0478326355241,0.36992962230034954,9.013083399622701e-06,710,True,50,30,"['alpha', 'capacity', 'epsilon']","v4.0-K[2,6]-phiapprox"
10077,0.1776730716228485,0.41701540350914,0.8798388242721558,4.999999523162842,0.3723106384277344,0.10748106986284256,330.0129699707031,672.0259399414062,699.4931080877325,672.1439174694962,0.5822103608303777,0.03282403573393822,719,False,50,28,[],"v4.0-K[2,6]-phiapprox"
10078,0.01634681224822998,0.1595260202884674,0.09855826199054718,6.0,0.30140817165374756,0.08700963109731674,371.3606872558594,754.7213745117188,782.188542658045,754.8393520398087,0.5298650003235268,9.128031706495676e-06,719,True,50,22,['capacity'],"v4.0-K[2,6]-phiapprox"
10079,0.00957256555557251,0.20064902305603027,0.376011461019516,2.0,0.9046183824539185,0.026281200349330902,295.519775390625,603.03955078125,630.5067189275762,603.1575283093399,0.6258780364332417,8.078672181000002e-06,719,True,50,15,"['alpha', 'capacity']","v4.0-K[2,6]-phiapprox"
10081,0.004811340011656284,0.16601532697677612,0.11064354330301285,4.966391086578369,0.9985854625701904,0.0010000000474974513,349.69268798828125,711.3853759765625,738.8274569783264,711.5038527043481,0.5554413381682779,7.864730832807254e-06,716,True,50,26,"['alpha', 'kappa_s', 'epsilon']","v4.0-K[2,6]-phiapprox"
10083,0.011396556161344051,0.2482428103685379,0.12228064239025116,5.0,0.7384790182113647,0.04812069237232208,389.8243408203125,791.648681640625,818.980822991489,791.7693712957974,0.49525831222105565,0.043719854205846786,703,False,50,41,[],"v4.0-K[2,6]-phiapprox"
10084,0.9757857918739319,0.787850022315979,0.8380618691444397,6.0,-0.23024219274520874,0.05135227367281914,218.9393310546875,449.878662109375,477.32911715297274,449.9969719685299,0.7220541598641341,3.11248049911228e-06,717,True,50,9,['capacity'],"v4.0-K[2,6]-phiapprox"
10086,0.0010000000474974513,0.046898551285266876,0.026654137298464775,4.569303512573242,1.0,0.0010000000474974513,432.15130615234375,876.3026123046875,902.976931221001,876.4374437653616,0.37561734809859215,6.966879936953774e-06,630,True,48,2,"['alpha', 'kappa_s', 'epsilon']","v4.0-K[2,6]-phiapprox"
10087,0.013855084776878357,0.12472110986709595,0.29906415939331055,2.0,0.6381098031997681,0.08181334286928177,320.0602111816406,652.1204223632812,679.5457201373188,652.2392342444693,0.5919728864145675,4.923919732391369e-06,714,True,50,38,['capacity'],"v4.0-K[2,6]-phiapprox"
10088,0.003797583281993866,0.14034511148929596,0.9990000128746033,2.022226572036743,0.838800311088562,0.0627594068646431,247.70242309570312,507.40484619140625,534.8803534634669,507.52265825311736,0.6868493582885744,4.317552338761743e-06,720,True,50,21,"['alpha', 'rho']","v4.0-K[2,6]-phiapprox"
10089,0.008861348032951355,0.1717025637626648,0.1681196242570877,2.999999761581421,0.5259745121002197,0.027984561398625374,359.41448974609375,730.8289794921875,758.2710604939514,730.9474562199731,0.5430821687360842,0.22238373756408691,716,False,50,36,['alpha'],"v4.0-K[2,6]-phiapprox"
10092,0.011047671549022198,0.1705128401517868,0.28901350498199463,3.9342241287231445,0.9841121435165405,0.08020569384098053,320.6496276855469,653.2992553710938,680.7245531451313,653.4180672522818,0.591221471816981,7.673992513446137e-06,714,True,50,32,[],"v4.0-K[2,6]-phiapprox"
10093,0.00791226327419281,0.28837016224861145,0.10682617872953415,4.58725643157959,0.20279157161712646,0.0010000000474974513,504.1269836425781,1020.2539672851562,1047.662434753628,1020.3731162213264,0.35551101725766765,0.011808717623353004,712,False,49,30,"['alpha', 'epsilon']","v4.0-K[2,6]-phiapprox"
10094,0.005446301773190498,0.18512924015522003,0.13838855922222137,2.999999761581421,0.29185688495635986,0.1307213455438614,547.8546142578125,1107.709228515625,1135.0923616748178,1107.8288866352832,0.29664490777718544,0.17667101323604584,709,False,50,40,['alpha'],"v4.0-K[2,6]-phiapprox"
10095,0.03336918726563454,0.49876606464385986,0.8560049533843994,5.0,0.9125561714172363,0.04939670115709305,408.9458923339844,829.8917846679688,857.3002521364406,830.0109336041389,0.4771929876821519,0.6423333883285522,712,False,49,32,[],"v4.0-K[2,6]-phiapprox"
10097,0.008513659238815308,0.2919507324695587,0.2715242803096771,2.0,0.5150003433227539,0.048503052443265915,461.8321533203125,935.664306640625,963.1147616842227,935.7826164997799,0.41369910450531633,8.575746505812276e-06,717,True,50,31,"['alpha', 'capacity']","v4.0-K[2,6]-phiapprox"
10098,0.007837708108127117,0.11964578926563263,0.2018643468618393,3.0,0.6947641372680664,0.05218859016895294,319.8221435546875,651.644287109375,679.0527545778468,651.7634360455452,0.5911310946525897,0.07729632407426834,712,False,49,20,['alpha'],"v4.0-K[2,6]-phiapprox"
10099,0.007587627042084932,0.15326635539531708,0.22571925818920135,2.18276309967041,0.8543850183486938,0.06363680213689804,381.82342529296875,775.6468505859375,803.072148359975,775.7656624671256,0.5132343706629106,7.784486115269829e-06,714,True,50,29,['alpha'],"v4.0-K[2,6]-phiapprox"
10101,0.4471778869628906,0.566239595413208,0.9200282692909241,5.237786293029785,0.8744779825210571,0.09103856235742569,325.1164855957031,662.2329711914062,689.6666664475703,662.3516152592028,0.5861066036192055,9.266003871744033e-06,715,True,50,20,[],"v4.0-K[2,6]-phiapprox"
10102,0.012674408033490181,0.28553029894828796,0.35841137170791626,2.0,1.0,0.14920641481876373,445.05902099609375,902.1180419921875,929.5601229939514,902.2365187199731,0.4342036605100813,8.849076948536094e-06,716,True,47,34,"['capacity', 'kappa_s']","v4.0-K[2,6]-phiapprox"
10103,0.5372350811958313,0.9990000128746033,0.8470297455787659,2.0,1.0,0.07840915769338608,244.6443328857422,501.2886657714844,528.7558339178106,501.4066432995743,0.690285301301034,9.372962267661933e-06,719,True,49,10,"['phi', 'capacity', 'kappa_s']","v4.0-K[2,6]-phiapprox"
10104,0.004470368847250938,0.11037943512201309,0.1721142828464508,2.0,1.0,0.19005456566810608,538.6187744140625,1089.237548828125,1116.6712440842891,1089.3561928959216,0.3143049836792291,4.829333647649037e-06,715,True,50,35,"['alpha', 'capacity', 'kappa_s']","v4.0-K[2,6]-phiapprox"
10106,0.008386806584894657,0.1505032479763031,0.20142100751399994,2.00000262260437,0.6613128185272217,0.0928054228425026,436.5252685546875,885.050537109375,912.5177052557012,885.1685146374649,0.44736797934312766,7.767849638184998e-06,719,True,50,37,"['alpha', 'capacity']","v4.0-K[2,6]-phiapprox"
10107,0.004349435679614544,0.14204782247543335,0.30426785349845886,2.0598342418670654,0.9648547172546387,0.0623328872025013,377.4715576171875,766.943115234375,794.3684130084125,767.0619271155631,0.5187823267799769,6.4426408243889455e-06,714,True,50,32,['alpha'],"v4.0-K[2,6]-phiapprox"
10109,0.0010000000474974513,0.11200319230556488,0.2973271608352661,2.999999761581421,1.0,0.07265885919332504,330.596435546875,673.19287109375,700.6600392400762,673.3108486218399,0.5814717053994762,0.02936425805091858,719,False,45,17,"['alpha', 'kappa_s']","v4.0-K[2,6]-phiapprox"
10110,0.0010000000474974513,0.11200319230556488,0.2973271608352661,2.999999761581421,1.0,0.07265885919332504,330.596435546875,673.19287109375,700.6600392400762,673.3108486218399,0.5814717053994762,0.02936425805091858,719,False,45,17,"['alpha', 'kappa_s']","v4.0-K[2,6]-phiapprox"
10111,0.0036170780658721924,0.21069537103176117,0.26656460762023926,2.0,0.7221192121505737,0.15450914204120636,557.4203491210938,1126.8406982421875,1154.2575867646733,1126.959678412159,0.2883788674753913,9.21487753657857e-06,713,True,50,25,"['alpha', 'capacity']","v4.0-K[2,6]-phiapprox"
10112,0.0010000000474974513,0.09908484667539597,0.12199722975492477,2.0,1.0,0.0010000000474974513,487.22637939453125,986.4527587890625,1013.8189427844419,986.5727587890625,0.37271207528674377,2.9139268917788286e-06,707,True,49,23,"['alpha', 'capacity', 'kappa_s', 'epsilon']","v4.0-K[2,6]-phiapprox"
10114,0.008019951172173023,0.11405301839113235,0.08831357955932617,2.0,0.3978928327560425,0.015376877039670944,466.1736145019531,944.3472290039062,971.730362163099,944.4668871235643,0.40150985847941445,6.559776375070214e-05,709,True,50,31,"['alpha', 'capacity']","v4.0-K[2,6]-phiapprox"
10115,0.35041481256484985,0.9987856149673462,0.8058243989944458,6.0,1.0,0.133365660905838,355.2500305175781,722.5000610351562,749.9000956139757,722.6193792169744,0.545200403604106,8.6185418695095e-06,711,True,50,32,"['phi', 'capacity', 'kappa_s']","v4.0-K[2,6]-phiapprox"
10116,0.004527181386947632,0.11949348449707031,0.21743367612361908,4.5534796714782715,1.0,0.1124352514743805,361.8968505859375,735.793701171875,763.2525185861643,735.9118446317906,0.5412079256322676,8.406914275838062e-06,718,True,49,26,"['alpha', 'kappa_s']","v4.0-K[2,6]-phiapprox"
10117,0.04688354209065437,0.5765605568885803,0.7371826767921448,2.0,0.8685190677642822,0.05376775935292244,279.5230712890625,571.046142578125,598.479837834289,571.1647866459216,0.6441498402314482,9.724793926579878e-06,715,True,49,15,['capacity'],"v4.0-K[2,6]-phiapprox"
10120,0.0010000000474974513,0.03780714422464371,0.12753722071647644,2.738891124725342,0.6127786636352539,0.007514588069170713,354.9392395019531,721.8784790039062,749.3121742600703,721.9971230717028,0.5481403931975166,3.6022374843014404e-06,715,True,50,23,"['alpha', 'epsilon']","v4.0-K[2,6]-phiapprox"
10121,0.00709623284637928,0.2776668071746826,0.33819979429244995,2.999999761581421,0.9565024375915527,0.1569923311471939,498.3244934082031,1008.6489868164062,1036.0490213952257,1008.7683049982244,0.3620330499450165,0.032454825937747955,711,False,50,34,['alpha'],"v4.0-K[2,6]-phiapprox"
10125,0.008502863347530365,0.17394296824932098,0.09464966505765915,3.239011287689209,0.8005090951919556,0.05420525372028351,427.27374267578125,866.5474853515625,893.9979403951602,866.6657952107174,0.45757137923130065,8.428911314695142e-06,717,True,50,36,['alpha'],"v4.0-K[2,6]-phiapprox"
10126,0.47593584656715393,0.274867445230484,0.9490822553634644,5.0,1.0,0.08003097772598267,256.7305908203125,525.461181640625,552.9283497869512,525.5791591687149,0.6749843470935574,0.20586462318897247,719,False,47,11,['kappa_s'],"v4.0-K[2,6]-phiapprox"
10128,0.006188313942402601,0.016467515379190445,0.061674077063798904,4.402123928070068,1.0,0.17024727165699005,468.0464172363281,948.0928344726562,975.4420212895299,948.2131783121978,0.3956961576586421,6.143774044176098e-06,705,True,50,22,"['alpha', 'kappa_s']","v4.0-K[2,6]-phiapprox"
10130,0.004996407311409712,0.1514718383550644,0.17069514095783234,2.0,0.48897266387939453,0.2018955945968628,593.2992553710938,1198.5985107421875,1226.0153992646733,1198.717490912159,0.2425746769042597,9.141215741692577e-06,713,True,50,35,"['alpha', 'capacity']","v4.0-K[2,6]-phiapprox"
10135,0.0025002313777804375,0.07019450515508652,0.1273869425058365,3.0,1.0,0.08703871071338654,420.685546875,853.37109375,880.7117638869482,853.4916102492826,0.4560731721014373,0.01106868777424097,704,False,47,35,"['alpha', 'kappa_s']","v4.0-K[2,6]-phiapprox"
10137,0.0027018841356039047,0.10721872001886368,0.2221282720565796,4.999999046325684,1.0,0.0371251218020916,238.16226196289062,488.32452392578125,515.7833413400706,488.44266738569684,0.6980715415866299,0.028442593291401863,718,False,48,7,"['alpha', 'kappa_s']","v4.0-K[2,6]-phiapprox"
10139,0.0035114469937980175,0.4183593690395355,0.5021301507949829,2.0,0.817347526550293,0.16630330681800842,600.1510009765625,1212.302001953125,1239.6511887699985,1212.4223457926666,0.2251333574635057,4.7058347263373435e-06,705,True,50,16,"['alpha', 'capacity']","v4.0-K[2,6]-phiapprox"
10140,0.1147681400179863,0.6792200803756714,0.8448814153671265,5.000000476837158,1.0,0.09983929246664047,375.33929443359375,762.6785888671875,790.1122841233515,762.7972329349841,0.5221698614155285,1.080037236213684,715,False,48,26,['kappa_s'],"v4.0-K[2,6]-phiapprox"
10141,0.0034341448917984962,0.10359051823616028,0.2401319295167923,2.0,1.0,0.07965604960918427,401.6939392089844,815.3878784179688,842.8299594197326,815.5063551457544,0.4893329880359305,8.869988050719257e-06,716,True,49,33,"['alpha', 'capacity', 'kappa_s']","v4.0-K[2,6]-phiapprox"
10142,0.016394006088376045,0.16758467257022858,0.567902684211731,2.0,-0.11209374666213989,0.04375358298420906,249.5101318359375,511.020263671875,538.4874318182012,511.1382411999649,0.6841252998082004,7.956665285746567e-06,719,True,50,21,['capacity'],"v4.0-K[2,6]-phiapprox"
10143,0.006091996096074581,0.12215204536914825,0.16897320747375488,5.999999046325684,1.0,0.06747549772262573,303.2667541503906,618.5335083007812,646.0006764471075,618.6514858288712,0.6160705205014148,4.955740223522298e-06,719,True,49,18,"['alpha', 'capacity', 'kappa_s']","v4.0-K[2,6]-phiapprox"
10145,0.7283731698989868,0.2921525537967682,0.9990000128746033,4.710773468017578,1.0,0.1409289538860321,331.5970458984375,675.194091796875,702.6109803193608,675.3130719668467,0.5766723161145335,9.476716513745487e-06,713,True,49,17,"['rho', 'kappa_s']","v4.0-K[2,6]-phiapprox"
10147,0.0010000000474974513,0.05450621619820595,0.261697381734848,3.5088346004486084,1.0,0.06508075445890427,257.1621398925781,526.3242797851562,553.7663607869201,526.4427565129419,0.6730739283051357,8.951057679951191e-06,716,True,49,15,"['alpha', 'kappa_s']","v4.0-K[2,6]-phiapprox"
10148,0.0053770472295582294,0.15711139142513275,0.1868501752614975,2.3397257328033447,0.9855884313583374,0.22407208383083344,550.3977661132812,1112.7955322265625,1140.144719043436,1112.9158760661041,0.28937072771050787,8.23525624582544e-06,705,True,50,37,['alpha'],"v4.0-K[2,6]-phiapprox"
10149,0.005127079784870148,0.2285972386598587,0.16414667665958405,3.09417724609375,0.5749105215072632,0.0716126412153244,522.0274658203125,1056.054931640625,1083.4718201631108,1056.1739118105966,0.33356258518057647,0.0005605902406387031,713,False,50,39,['alpha'],"v4.0-K[2,6]-phiapprox"
10150,0.2545461356639862,0.6394325494766235,0.9224039912223816,5.000000476837158,1.0,0.0807589665055275,340.3225402832031,692.6450805664062,720.0787758225703,692.7637246342028,0.5667483554250861,1.5362058877944946,715,False,44,32,['kappa_s'],"v4.0-K[2,6]-phiapprox"
10151,0.005631518084555864,0.13952547311782837,0.200357124209404,4.338692665100098,0.7382689714431763,0.07160046696662903,353.4232482910156,718.8464965820312,746.2969516256289,718.9648064411862,0.5513253776898762,3.5917041714128572e-06,717,True,50,31,['alpha'],"v4.0-K[2,6]-phiapprox"
10152,0.01006690226495266,0.21499617397785187,0.1912156492471695,3.138211727142334,1.0,0.08234758675098419,390.3556823730469,792.7113647460938,820.17853289242,792.8293422741837,0.5058177267974499,7.921463293314446e-06,719,True,50,37,"['alpha', 'kappa_s']","v4.0-K[2,6]-phiapprox"
10154,0.007464060094207525,0.05152300000190735,0.12750382721424103,2.0,0.6944315433502197,0.011746850796043873,328.7100524902344,669.4201049804688,696.8705600240664,669.5384148396237,0.5826990460764603,8.211077329178806e-06,717,True,50,37,"['alpha', 'capacity']","v4.0-K[2,6]-phiapprox"
10155,0.003946667071431875,0.12125372886657715,0.157071053981781,6.0,1.0,0.14210200309753418,425.2222595214844,862.4445190429688,889.8614075654546,862.5634992129404,0.4571472922140922,8.048018571571447e-06,713,True,45,10,"['alpha', 'capacity', 'kappa_s']","v4.0-K[2,6]-phiapprox"
10156,0.0423579141497612,0.1100027859210968,0.13497589528560638,2.0,-0.43211305141448975,0.08123863488435745,288.4189147949219,588.8378295898438,616.2462970583156,588.9569785260139,0.6312777950175823,9.896556548483204e-06,712,True,50,31,['capacity'],"v4.0-K[2,6]-phiapprox"
10157,0.0035034632310271263,0.13158383965492249,0.14570266008377075,3.5097503662109375,0.6953513622283936,0.008219637908041477,370.8243103027344,753.6486206054688,781.115788751795,753.7665981335587,0.5305440425251859,8.292825441458263e-06,719,True,50,29,"['alpha', 'epsilon']","v4.0-K[2,6]-phiapprox"
10158,0.012924889102578163,0.0858021229505539,0.18405787646770477,6.0,1.0,0.05578763782978058,222.7229766845703,457.4459533691406,484.8880343709045,457.56443009692623,0.7168558798192871,9.268846042687073e-06,716,True,49,20,"['capacity', 'kappa_s']","v4.0-K[2,6]-phiapprox"
10159,0.005658031441271305,0.06297288835048676,0.16736601293087006,2.9999678134918213,0.5409269332885742,0.05692024528980255,312.5960693359375,637.192138671875,664.6342196736389,637.3106153996606,0.6026016698338925,0.28636011481285095,716,False,49,7,['alpha'],"v4.0-K[2,6]-phiapprox"
10160,0.008316508494317532,0.20507360994815826,0.09558927267789841,6.0,0.5912250280380249,0.03572307154536247,424.17059326171875,860.3411865234375,887.7916415670352,860.4594963825924,0.4615108608530075,0.00011793756857514381,717,False,50,31,"['alpha', 'capacity']","v4.0-K[2,6]-phiapprox"
10162,0.01207719836384058,0.14116498827934265,0.4368557929992676,2.0,0.5462015867233276,0.09551354497671127,334.02630615234375,680.0526123046875,707.477910078725,680.1714241858756,0.5741682820936574,6.160290922707645e-06,714,True,50,32,['capacity'],"v4.0-K[2,6]-phiapprox"
10163,0.004218945279717445,0.20534676313400269,0.24108079075813293,3.571101188659668,1.0,0.12005329132080078,461.0627746582031,934.1255493164062,961.5927174627325,934.2435268444962,0.41630400079095053,6.455887159972917e-06,719,True,50,37,"['alpha', 'kappa_s']","v4.0-K[2,6]-phiapprox"
10164,0.0019828849472105503,0.16691143810749054,0.10949600487947464,2.999999761581421,0.3325451612472534,0.10300421714782715,628.9678955078125,1269.935791015625,1297.4029591619512,1270.0537685437148,0.20373956776058322,0.5486747026443481,719,False,50,22,['alpha'],"v4.0-K[2,6]-phiapprox"
10165,0.004413999151438475,0.23228885233402252,0.34499192237854004,2.0,0.5762853622436523,0.24335677921772003,603.6158447265625,1219.231689453125,1246.6485779756108,1219.3506696230966,0.22940417996688445,6.7930668592453e-06,713,True,50,28,"['alpha', 'capacity']","v4.0-K[2,6]-phiapprox"
10166,0.008740494027733803,0.1786895990371704,0.18077120184898376,2.0,0.9736776351928711,0.0524696409702301,392.68780517578125,797.3756103515625,824.8009081256,797.4944222327506,0.49938397186415506,8.314727892866358e-06,714,True,50,34,"['alpha', 'capacity']","v4.0-K[2,6]-phiapprox"
10168,0.006574926897883415,0.0010000000474974513,0.30857986211776733,2.0,1.0,0.10114701837301254,295.91986083984375,603.8397216796875,631.2985390939768,603.9578651396031,0.6248497698128402,9.32991588342702e-06,718,True,50,26,"['alpha', 'phi', 'capacity', 'kappa_s']","v4.0-K[2,6]-phiapprox"
10169,0.011644604615867138,0.2600114047527313,0.3854145407676697,2.0,1.0,0.04907901957631111,351.092529296875,714.18505859375,741.6019471162358,714.3040387637217,0.5517837414563146,8.76180456543807e-06,713,True,50,39,"['capacity', 'kappa_s']","v4.0-K[2,6]-phiapprox"
10170,0.21156688034534454,0.6470031142234802,0.8977981209754944,5.000000476837158,1.0,0.09178359806537628,344.4291076660156,700.8582153320312,728.3170327463206,700.9763587919468,0.5633525284266214,0.18819136917591095,718,False,45,15,['kappa_s'],"v4.0-K[2,6]-phiapprox"
10171,0.006555721163749695,0.093645840883255,0.17213934659957886,2.999999761581421,0.7677860260009766,0.06990087032318115,346.8966064453125,705.793212890625,733.2520303049143,705.9113563505406,0.5602243749717888,0.006999719887971878,718,False,49,11,['alpha'],"v4.0-K[2,6]-phiapprox"
10172,0.0029085478745400906,0.0010000000474974513,0.43710625171661377,2.0,1.0,0.2130354791879654,417.7658386230469,847.5316772460938,874.99884539242,847.6496547741837,0.4711170321844863,2.6474936021259055e-06,719,True,47,9,"['alpha', 'phi', 'capacity', 'kappa_s']","v4.0-K[2,6]-phiapprox"
10174,0.007602575235068798,0.20093902945518494,0.33512553572654724,2.0,0.4361104965209961,0.07000353932380676,410.3175964355469,832.6351928710938,860.0604906451313,832.7540047522818,0.47690872317804633,7.591122084704693e-06,714,True,50,34,"['alpha', 'capacity']","v4.0-K[2,6]-phiapprox"
10175,0.00853579118847847,0.24838553369045258,0.22580187022686005,3.0,0.891963005065918,0.13877683877944946,481.35919189453125,974.7183837890625,1002.1688388326602,974.8366936482174,0.3889093186055823,0.14908376336097717,717,False,50,33,['alpha'],"v4.0-K[2,6]-phiapprox"
10177,0.007787169888615608,0.07789609581232071,0.21403400599956512,2.0,1.0,0.10182040929794312,371.3799133300781,754.7598266601562,782.1935219163203,754.8784707279528,0.5272103984694935,8.817170964903198e-06,715,True,50,31,"['alpha', 'capacity', 'kappa_s']","v4.0-K[2,6]-phiapprox"
10178,0.010079561732709408,0.21294274926185608,0.42629432678222656,2.0,0.8442065715789795,0.027289224788546562,290.37109375,592.7421875,620.2010049142893,592.8603309599156,0.6318841785378985,9.61601017479552e-06,718,True,50,20,"['alpha', 'capacity']","v4.0-K[2,6]-phiapprox"
10179,0.361412912607193,0.604915976524353,0.8135777711868286,6.0,0.7065747976303101,0.033775053918361664,197.84063720703125,407.6812744140625,435.1233554158264,407.7997511418481,0.7484883958007139,6.2387980506173335e-06,716,True,50,14,['capacity'],"v4.0-K[2,6]-phiapprox"
10180,0.004371826536953449,0.16535991430282593,0.19644881784915924,2.0,0.5855691432952881,0.1514609158039093,550.369384765625,1112.73876953125,1140.1134340934123,1112.8585983472271,0.2924183571353802,9.227228474628646e-06,708,True,50,33,"['alpha', 'capacity']","v4.0-K[2,6]-phiapprox"
10181,0.0059495652094483376,0.1551392823457718,0.15352684259414673,2.5958986282348633,0.3596029281616211,0.05571132153272629,468.6687316894531,949.3374633789062,976.8046315252325,949.4554409069962,0.4066750154698351,9.738952940097079e-06,719,True,50,40,['alpha'],"v4.0-K[2,6]-phiapprox"
10182,0.006158489268273115,0.21425484120845795,0.19607815146446228,2.022819995880127,0.4425497055053711,0.01938764750957489,458.316162109375,928.63232421875,955.9044221807566,928.754240038779,0.4006072572571585,9.370959560328629e-06,696,True,50,27,['alpha'],"v4.0-K[2,6]-phiapprox"
10183,0.0010000000474974513,0.053240884095430374,0.05453575775027275,3.8257017135620117,1.0,0.034601014107465744,529.9933471679688,1071.9866943359375,1099.4538624822637,1072.1046718640273,0.32903931231774575,7.786578862578608e-06,719,True,46,28,"['alpha', 'kappa_s']","v4.0-K[2,6]-phiapprox"
10185,0.0020929910242557526,0.24060092866420746,0.26170459389686584,2.0,0.8188661336898804,0.18774117529392242,610.7335205078125,1233.467041015625,1260.8586308358372,1233.5865289245867,0.21702308819420146,5.579462140303804e-06,710,True,47,14,"['alpha', 'capacity']","v4.0-K[2,6]-phiapprox"
10186,0.0010000000474974513,0.0010000000474974513,0.1922721415758133,2.999999761581421,1.0,0.06326581537723541,262.2161560058594,536.4323120117188,563.8911294260081,536.5504554716343,0.6675773940782235,0.012809154577553272,718,False,49,5,"['alpha', 'phi', 'kappa_s']","v4.0-K[2,6]-phiapprox"
10191,0.009316317737102509,0.04104543849825859,0.09646013379096985,5.3113694190979,0.770310640335083,0.11284247040748596,353.6361999511719,719.2723999023438,746.6470644645061,719.3922287183209,0.5453481057191973,8.2056876635761e-06,708,True,50,6,['alpha'],"v4.0-K[2,6]-phiapprox"
10192,0.0010000000474974513,0.21488288044929504,0.1593228429555893,2.0,0.2524329423904419,0.02798784337937832,636.65283203125,1285.3056640625,1312.6887972216928,1285.4253221821582,0.18264262135696652,6.936158115422586e-06,709,True,50,19,"['alpha', 'capacity']","v4.0-K[2,6]-phiapprox"
10196,0.007972383871674538,0.09133899956941605,0.08286752551794052,4.999999523162842,0.4843721389770508,0.0819300040602684,397.7449035644531,807.4898071289062,834.9486245431956,807.6079505888218,0.49576181975588607,0.019047383219003677,718,False,50,33,['alpha'],"v4.0-K[2,6]-phiapprox"
10197,0.009832807816565037,0.16041044890880585,0.15968236327171326,4.999999523162842,0.9274766445159912,0.09113755822181702,367.43780517578125,746.8756103515625,774.3176913533264,746.9940870793481,0.5328822575186234,0.007854493334889412,716,False,50,34,['alpha'],"v4.0-K[2,6]-phiapprox"
10198,0.0010000000474974513,0.04858306050300598,0.04451526328921318,3.0,1.0,0.0010000000474974513,343.8565673828125,699.713134765625,724.7433383500905,699.8911008673199,0.34657257627329807,0.32240280508995056,479,False,50,4,"['alpha', 'kappa_s', 'epsilon']","v4.0-K[2,6]-phiapprox"
10199,0.008606727235019207,0.12466400116682053,0.31241658329963684,2.424376964569092,0.7672241926193237,0.06798622757196426,306.113525390625,624.22705078125,651.6186406014622,624.3465386902116,0.6075541709696095,9.901046723825857e-06,710,True,50,37,['alpha'],"v4.0-K[2,6]-phiapprox"
10200,0.013626161031425,0.1627153605222702,0.1629299372434616,2.999999761581421,0.7499756813049316,0.11193359643220901,395.67083740234375,803.3416748046875,830.8088429510137,803.4596523327774,0.49908884974144296,0.010970581322908401,719,False,50,23,[],"v4.0-K[2,6]-phiapprox"
10201,0.005181008949875832,0.09649215638637543,0.1301276534795761,2.0,1.0,0.08449148386716843,464.9689636230469,941.9379272460938,969.40509539242,942.0559047741837,0.4113588458223585,7.398006346193142e-06,719,True,50,24,"['alpha', 'capacity', 'kappa_s']","v4.0-K[2,6]-phiapprox"
10202,0.009670204482972622,0.16705895960330963,0.2883819341659546,2.9999990463256836,1.0,0.11990907043218613,382.0572509765625,776.114501953125,803.5733193674143,776.2326454130406,0.5156497261057358,0.09152145683765411,718,False,50,27,"['alpha', 'kappa_s']","v4.0-K[2,6]-phiapprox"
10203,0.07700900733470917,0.521915078163147,0.8981272578239441,2.0,0.9223560094833374,0.08928263187408447,294.5247802734375,601.049560546875,628.4916415486389,601.1680372746606,0.6255754075160154,9.867527296592016e-06,716,True,50,3,['capacity'],"v4.0-K[2,6]-phiapprox"
10204,0.01040353998541832,0.17688433825969696,0.19399519264698029,3.80971622467041,0.7075586318969727,0.05432024598121643,328.40447998046875,668.8089599609375,696.2677773752268,668.9271034208531,0.5836676324816008,4.36944992543431e-06,718,True,50,32,['alpha'],"v4.0-K[2,6]-phiapprox"
10208,0.006867379415780306,0.1617402732372284,0.07153785228729248,6.0,0.985547661781311,0.07989095896482468,451.68878173828125,915.3775634765625,942.6323952396033,915.4998342189206,0.40757226604398933,8.180708391591907e-06,694,True,50,25,"['alpha', 'capacity']","v4.0-K[2,6]-phiapprox"
10209,0.005756824277341366,0.132452130317688,0.23777306079864502,2.0,0.5488784313201904,0.0988355502486229,437.1488037109375,886.297607421875,913.731302678039,886.4162514896716,0.44348253285218064,3.266091198383947e-06,715,True,50,18,"['alpha', 'capacity']","v4.0-K[2,6]-phiapprox"
10212,0.013925372622907162,0.08257339149713516,0.1509026437997818,2.0,0.606799840927124,0.14323528110980988,423.01605224609375,858.0321044921875,885.4741854939514,858.1505812199731,0.4622265303809746,9.085946658160537e-06,716,True,50,25,['capacity'],"v4.0-K[2,6]-phiapprox"
10215,0.008613407611846924,0.18805159628391266,0.28844955563545227,2.0,1.0,0.18596695363521576,500.3292541503906,1012.6585083007812,1040.1256764471075,1012.7764858288712,0.36659344456657317,7.940149771457072e-06,719,True,50,32,"['alpha', 'capacity', 'kappa_s']","v4.0-K[2,6]-phiapprox"
10216,0.003657904453575611,0.14535196125507355,0.16926737129688263,2.0,0.6402733325958252,0.08872964233160019,534.015869140625,1080.03173828125,1107.4821933248477,1080.150048140405,0.32206109939606575,9.408499863639008e-06,717,True,50,29,"['alpha', 'capacity']","v4.0-K[2,6]-phiapprox"
10217,0.0030747256241738796,0.013791827484965324,0.05936039984226227,6.0,0.7331706285476685,0.02548304945230484,348.6499328613281,709.2998657226562,736.7670338689825,709.4178432507462,0.5586163487466007,7.955627552291844e-06,719,True,50,9,"['alpha', 'capacity']","v4.0-K[2,6]-phiapprox"
10218,0.0020488211885094643,0.20976723730564117,0.17217673361301422,2.0,0.5016657114028931,0.035660114139318466,585.8275146484375,1183.655029296875,1210.9098610599158,1183.777300039233,0.231638063587441,2.5307756459369557e-06,694,True,49,27,"['alpha', 'capacity']","v4.0-K[2,6]-phiapprox"
10220,0.009911681525409222,0.2691386640071869,0.27959898114204407,2.9782586097717285,1.0,0.13853350281715393,449.53546142578125,911.0709228515625,938.5297402658518,911.1890663114781,0.4301047204045382,7.6149290180183016e-06,718,True,50,36,"['alpha', 'kappa_s']","v4.0-K[2,6]-phiapprox"
10221,0.002995592076331377,0.30381447076797485,0.08372713625431061,5.0,0.8685969114303589,0.0010000000474974513,584.243896484375,1180.48779296875,1207.8539769641295,1180.60779296875,0.24780521570383662,0.05594668909907341,707,False,50,18,"['alpha', 'epsilon']","v4.0-K[2,6]-phiapprox"
10222,0.007694065570831299,0.13027843832969666,0.11965587735176086,3.0,0.6170511245727539,0.03520681709051132,385.400146484375,782.80029296875,810.1918827889622,782.9197808777116,0.50590657566506,0.06443167477846146,710,False,50,38,['alpha'],"v4.0-K[2,6]-phiapprox"
10224,0.0036918306723237038,0.1729414016008377,0.06691626459360123,4.999999523162842,0.8696155548095703,0.0010000000474974513,516.6469116210938,1045.2938232421875,1072.7442782857852,1045.4121331013425,0.3441111781406857,0.3611782491207123,717,False,50,22,"['alpha', 'epsilon']","v4.0-K[2,6]-phiapprox"
10225,0.09516091644763947,0.7886548638343811,0.7027856111526489,6.0,0.7564041614532471,0.055282317101955414,302.7030944824219,617.4061889648438,644.8230774873296,617.5251691348154,0.6135592838439969,8.614137186668813e-06,713,True,50,31,['capacity'],"v4.0-K[2,6]-phiapprox"
10226,0.0051054572686553,0.15241706371307373,0.0855749100446701,6.0,0.5463459491729736,0.10646315664052963,514.844482421875,1041.68896484375,1069.1477822580393,1041.8071083036657,0.3473096887008609,9.75743660092121e-06,718,True,49,33,"['alpha', 'capacity']","v4.0-K[2,6]-phiapprox"
10227,0.004972471389919519,0.11289254575967789,0.5003992319107056,2.0,1.0,0.10385265201330185,333.2669372558594,678.5338745117188,705.9843295553164,678.6521843708737,0.5769140317600165,8.599636203143746e-06,717,True,50,13,"['alpha', 'capacity', 'kappa_s']","v4.0-K[2,6]-phiapprox"
10228,0.012867611832916737,0.0010000000474974513,0.05642460659146309,2.999999761581421,0.42759644985198975,0.028791144490242004,296.0254211425781,604.0508422851562,631.4593097536281,604.1699912213264,0.6215534404456402,0.029602203518152237,712,False,48,11,['phi'],"v4.0-K[2,6]-phiapprox"
10229,0.08006589859724045,0.5863705277442932,0.9043886661529541,5.000000476837158,0.853891134262085,0.13634075224399567,478.38934326171875,968.7786865234375,996.1448705188169,968.8986865234375,0.3840894684058451,0.5223050117492676,707,False,50,35,[],"v4.0-K[2,6]-phiapprox"
10231,0.0011619885917752981,0.16503508388996124,0.06479522585868835,2.0,0.5218602418899536,0.1692429631948471,725.3311157226562,1462.6622314453125,1490.1210488596018,1462.7803749052282,0.08046680525937089,9.584432518749963e-06,718,True,50,11,"['alpha', 'capacity']","v4.0-K[2,6]-phiapprox"
10234,0.011388610117137432,0.1907893866300583,0.2552456557750702,3.0,0.6032767295837402,0.07158739864826202,344.6758728027344,701.3517456054688,728.7264101676311,701.4715744214459,0.5568679379987413,0.021713867783546448,708,False,50,33,[],"v4.0-K[2,6]-phiapprox"
10235,0.003647091332823038,0.12395745515823364,0.30263781547546387,2.0,0.5149906873703003,0.13618877530097961,466.4420166015625,944.884033203125,972.3595404751857,945.0018452648361,0.4103141382532379,9.985580618376844e-06,720,True,50,29,"['alpha', 'capacity']","v4.0-K[2,6]-phiapprox"
10236,0.005936162080615759,0.07977261394262314,0.24941661953926086,2.0,0.5480135679244995,0.05180441588163376,326.2024230957031,664.4048461914062,691.8636636056956,664.5229896513218,0.5864592739241877,9.670109648141079e-06,718,True,50,6,"['alpha', 'capacity']","v4.0-K[2,6]-phiapprox"
10239,0.008749780245125294,0.15572920441627502,0.2040269672870636,2.7391750812530518,1.0,0.1083386167883873,403.1415100097656,818.2830200195312,845.7418374338206,818.4011634794468,0.48892031157038374,8.085536137514282e-06,718,True,50,34,"['alpha', 'kappa_s']","v4.0-K[2,6]-phiapprox"
10240,0.3946046531200409,0.9262934923171997,0.827052652835846,6.0,0.7193474769592285,0.00843776948750019,171.44447326660156,354.8889465332031,382.36445380526374,355.00675859491423,0.7832562711727266,3.836803443846293e-06,720,True,49,30,"['capacity', 'epsilon']","v4.0-K[2,6]-phiapprox"
10241,0.0010000000474974513,0.03344622626900673,0.2016046643257141,2.517860174179077,1.0,0.1260250359773636,382.20001220703125,776.4000244140625,803.8755316861232,776.5178364757736,0.5168146617665335,6.779517207178287e-06,720,True,49,3,"['alpha', 'kappa_s']","v4.0-K[2,6]-phiapprox"
10242,0.010276450775563717,0.16784419119358063,0.3634240925312042,3.0,0.6445236206054688,0.03661581501364708,257.6035461425781,527.2070922851562,554.6742604314825,527.3250698132462,0.6738792035922794,0.12599611282348633,719,False,50,22,['alpha'],"v4.0-K[2,6]-phiapprox"
10243,0.004474538844078779,0.20542755722999573,0.14855888485908508,3.000011444091797,0.9344800710678101,0.07452820241451263,498.68133544921875,1009.3626708984375,1036.762705477257,1009.4819890802556,0.36157621221865643,0.31724339723587036,711,False,50,13,['alpha'],"v4.0-K[2,6]-phiapprox"
10245,0.12008007615804672,0.213414266705513,0.8746536374092102,4.84818172454834,-1.0,0.16142411530017853,363.50079345703125,739.0015869140625,766.4687550603887,739.1195644421524,0.539815464374729,6.190799922478618e-06,719,True,50,27,[],"v4.0-K[2,6]-phiapprox"
10246,0.021712832152843475,0.4004368782043457,0.45358267426490784,2.0,0.7053022384643555,0.09085763245820999,376.94720458984375,765.8944091796875,793.3281044358515,766.0130532474841,0.5201228923286607,6.870735887787305e-06,715,True,50,24,['capacity'],"v4.0-K[2,6]-phiapprox"
10248,0.015433269552886486,0.25859183073043823,0.4373551905155182,2.0,0.8791474103927612,0.07517477124929428,350.7161865234375,713.432373046875,740.8911904611643,713.5505165067906,0.5553821303807697,7.634796929778531e-06,718,True,50,37,['capacity'],"v4.0-K[2,6]-phiapprox"
