participant_id,alpha,phi,rho,capacity,epsilon,nll,aic,bic,aicc,pseudo_r2,grad_norm,n_trials,converged,n_successful_starts,n_near_best,at_bounds,parameterization_version
10000,0.008444834500551224,0.3573628067970276,0.9079369902610779,2.999999761581421,0.09421864151954651,744.0191040039062,1498.0382080078125,1522.5166214965518,1498.0993078041465,0.3145390953197287,0.3514198958873749,988,False,50,14,['alpha'],"v4.0-K[2,6]-phiapprox"
9187,0.02219690941274166,0.737434446811676,0.2924588918685913,6.0,0.1884143203496933,856.0576171875,1722.115234375,1746.6037590906433,1722.176209984756,0.212911895538623,6.471389497164637e-06,990,True,50,23,['capacity'],"v4.0-K[2,6]-phiapprox"
10002,0.03047286532819271,0.17697791755199432,0.955223798751831,2.289126396179199,0.10591193288564682,477.62469482421875,965.2493896484375,989.7176714214506,965.3106141382334,0.5590743074699025,0.006385320331901312,986,False,49,18,[],"v4.0-K[2,6]-phiapprox"
10003,0.007321360055357218,0.323168009519577,0.9394947290420532,2.774425506591797,0.0010000000474974513,632.6416015625,1275.283203125,1299.68512353593,1275.3452506948036,0.4081652598785058,0.007250924129039049,973,False,50,20,"['alpha', 'epsilon']","v4.0-K[2,6]-phiapprox"
10004,0.03808524087071419,0.10879706591367722,0.9877116680145264,2.898966073989868,0.0849309116601944,398.1574401855469,806.3148803710938,830.8034050867369,806.3758559808498,0.6339206864341278,7.464292593795108e-06,990,True,50,15,[],"v4.0-K[2,6]-phiapprox"
10005,0.014257259666919708,0.21872596442699432,0.9468432068824768,3.464359998703003,0.032106004655361176,427.783935546875,865.56787109375,890.0310792996105,865.6291581213292,0.6046845495882514,0.0004987046122550964,985,False,50,14,[],"v4.0-K[2,6]-phiapprox"
10006,0.023760689422488213,0.20106594264507294,0.9540607929229736,3.5038957595825195,0.03217102214694023,354.63739013671875,719.2747802734375,743.7481304706049,719.3359423529482,0.6729434004751704,9.988385500037111e-06,987,True,47,12,[],"v4.0-K[2,6]-phiapprox"
10016,0.009480657987296581,0.20695455372333527,0.8418070673942566,5.278375625610352,0.01387727353721857,411.3296203613281,832.6592407226562,857.1325909198237,832.720402802167,0.6206602274301865,0.00016149284783750772,987,False,50,9,['alpha'],"v4.0-K[2,6]-phiapprox"
10017,0.9990000128746033,0.17743785679340363,0.5730587840080261,6.0,0.1141587421298027,408.60516357421875,827.2103271484375,851.6786089214506,827.2715516382334,0.6227906206008831,7.342744538618717e-06,986,True,50,23,"['alpha', 'capacity']","v4.0-K[2,6]-phiapprox"
10018,0.01368560642004013,0.2940123379230499,0.9780579805374146,2.0521469116210938,0.037615396082401276,583.073486328125,1176.14697265625,1200.6152544292631,1176.208197146046,0.4617278303631579,0.00046052379184402525,986,False,50,34,[],"v4.0-K[2,6]-phiapprox"
10024,0.02936919778585434,0.247987300157547,0.9990000128746033,2.6021416187286377,0.03665521368384361,288.44854736328125,586.8970947265625,609.7794425718037,586.9813643894838,0.6343214725994599,0.0006242400268092752,718,False,43,18,['rho'],"v4.0-K[2,6]-phiapprox"
10025,0.0605006143450737,0.6059126853942871,0.4817936420440674,5.000000476837158,0.07930885255336761,282.2885437011719,574.5770874023438,594.7064172714703,574.7241462258731,0.3793475707628723,0.5292469263076782,414,False,50,42,[],"v4.0-K[2,6]-phiapprox"
10027,0.019363543018698692,0.19955599308013916,0.8765854835510254,2.9735586643218994,0.026749156415462494,302.32342529296875,614.6468505859375,637.5291984311787,614.7311202488588,0.6167316980085678,9.488588148087729e-06,718,True,49,15,[],"v4.0-K[2,6]-phiapprox"
10028,0.01832648180425167,0.8031218647956848,0.75728839635849,6.0,0.1296227127313614,706.0565185546875,1422.113037109375,1444.8612908205441,1422.1996171959552,0.08057176050921899,9.248364222003147e-06,699,True,50,12,['capacity'],"v4.0-K[2,6]-phiapprox"
10029,0.03709065169095993,0.24196964502334595,0.5235168933868408,3.868300437927246,0.03864022344350815,281.7564392089844,573.5128784179688,596.4091344780193,573.5969120314141,0.6437975509406701,4.806937795365229e-06,720,True,48,14,[],"v4.0-K[2,6]-phiapprox"
10030,0.03170064464211464,0.19769397377967834,0.8169859051704407,2.977778673171997,0.028152983635663986,247.2393341064453,504.4786682128906,527.3470690476938,504.56317525514413,0.685688630909518,7.050185558910016e-06,716,True,50,18,[],"v4.0-K[2,6]-phiapprox"
10031,0.028772598132491112,0.26626676321029663,0.7932940721511841,2.7348411083221436,0.0901341512799263,377.38671875,764.7734375,787.6627442886053,764.8575889726508,0.5222361682694857,7.67279834690271e-06,719,True,50,34,[],"v4.0-K[2,6]-phiapprox"
10035,0.010987667366862297,0.19252221286296844,0.9990000128746033,2.6997036933898926,0.0010000000474974513,330.67852783203125,671.3570556640625,694.2324348670606,671.4414438497165,0.5802000454171141,9.271592716686428e-06,717,True,48,4,"['alpha', 'rho', 'epsilon']","v4.0-K[2,6]-phiapprox"
10036,0.009334624744951725,0.4211388826370239,0.8854398727416992,2.664367914199829,0.0010000000474974513,522.2150268554688,1054.4300537109375,1077.277460813009,1054.5149193403577,0.333323138600512,9.750760909810197e-06,713,True,50,35,"['alpha', 'epsilon']","v4.0-K[2,6]-phiapprox"
10039,0.01065053977072239,0.23267419636249542,0.9121523499488831,3.0,0.0028572746086865664,364.71112060546875,739.4222412109375,762.2556033599537,739.5073475939163,0.5330880895047412,0.3320365250110626,711,False,50,11,"['alpha', 'epsilon']","v4.0-K[2,6]-phiapprox"
10041,0.006010116543620825,0.525205671787262,0.9990000128746033,2.0,0.18741106986999512,665.524169921875,1341.04833984375,1363.7750881454222,1341.1352963654892,0.12961752050121356,9.674258762970567e-06,696,True,50,30,"['alpha', 'rho', 'capacity']","v4.0-K[2,6]-phiapprox"
10043,0.06616590917110443,0.5648982524871826,0.5787829756736755,4.999999523162842,0.07369518280029297,511.10870361328125,1032.2174072265625,1055.0858080613657,1032.301914268816,0.350235766621231,0.6111657023429871,716,False,50,34,[],"v4.0-K[2,6]-phiapprox"
10044,0.06616590917110443,0.5648982524871826,0.5787829756736755,4.999999523162842,0.07369518280029297,511.10870361328125,1032.2174072265625,1055.0858080613657,1032.301914268816,0.350235766621231,0.6111657023429871,716,False,50,34,[],"v4.0-K[2,6]-phiapprox"
10047,0.011364167556166649,0.32163143157958984,0.9990000128746033,2.6866114139556885,0.03670984506607056,449.6939697265625,909.387939453125,932.2633186561231,909.472327638779,0.4291086593826239,9.855461939878296e-06,717,True,47,12,['rho'],"v4.0-K[2,6]-phiapprox"
10048,0.0010000000474974513,0.367938369512558,0.9990000128746033,2.0,0.0010000000474974513,635.832763671875,1281.66552734375,1304.435194363879,1281.7517342403016,0.1755556651443132,4.4255216380406637e-07,702,True,50,30,"['alpha', 'rho', 'capacity', 'epsilon']","v4.0-K[2,6]-phiapprox"
10050,0.018434224650263786,0.3953189253807068,0.8013977408409119,2.999999761581421,0.07171455025672913,464.1668701171875,938.333740234375,961.2091194373731,938.418128420029,0.41073515637201063,0.25289154052734375,717,False,50,23,[],"v4.0-K[2,6]-phiapprox"
10051,0.007114950567483902,0.22341497242450714,0.8100787997245789,5.0,0.0010000000474974513,353.3320007324219,716.6640014648438,739.4832790975044,716.7493499712449,0.5463799053749043,0.31263190507888794,709,False,50,7,"['alpha', 'epsilon']","v4.0-K[2,6]-phiapprox"
10052,0.016004027798771858,0.31289687752723694,0.8167532086372375,3.0,0.13548815250396729,499.2480163574219,1008.4960327148438,1031.3153103475045,1008.5813812212449,0.3590477739010405,0.2228674441576004,709,False,50,17,[],"v4.0-K[2,6]-phiapprox"
10055,0.03173740580677986,0.17814810574054718,0.942129373550415,3.7570486068725586,0.13812747597694397,360.962646484375,731.92529296875,754.8145997573553,732.0094444414008,0.543028706290523,9.07605226529995e-06,719,True,50,11,[],"v4.0-K[2,6]-phiapprox"
10057,0.010857471264898777,0.28799691796302795,0.8705694079399109,3.174792528152466,0.10902341455221176,505.54931640625,1021.0986328125,1043.9390223695598,1021.183618648194,0.3536926702424841,9.943043551174924e-06,712,True,47,31,['alpha'],"v4.0-K[2,6]-phiapprox"
10058,0.006204049568623304,0.2582976222038269,0.9990000128746033,2.1400017738342285,0.0010000000474974513,486.7674560546875,983.534912109375,1006.2688391631776,983.6217427895486,0.36431157425203475,9.011011570692062e-06,697,True,50,13,"['alpha', 'rho', 'epsilon']","v4.0-K[2,6]-phiapprox"
10059,0.008881486020982265,0.22365058958530426,0.9171032309532166,4.999999523162842,0.03560682758688927,317.94195556640625,645.8839111328125,668.7662589780537,645.9681807957338,0.596931420965195,0.7916923761367798,718,False,49,18,['alpha'],"v4.0-K[2,6]-phiapprox"
10062,0.027630219236016273,0.0010051924036815763,0.9990000128746033,3.9325504302978516,0.019156888127326965,175.90264892578125,361.8052978515625,384.6876456968036,361.8895675144839,0.7770007087467754,9.57637712417636e-06,718,True,50,6,"['phi', 'rho']","v4.0-K[2,6]-phiapprox"
10063,0.014994404278695583,0.3230132460594177,0.5322700142860413,6.0,0.2671145498752594,613.9124145507812,1237.8248291015625,1260.672236203634,1237.9096947309827,0.2162592406208731,7.060089956212323e-06,713,True,50,27,['capacity'],"v4.0-K[2,6]-phiapprox"
10064,0.010427203960716724,0.2295030653476715,0.8625504374504089,3.0,0.09548559039831161,465.0868835449219,940.1737670898438,963.0141566469036,940.2587529255378,0.40542089158396677,0.004276384133845568,712,False,46,16,['alpha'],"v4.0-K[2,6]-phiapprox"
10065,0.9847155809402466,0.8525155186653137,0.12494609504938126,6.0,0.0010000000474974513,264.3531494140625,538.706298828125,561.5956056167303,538.7904503007758,0.6653343445354312,6.392601335392101e-06,719,True,50,21,"['capacity', 'epsilon']","v4.0-K[2,6]-phiapprox"
10066,0.029991650953888893,0.19349195063114166,0.9735651016235352,3.147580623626709,0.06803573668003082,285.8958740234375,581.791748046875,604.5898242343412,581.8774623325893,0.6313971115199752,9.691209015727509e-06,706,True,50,1,[],"v4.0-K[2,6]-phiapprox"
10067,0.0022232658229768276,0.3817947506904602,0.8733147382736206,2.8642892837524414,0.0010000000474974513,609.4165649414062,1228.8331298828125,1251.7015307176157,1228.917636925066,0.2252585715560762,7.771743185003288e-06,716,True,50,23,"['alpha', 'epsilon']","v4.0-K[2,6]-phiapprox"
10071,0.029358351603150368,0.20111054182052612,0.9990000128746033,2.673091411590576,0.07552909851074219,309.89849853515625,629.7969970703125,652.693253130363,629.8810306837579,0.6082197643896406,4.999311386200134e-06,720,True,49,17,['rho'],"v4.0-K[2,6]-phiapprox"
10072,0.02331526018679142,0.2341296374797821,0.5977526903152466,5.190299034118652,0.03059612214565277,311.8716735839844,633.7433471679688,656.6256950132099,633.8276168308901,0.604626976365037,9.608942491468042e-06,718,True,48,13,[],"v4.0-K[2,6]-phiapprox"
10073,0.02331526018679142,0.2341296374797821,0.5977526903152466,5.190299034118652,0.03059612214565277,311.8716735839844,633.7433471679688,656.6256950132099,633.8276168308901,0.604626976365037,9.608942491468042e-06,718,True,48,13,[],"v4.0-K[2,6]-phiapprox"
10074,0.05999629572033882,0.7285186648368835,0.10929570347070694,6.0,0.10689670592546463,405.46282958984375,820.9256591796875,843.8010383826856,821.0100473653415,0.4852605684354414,9.32822331378702e-06,717,True,49,30,['capacity'],"v4.0-K[2,6]-phiapprox"
10075,0.021173657849431038,0.2109336256980896,0.8684341907501221,3.2033326625823975,0.12187951803207397,401.6856994628906,813.3713989257812,836.2467781287794,813.4557871114353,0.4900556758351998,6.421453235816443e-06,717,True,48,32,[],"v4.0-K[2,6]-phiapprox"
10076,0.0027866156306117773,0.3007250130176544,0.9576542973518372,2.999999761581421,0.0010000000474974513,510.94049072265625,1031.8809814453125,1054.7073062954894,1031.9662087180398,0.34496045474967973,0.1126374676823616,710,False,48,16,"['alpha', 'epsilon']","v4.0-K[2,6]-phiapprox"
10077,0.010487215593457222,0.15605562925338745,0.6539463996887207,6.0,0.0010000000474974513,333.6468200683594,677.2936401367188,700.182946925324,677.3777916093695,0.5776099812718679,9.115202374232467e-06,719,True,50,8,"['alpha', 'capacity', 'epsilon']","v4.0-K[2,6]-phiapprox"
10078,0.017178427428007126,0.1571383774280548,0.7397905588150024,3.141875743865967,0.06460130214691162,373.1401672363281,756.2803344726562,779.1696412612615,756.364485945307,0.5276122152314269,8.981620339909568e-06,719,True,50,9,[],"v4.0-K[2,6]-phiapprox"
10079,0.03648191690444946,0.33241501450538635,0.9990000128746033,2.0,0.03212220221757889,310.0730285644531,630.1460571289062,653.0353639175115,630.230208601557,0.6074539169424908,5.2148984650557395e-06,719,True,50,18,"['rho', 'capacity']","v4.0-K[2,6]-phiapprox"
10081,0.011996475048363209,0.2650781571865082,0.8199684619903564,3.772312641143799,0.0010000000474974513,370.1917419433594,750.3834838867188,773.251884721522,750.4679909289723,0.5293812222204397,0.0004221236740704626,716,False,48,16,['epsilon'],"v4.0-K[2,6]-phiapprox"
10083,0.02217543125152588,0.34075111150741577,0.516862154006958,2.596798896789551,0.058077480643987656,410.66229248046875,831.3245849609375,854.1013694199909,831.4106681747108,0.4682774857578579,9.761190995050129e-06,703,True,49,33,[],"v4.0-K[2,6]-phiapprox"
10084,0.04682445898652077,0.036404214799404144,0.9393043518066406,6.0,0.06436305493116379,219.96148681640625,449.9229736328125,472.7983528358106,450.0073618184665,0.7207565221095469,3.902833668689709e-06,717,True,50,25,['capacity'],"v4.0-K[2,6]-phiapprox"
10086,0.0010000000474974513,0.2739465832710266,0.9990000128746033,4.348540306091309,0.5494778752326965,621.5751342773438,1253.1502685546875,1275.3788676516153,1253.2464224008413,0.10193322299193353,6.59421630189172e-06,630,True,50,2,"['alpha', 'rho']","v4.0-K[2,6]-phiapprox"
10087,0.016532648354768753,0.19533419609069824,0.9019330143928528,4.004815101623535,0.06155474856495857,322.2814636230469,654.5629272460938,677.4173420577916,654.6476730088057,0.5891411341674966,9.259945727535523e-06,714,True,49,19,[],"v4.0-K[2,6]-phiapprox"
10088,0.02139968052506447,0.17890408635139465,0.984969973564148,3.7598371505737305,0.03267183527350426,240.330078125,490.66015625,513.5564123100505,490.7441898634454,0.6961696327115731,6.586300514754839e-06,720,True,50,12,[],"v4.0-K[2,6]-phiapprox"
10089,0.012263942509889603,0.23778633773326874,0.9369052052497864,3.000000238418579,0.018369879573583603,359.505859375,729.01171875,751.8801195848032,729.0962257922536,0.5429660120037478,0.3838721215724945,716,False,50,32,[],"v4.0-K[2,6]-phiapprox"
10092,0.023462381213903427,0.2016783505678177,0.9109001159667969,3.309448003768921,0.07737508416175842,330.47772216796875,670.9554443359375,693.8098591476354,671.0401900986494,0.5786921761294528,9.364866855321452e-06,714,True,50,21,[],"v4.0-K[2,6]-phiapprox"
10093,0.01595381088554859,0.4329715073108673,0.8576010465621948,2.0581908226013184,0.060366299003362656,505.1513977050781,1020.3027954101562,1043.143184967216,1020.3877812458503,0.35420137980823563,6.044190286047524e-06,712,True,50,20,[],"v4.0-K[2,6]-phiapprox"
10094,0.006450345739722252,0.3188181519508362,0.7759170532226562,3.0,0.04753534868359566,552.4734497070312,1114.9468994140625,1137.7661770467232,1115.0322479204635,0.2907150837895782,0.39940255880355835,709,False,50,38,['alpha'],"v4.0-K[2,6]-phiapprox"
10095,0.03985169157385826,0.46448785066604614,0.4961667060852051,4.999999523162842,0.03508331999182701,426.11236572265625,862.2247314453125,885.0651210023724,862.3097172810066,0.45524692383213106,0.496505469083786,712,False,50,37,[],"v4.0-K[2,6]-phiapprox"
10097,0.013735881075263023,0.33623114228248596,0.9990000128746033,2.1036996841430664,0.0556841641664505,470.5441589355469,951.0883178710938,973.9636970740919,951.1727060567478,0.4026391194933503,0.0020618014968931675,717,False,45,10,['rho'],"v4.0-K[2,6]-phiapprox"
10098,0.022129258140921593,0.21929486095905304,0.8799657225608826,2.8268885612487793,0.05287589132785797,325.27606201171875,660.5521240234375,683.3925135804974,660.6371098591316,0.5841586641491994,9.657283953856677e-06,712,True,50,14,[],"v4.0-K[2,6]-phiapprox"
10099,0.01384163461625576,0.2339644879102707,0.9834845066070557,2.4503822326660156,0.057348813861608505,398.7608642578125,807.521728515625,830.3761433273229,807.6064742783369,0.4916417637379824,6.798010872444138e-06,714,True,49,26,[],"v4.0-K[2,6]-phiapprox"
10101,0.032176364213228226,0.19432425498962402,0.9990000128746033,2.5514373779296875,0.08772160112857819,326.54827880859375,663.0965576171875,685.9579703306575,663.18118385132,0.5842838422950221,3.590355390770128e-06,715,True,49,18,['rho'],"v4.0-K[2,6]-phiapprox"
10102,0.04717139154672623,0.6336212158203125,0.19651544094085693,5.0,0.12496388703584671,457.9062805175781,925.8125610351562,948.6809618699594,925.8970680774098,0.417871147142609,0.0608779639005661,716,False,50,28,[],"v4.0-K[2,6]-phiapprox"
10103,0.30147215723991394,0.0010000000474974513,0.6570291519165039,5.0,0.08114034682512283,244.62034606933594,499.2406921386719,522.1299989272771,499.32484361132265,0.6903156681177446,0.03952101618051529,719,False,50,12,['phi'],"v4.0-K[2,6]-phiapprox"
10104,0.03841105476021767,0.36464667320251465,0.9990000128746033,2.123978614807129,0.27736714482307434,561.599609375,1133.19921875,1156.0606314634701,1133.2838449841327,0.28504895928470775,3.5490450045472244e-06,715,True,50,35,['rho'],"v4.0-K[2,6]-phiapprox"
10106,0.01296438742429018,0.26819735765457153,0.8673667907714844,2.8435401916503906,0.06942589581012726,444.8527526855469,899.7055053710938,922.594812159699,899.7896568437445,0.43682555553920455,9.887733540381305e-06,719,True,50,39,[],"v4.0-K[2,6]-phiapprox"
10107,0.007017084863036871,0.22737431526184082,0.9243990778923035,4.040044784545898,0.03460019826889038,396.17095947265625,802.3419189453125,825.1963337570104,802.4266647080244,0.4949434905288477,6.712165486533195e-06,714,True,50,16,['alpha'],"v4.0-K[2,6]-phiapprox"
10109,0.015165013261139393,0.2265559881925583,0.9990000128746033,3.7900137901306152,0.07538102567195892,345.1369934082031,700.2739868164062,723.1632936050115,700.358138289057,0.5630636579134984,4.441923465492437e-06,719,True,47,9,['rho'],"v4.0-K[2,6]-phiapprox"
10110,0.015165013261139393,0.2265559881925583,0.9990000128746033,3.7900137901306152,0.07538102567195892,345.1369934082031,700.2739868164062,723.1632936050115,700.358138289057,0.5630636579134984,4.441923465492437e-06,719,True,47,9,['rho'],"v4.0-K[2,6]-phiapprox"
10111,0.009419889189302921,0.3480949103832245,0.9990000128746033,2.3591909408569336,0.16257840394973755,575.6979370117188,1161.3958740234375,1184.243281125509,1161.4807396528577,0.26504509823813105,6.48395416646963e-06,713,True,50,7,"['alpha', 'rho']","v4.0-K[2,6]-phiapprox"
10112,0.0010000000474974513,0.2679443657398224,0.9990000128746033,2.3916640281677246,0.030235806480050087,568.34375,1146.6875,1169.492653329483,1146.7730920114122,0.26827613089364,5.169712494534906e-06,707,True,49,9,"['alpha', 'rho']","v4.0-K[2,6]-phiapprox"
10114,0.010645614005625248,0.26699212193489075,0.8284949660301208,2.0,0.0034143603406846523,471.58734130859375,953.1746826171875,975.9939602498481,953.2600311235886,0.3945595249086873,8.984648957266472e-06,709,True,50,32,"['alpha', 'capacity', 'epsilon']","v4.0-K[2,6]-phiapprox"
10115,0.05567386373877525,0.2875610291957855,0.4847168028354645,2.0,0.11912029981613159,363.7302551269531,737.4605102539062,760.2938724029225,737.545616636885,0.5343438169795499,5.581103778240504e-06,711,True,50,8,['capacity'],"v4.0-K[2,6]-phiapprox"
10116,0.008634327910840511,0.19070382416248322,0.7746292948722839,4.815728664398193,0.012583569623529911,362.8556823730469,735.7113647460938,758.5937125913349,735.7956344090151,0.5399923736763294,6.476142971223453e-06,718,True,47,17,['alpha'],"v4.0-K[2,6]-phiapprox"
10117,0.037821412086486816,0.18565109372138977,0.31010034680366516,6.0,0.05147769674658775,285.5512390136719,581.1024780273438,603.9638907408138,581.1871042614763,0.636475609843161,9.389681508764625e-06,715,True,46,8,['capacity'],"v4.0-K[2,6]-phiapprox"
10120,0.0010000000474974513,0.08501259237527847,0.9536222815513611,4.317399024963379,0.0010000050533562899,357.6385803222656,725.2771606445312,748.1385733580013,725.3617868786638,0.5447039653643928,5.495331606653053e-06,715,True,50,5,"['alpha', 'epsilon']","v4.0-K[2,6]-phiapprox"
10121,0.01565667800605297,0.3313615024089813,0.9360747337341309,2.7941904067993164,0.15304413437843323,513.5230712890625,1037.046142578125,1059.8795047271412,1037.1312489611037,0.3425754665749726,6.12909343544743e-06,711,True,50,35,[],"v4.0-K[2,6]-phiapprox"
10125,0.015532366931438446,0.3330520689487457,0.6933419108390808,3.000000238418579,0.03084089420735836,435.311279296875,880.62255859375,903.4979377967481,880.706946779404,0.44736763987569506,0.523751974105835,717,False,50,16,[],"v4.0-K[2,6]-phiapprox"
10126,0.034329939633607864,0.18050925433635712,0.9990000128746033,4.236289978027344,0.06895752996206284,261.89642333984375,533.7928466796875,556.6821534682928,533.8769981523383,0.6684445092667675,5.629503903037403e-06,719,True,49,10,['rho'],"v4.0-K[2,6]-phiapprox"
10128,0.02627566270530224,0.2862563133239746,0.3530213236808777,5.999999523162842,0.17659607529640198,488.6338195800781,987.2676391601562,1010.0586281742176,987.3534760700275,0.36911536164781866,6.735212537023472e-06,705,True,49,35,['capacity'],"v4.0-K[2,6]-phiapprox"
10130,0.005002736579626799,0.2096427083015442,0.8586006760597229,2.57010555267334,0.1388150453567505,601.5753784179688,1213.1507568359375,1235.998163938009,1213.2356224653577,0.23200910629885152,9.042873898579273e-06,713,True,50,8,['alpha'],"v4.0-K[2,6]-phiapprox"
10135,0.04792677238583565,0.5163272619247437,0.19041305780410767,6.0,0.14012432098388672,448.6457824707031,907.2915649414062,930.0754567221965,907.3775248267931,0.41992188911147,5.735631475545233e-06,704,True,50,39,['capacity'],"v4.0-K[2,6]-phiapprox"
10137,0.026196187362074852,0.19659575819969177,0.8342939615249634,4.813047885894775,0.03556588292121887,249.50115966796875,509.0023193359375,531.8846671811787,509.0865889988589,0.6836967372999012,9.948128536052536e-06,718,True,48,15,[],"v4.0-K[2,6]-phiapprox"
10139,0.007047736551612616,0.4050479531288147,0.9990000128746033,2.560248851776123,0.20438534021377563,624.3131103515625,1258.626220703125,1281.4172097171863,1258.7120576129962,0.19393718760368572,3.297271905466914e-05,705,True,48,8,"['alpha', 'rho']","v4.0-K[2,6]-phiapprox"
10140,0.018127964809536934,0.19491055607795715,0.8792482018470764,2.0,0.07241316884756088,393.5361633300781,797.0723266601562,819.9337393736263,797.1569528942888,0.4990041217352964,8.198565410566516e-06,715,True,50,10,['capacity'],"v4.0-K[2,6]-phiapprox"
10141,0.006973432842642069,0.219213604927063,0.9631785154342651,3.6222431659698486,0.06976529210805893,423.7066345214844,857.4132690429688,880.281669877772,857.4977760852223,0.46134860429679336,6.473330813605571e-06,716,True,48,23,['alpha'],"v4.0-K[2,6]-phiapprox"
10142,0.0305510051548481,0.21436691284179688,0.9990000128746033,3.3944883346557617,0.047931887209415436,250.8714599609375,511.742919921875,534.6322267104803,511.8270713945258,0.682401886373311,6.312878213066142e-06,719,True,50,14,['rho'],"v4.0-K[2,6]-phiapprox"
10143,0.025084881111979485,0.18067942559719086,0.8950678706169128,3.4615349769592285,0.07557156682014465,314.4212951660156,638.8425903320312,661.7318971206365,638.926741804682,0.6019491007692315,8.518069989804644e-06,719,True,50,26,[],"v4.0-K[2,6]-phiapprox"
10145,0.036007706075906754,0.0010000000474974513,0.9990000128746033,3.518726110458374,0.124457947909832,329.85064697265625,669.7012939453125,692.5487010473839,669.7861595747326,0.5789018263636009,6.031133125361521e-06,713,True,49,12,"['phi', 'rho']","v4.0-K[2,6]-phiapprox"
10147,0.01928163319826126,0.15325962007045746,0.9144361615180969,4.825922012329102,0.053352028131484985,259.3313903808594,528.6627807617188,551.531181596522,528.7472878039723,0.6703161952229946,7.684672709729057e-06,716,True,50,6,[],"v4.0-K[2,6]-phiapprox"
10148,0.007615379523485899,0.24291203916072845,0.8759272694587708,2.522798538208008,0.1551789492368698,565.0225219726562,1140.0450439453125,1162.8360329593738,1140.1308808551837,0.2704884206707294,5.391516424424481e-06,705,True,50,35,['alpha'],"v4.0-K[2,6]-phiapprox"
10149,0.00952721294015646,0.343848317861557,0.8229379057884216,2.7464005947113037,0.06045229732990265,536.6423950195312,1083.2847900390625,1106.132197141134,1083.3696556684827,0.31490468637061453,7.2834332058846485e-06,713,True,49,46,['alpha'],"v4.0-K[2,6]-phiapprox"
10150,0.055445510894060135,0.28348278999328613,0.6943755149841309,2.4001877307891846,0.11492080986499786,361.7573547363281,733.5147094726562,756.3761221861263,733.5993357067888,0.5394605107667612,4.736730716103921e-06,715,True,50,22,[],"v4.0-K[2,6]-phiapprox"
10151,0.011988651007413864,0.245282843708992,0.737938642501831,4.777388572692871,0.0010000000474974513,355.8351745605469,721.6703491210938,744.5457283240919,721.7547373067478,0.5482634112989988,5.084624353912659e-05,717,True,49,14,['epsilon'],"v4.0-K[2,6]-phiapprox"
10152,0.01913042925298214,0.2427585870027542,0.7722662091255188,2.99995756149292,0.09238221496343613,409.6191711425781,829.2383422851562,852.1276490737615,829.322493757807,0.4814305458242748,0.04776561260223389,719,False,50,11,[],"v4.0-K[2,6]-phiapprox"
10154,0.032775819301605225,0.3580838441848755,0.5960052609443665,2.0,0.03168690577149391,336.4690246582031,682.9380493164062,705.8134285194044,683.0224375020603,0.5728489472959986,9.978822163247969e-06,717,True,50,28,['capacity'],"v4.0-K[2,6]-phiapprox"
10155,0.011697638779878616,0.22400102019309998,0.6374942660331726,5.949779510498047,0.07128781825304031,433.4287414550781,876.8574829101562,899.7048900122277,876.9423485395763,0.44667062774205646,8.96752408152679e-06,713,True,46,11,[],"v4.0-K[2,6]-phiapprox"
10156,0.040156930685043335,0.00734412856400013,0.6240910887718201,2.999999761581421,0.07693412154912949,290.781982421875,591.56396484375,614.4043544008099,591.648950679444,0.6282567882068735,0.09064571559429169,712,False,49,32,['phi'],"v4.0-K[2,6]-phiapprox"
10157,0.004658395424485207,0.21308158338069916,0.9191569089889526,4.161400318145752,0.0010000000474974513,380.7416687011719,771.4833374023438,794.372644190949,771.5674888749945,0.5179888705658329,8.938684914028272e-06,719,True,48,12,"['alpha', 'epsilon']","v4.0-K[2,6]-phiapprox"
10158,0.04837974160909653,0.0486084520816803,0.44616684317588806,5.0,0.03941842541098595,221.6893310546875,453.378662109375,476.2470629441782,453.4631691516285,0.7181699368007826,0.08148465305566788,716,False,50,14,[],"v4.0-K[2,6]-phiapprox"
10159,0.021425964310765266,0.19895045459270477,0.9723311066627502,3.264512777328491,0.06754715740680695,313.1669006347656,636.3338012695312,659.2022021043344,636.4183083117848,0.6018759812305688,9.734175364428665e-06,716,True,50,20,[],"v4.0-K[2,6]-phiapprox"
10160,0.014558251947164536,0.2941012382507324,0.7433327436447144,2.5555081367492676,0.0380999818444252,436.8818054199219,883.7636108398438,906.6389900428419,883.8479990254978,0.4453738400379831,9.742705515236594e-06,717,True,50,22,[],"v4.0-K[2,6]-phiapprox"
10162,0.016367770731449127,0.19659142196178436,0.9774655103683472,3.8143577575683594,0.0852704644203186,339.5458679199219,689.0917358398438,711.9461506515416,689.1764816025557,0.5671316971711933,7.703766641498078e-06,714,True,50,9,[],"v4.0-K[2,6]-phiapprox"
10163,0.012738611549139023,0.2765048146247864,0.9483831524848938,3.870934009552002,0.16038981080055237,488.2950439453125,986.590087890625,1009.4793946792303,986.6742393632758,0.3818285074179433,9.727894394018222e-06,719,True,50,40,[],"v4.0-K[2,6]-phiapprox"
10164,0.004105946980416775,0.3819471597671509,0.7822692394256592,3.0,0.07259823381900787,634.0941162109375,1278.188232421875,1301.0775392104802,1278.2723838945258,0.19724987767945523,0.6698710918426514,719,False,50,34,['alpha'],"v4.0-K[2,6]-phiapprox"
10165,0.007616049610078335,0.31325873732566833,0.9990000128746033,2.3964595794677734,0.20554816722869873,609.2228393554688,1228.4456787109375,1251.293085813009,1228.5305443403577,0.22224610639785725,9.166150448436383e-06,713,True,49,11,"['alpha', 'rho']","v4.0-K[2,6]-phiapprox"
10166,0.013211587443947792,0.23009218275547028,0.8843075633049011,2.9466869831085205,0.07010448724031448,416.8266296386719,843.6532592773438,866.5076740890416,843.7380050400557,0.4686107156865884,6.43773364572553e-06,714,True,50,18,[],"v4.0-K[2,6]-phiapprox"
10168,0.04155343398451805,0.0010432407725602388,0.8388359546661377,2.830106019973755,0.08294692635536194,294.6699523925781,599.3399047851562,622.2222526303974,599.4241744480776,0.62643433206687,9.948264960257802e-06,718,True,50,13,['phi'],"v4.0-K[2,6]-phiapprox"
10169,0.021395912393927574,0.31013935804367065,0.9616995453834534,2.0,0.042790111154317856,374.403076171875,758.80615234375,781.6535594458214,758.89101797317,0.5220247314145914,0.02699589729309082,713,False,48,37,['capacity'],"v4.0-K[2,6]-phiapprox"
10170,0.044281791895627975,0.36165276169776917,0.37337830662727356,2.999999761581421,0.085006482899189,362.84942626953125,735.6988525390625,758.5812003843037,735.7831222019838,0.5400003048056131,0.06083528697490692,718,False,50,15,[],"v4.0-K[2,6]-phiapprox"
10171,0.015359118580818176,0.0010000000474974513,0.9806994795799255,3.0,0.08117413520812988,354.9626770019531,719.9253540039062,742.8077018491474,720.0096236668276,0.5499986732651119,0.06638786941766739,718,False,50,5,['phi'],"v4.0-K[2,6]-phiapprox"
10172,0.13864968717098236,0.9990000128746033,0.04887513443827629,2.0,0.1999647468328476,419.90618896484375,849.8123779296875,872.7016847182928,849.8965294023383,0.4684073926297886,2.3545778731204337e-06,719,True,49,49,"['phi', 'capacity']","v4.0-K[2,6]-phiapprox"
10174,0.015544157475233078,0.2833766043186188,0.9990000128746033,2.828355073928833,0.08614782243967056,415.7232360839844,841.4464721679688,864.3008869796666,841.5312179306807,0.4700173712830643,9.069643965631258e-06,714,True,50,35,['rho'],"v4.0-K[2,6]-phiapprox"
10175,0.009847719222307205,0.23511293530464172,0.700589656829834,3.0,0.054365113377571106,495.0630187988281,1000.1260375976562,1023.0014168006544,1000.2104257833103,0.3715121626736503,0.4902574419975281,717,False,50,40,['alpha'],"v4.0-K[2,6]-phiapprox"
10177,0.03460678458213806,0.21284770965576172,0.8524134755134583,2.0,0.12577275931835175,380.714111328125,771.42822265625,794.28963536972,771.5128488903825,0.5153273870472221,9.920884622260928e-06,715,True,50,20,['capacity'],"v4.0-K[2,6]-phiapprox"
10178,0.02119305357336998,0.2610340416431427,0.9990000128746033,2.6942994594573975,0.024165770038962364,301.4273376464844,612.8546752929688,635.7370231382099,612.9389449558901,0.6178677065410549,9.287372449762188e-06,718,True,47,10,['rho'],"v4.0-K[2,6]-phiapprox"
10179,0.0650823563337326,0.2163373827934265,0.9990000128746033,2.34559965133667,0.03017018735408783,196.12551879882812,402.25103759765625,425.11943843245945,402.33554463990976,0.7506687981100104,8.187518687918782e-06,716,True,50,8,['rho'],"v4.0-K[2,6]-phiapprox"
10180,0.007466305047273636,0.28100675344467163,0.9496797919273376,2.549997329711914,0.14098137617111206,559.6277465820312,1129.2554931640625,1152.0677136325312,1129.3409632495325,0.2805153569947064,6.61721878714161e-06,708,True,49,19,['alpha'],"v4.0-K[2,6]-phiapprox"
10181,0.007559141609817743,0.24597042798995972,0.9065008759498596,2.878112316131592,0.044768769294023514,477.1629333496094,964.3258666992188,987.215173487824,964.4100181718695,0.39592153069938585,7.678989277337678e-06,719,True,50,14,['alpha'],"v4.0-K[2,6]-phiapprox"
10182,0.00959785282611847,0.33521172404289246,0.8850050568580627,2.482903003692627,0.0010000000474974513,469.336669921875,948.67333984375,971.4000881454222,948.7602963654891,0.3861944720441053,0.008614146150648594,696,False,49,26,"['alpha', 'epsilon']","v4.0-K[2,6]-phiapprox"
10183,0.047269485890865326,0.5643008351325989,0.3051486909389496,6.0,0.23874139785766602,571.688720703125,1153.37744140625,1176.2667481948552,1153.4615928789008,0.27625382614172667,7.741479748801794e-06,719,True,50,23,['capacity'],"v4.0-K[2,6]-phiapprox"
10185,0.047119855880737305,0.4645390510559082,0.7274850010871887,5.0,0.30006760358810425,631.7944946289062,1273.5889892578125,1296.4153141079894,1273.6742165305398,0.19002234904491666,0.6504424810409546,710,False,50,35,[],"v4.0-K[2,6]-phiapprox"
10186,0.03409592807292938,0.012239350937306881,0.9606568217277527,3.0,0.06294563412666321,271.5540466308594,553.1080932617188,575.9904411069599,553.1923629246401,0.6557393518208057,0.1352437436580658,718,False,49,17,[],"v4.0-K[2,6]-phiapprox"
10191,0.033924784511327744,0.1875699758529663,0.47779521346092224,6.0,0.11083223670721054,357.58837890625,725.1767578125,747.9889782809686,725.2622278979701,0.5402669922791392,8.417113349423744e-06,708,True,49,16,['capacity'],"v4.0-K[2,6]-phiapprox"
10192,0.0010000000474974513,0.4331980347633362,0.9662074446678162,2.5901198387145996,0.025772208347916603,631.8604736328125,1273.720947265625,1296.5402248982857,1273.806295772026,0.18879522023187822,3.5571938497014344e-06,709,True,49,6,['alpha'],"v4.0-K[2,6]-phiapprox"
10196,0.020168762654066086,0.22745029628276825,0.746155321598053,3.8181843757629395,0.1038903295993805,396.45135498046875,802.9027099609375,825.7850578061787,802.9869796238588,0.49740170647272475,9.587244676367845e-06,718,True,50,32,[],"v4.0-K[2,6]-phiapprox"
10197,0.025419408455491066,0.24993020296096802,0.5137636661529541,4.757315635681152,0.07173211872577667,373.1599426269531,756.3198852539062,779.1882860887094,756.4043922961598,0.5256077966691721,7.45044826544472e-06,716,True,50,32,[],"v4.0-K[2,6]-phiapprox"
10198,0.0010000000474974513,0.31495484709739685,0.9989998936653137,3.0,0.2676936984062195,434.6159362792969,879.2318725585938,900.0903755456483,879.3587224528856,0.17410339515956996,0.641130805015564,479,False,45,13,"['alpha', 'rho']","v4.0-K[2,6]-phiapprox"
10199,0.03414328396320343,0.21920090913772583,0.9479370713233948,3.6337661743164062,0.08767464756965637,314.1547546386719,638.3095092773438,661.1358341275205,638.394736550071,0.5972450973190866,7.166008799686097e-06,710,True,50,21,[],"v4.0-K[2,6]-phiapprox"
10200,0.02077278308570385,0.2097301185131073,0.7309868335723877,3.0,0.10500367730855942,402.1917419433594,814.3834838867188,837.272790675324,814.4676353593695,0.49083351857826985,0.2099875956773758,719,False,50,23,[],"v4.0-K[2,6]-phiapprox"
10201,0.0119255892932415,0.24741345643997192,0.9695725440979004,2.138044834136963,0.10274285823106766,492.6969299316406,995.3938598632812,1018.2831666518865,995.478011335932,0.376255810205294,7.944292519823648e-06,719,True,49,12,[],"v4.0-K[2,6]-phiapprox"
10202,0.01277726236730814,0.17779411375522614,0.8739277124404907,3.797835350036621,0.08807412534952164,387.9504089355469,785.9008178710938,808.7831657163349,785.9850875340151,0.5081787183857138,8.99954466149211e-06,718,True,50,9,[],"v4.0-K[2,6]-phiapprox"
10203,0.031485818326473236,0.0010000589536502957,0.6004846096038818,6.0,0.07787683606147766,298.2397766113281,606.4795532226562,629.3479540574594,606.5640602649098,0.6208525927205921,2.2209922008187277e-06,716,True,50,17,"['phi', 'capacity']","v4.0-K[2,6]-phiapprox"
10204,0.013129913248121738,0.21442756056785583,0.8021450638771057,4.007745265960693,0.018621716648340225,336.1874694824219,682.3749389648438,705.2572868100849,682.4592086277651,0.5738008047029064,0.0029126161243766546,718,False,50,18,[],"v4.0-K[2,6]-phiapprox"
10208,0.019503546878695488,0.2886298894882202,0.46466732025146484,4.999999523162842,0.1418330818414688,479.9811096191406,969.9622192382812,992.6745790408153,970.0494285406069,0.3704645043008389,0.12734061479568481,694,False,49,39,[],"v4.0-K[2,6]-phiapprox"
10209,0.006751004606485367,0.11378802359104156,0.9990000128746033,2.4277923107147217,0.025798602029681206,441.0738220214844,892.1476440429688,915.0090567564388,892.2322702771013,0.43848574175918986,4.086426997673698e-06,715,True,50,1,"['alpha', 'rho']","v4.0-K[2,6]-phiapprox"
10212,0.026568235829472542,0.2445390522480011,0.7354866862297058,2.6587371826171875,0.1383506804704666,425.63397216796875,861.2679443359375,884.1363451707407,861.3524513781911,0.4588984111001666,4.600819920597132e-06,716,True,50,16,[],"v4.0-K[2,6]-phiapprox"
10215,0.009959032759070396,0.22474758327007294,0.5815673470497131,3.6928153038024902,0.0649569034576416,513.803466796875,1037.60693359375,1060.4962403823552,1037.6910850664008,0.3495353682122735,6.693434443150181e-06,719,True,49,17,['alpha'],"v4.0-K[2,6]-phiapprox"
10216,0.0036485535092651844,0.23929975926876068,0.8621264696121216,2.7730302810668945,0.0010000000474974513,546.8933715820312,1103.7867431640625,1126.6621223670606,1103.8711313497165,0.30571297127451647,6.762248176528374e-06,717,True,50,24,"['alpha', 'epsilon']","v4.0-K[2,6]-phiapprox"
10217,0.031248657032847404,0.22127538919448853,0.5547218322753906,3.000000238418579,0.07860802859067917,357.3386535644531,724.6773071289062,747.5666139175115,724.761458601557,0.5476166068645575,0.16217386722564697,719,False,50,22,[],"v4.0-K[2,6]-phiapprox"
10218,0.004046044312417507,0.37736305594444275,0.9644684791564941,2.0,0.015005904249846935,601.8936767578125,1213.787353515625,1236.4997133181591,1213.8745628179506,0.21056594402937345,9.838338883128017e-06,694,True,47,8,"['alpha', 'capacity']","v4.0-K[2,6]-phiapprox"
10220,0.03525812178850174,0.5539159774780273,0.24418561160564423,5.282615661621094,0.11248935759067535,470.4278869628906,950.8557739257812,973.7381217710224,950.9400435887026,0.40361850137493194,8.327319847012404e-06,718,True,50,37,[],"v4.0-K[2,6]-phiapprox"
10221,0.013246850110590458,0.6403082013130188,0.474884033203125,6.0,0.08272130787372589,633.705078125,1277.41015625,1300.215309579483,1277.4957482614122,0.18412557252899642,9.285553460358642e-06,707,True,49,12,['capacity'],"v4.0-K[2,6]-phiapprox"
10222,0.012108031660318375,0.2596158981323242,0.7692407965660095,3.0,0.004461777862161398,397.9814758300781,805.9629516601562,828.789276510333,806.0481789328835,0.4897769707445385,0.07839877903461456,710,False,50,35,['epsilon'],"v4.0-K[2,6]-phiapprox"
10224,0.006577933672815561,0.29815614223480225,0.5961352586746216,4.538673400878906,0.0010000000474974513,552.3211669921875,1114.642333984375,1137.5177131873731,1114.726722170029,0.29882232650962204,5.318170224200003e-06,717,True,50,28,"['alpha', 'epsilon']","v4.0-K[2,6]-phiapprox"
10225,0.027459770441055298,0.23180142045021057,0.8874024748802185,2.0,0.05182402953505516,310.0528259277344,630.1056518554688,652.9530589575402,630.1905174848888,0.6041763751950542,7.267053206305718e-06,713,True,50,10,['capacity'],"v4.0-K[2,6]-phiapprox"
10226,0.01127709075808525,0.2713814675807953,0.5665245652198792,6.0,0.11891670525074005,522.5704345703125,1055.140869140625,1078.0232169858662,1055.2251388035463,0.3375151696081733,9.10396374820266e-06,718,True,50,26,['capacity'],"v4.0-K[2,6]-phiapprox"
10227,0.015103309415280819,0.19595418870449066,0.7037898302078247,5.0,0.038112908601760864,332.42578125,674.8515625,697.7269417029981,674.935950685654,0.5779818883740276,0.020798858255147934,717,False,50,9,[],"v4.0-K[2,6]-phiapprox"
10228,0.02327140048146248,0.18273332715034485,0.7184205651283264,3.2294509410858154,0.035374194383621216,294.95355224609375,599.9071044921875,622.7474940492474,599.9920903278816,0.6229237453829735,7.297974661923945e-06,712,True,50,11,[],"v4.0-K[2,6]-phiapprox"
10229,0.016262922435998917,0.39469507336616516,0.9727097153663635,2.0,0.09492354094982147,493.9223327636719,997.8446655273438,1020.6498188568266,997.930257538756,0.3640912557446562,8.735889423405752e-06,707,True,50,31,['capacity'],"v4.0-K[2,6]-phiapprox"
10231,0.0010000000474974513,0.22310501337051392,0.9990000128746033,2.0,0.4369122385978699,733.6890869140625,1477.378173828125,1500.2605216733662,1477.4624434910463,0.06987104866684302,6.683498668280663e-06,718,True,50,1,"['alpha', 'rho', 'capacity']","v4.0-K[2,6]-phiapprox"
10234,0.012689614668488503,0.21677768230438232,0.8358245491981506,3.507899761199951,0.020902840420603752,347.6299133300781,705.2598266601562,728.0720471286248,705.3452967456263,0.5530700798560384,8.349280506081413e-06,708,True,50,19,[],"v4.0-K[2,6]-phiapprox"
10235,0.004255908075720072,0.21882206201553345,0.9179089665412903,4.285688400268555,0.10355023294687271,472.4205017089844,954.8410034179688,977.7372594780193,954.9250370314141,0.4027560109468772,3.5947787182522006e-06,720,True,46,22,['alpha'],"v4.0-K[2,6]-phiapprox"
10236,0.03299065679311752,0.2253793627023697,0.9990000128746033,2.0,0.07374763488769531,326.593017578125,663.18603515625,686.0683830014912,663.2703048191713,0.5859641006378307,0.00012178876204416156,718,False,50,3,"['rho', 'capacity']","v4.0-K[2,6]-phiapprox"
10239,0.022944767028093338,0.24402697384357452,0.8087563514709473,2.939035177230835,0.12896886467933655,422.8381042480469,855.6762084960938,878.5585563413349,855.7604781590151,0.4639500988870471,9.796219273994211e-06,718,True,50,26,[],"v4.0-K[2,6]-phiapprox"
10240,0.06058386713266373,0.18486766517162323,0.3604171574115753,4.477251052856445,0.015963183715939522,175.9480438232422,361.8960876464844,384.7923437065349,361.9801212599298,0.7775627620330933,5.139447239344008e-06,720,True,50,7,[],"v4.0-K[2,6]-phiapprox"
10241,0.07527467608451843,0.11770521849393845,0.5058445334434509,5.000000476837158,0.17237094044685364,382.8260803222656,775.6521606445312,798.5484167045818,775.7361942579766,0.5160231732151075,0.013679294846951962,720,False,50,18,[],"v4.0-K[2,6]-phiapprox"
10242,0.02409861981868744,0.21591848134994507,0.9806099534034729,3.6590113639831543,0.03757508471608162,260.42230224609375,530.8446044921875,553.7339112807928,530.9287559648383,0.6703107162825246,9.496312486589886e-06,719,True,50,9,[],"v4.0-K[2,6]-phiapprox"
10243,0.0070870546624064445,0.2822098433971405,0.7308488488197327,2.9772067070007324,0.015426630154252052,532.7323608398438,1075.4647216796875,1098.2980838287037,1075.5498280626662,0.31798327407883464,8.56941824167734e-06,711,True,50,11,['alpha'],"v4.0-K[2,6]-phiapprox"
10245,0.031117716804146767,0.0010000000474974513,0.8128806948661804,5.0,0.1399490088224411,361.02593994140625,732.0518798828125,754.9411866714178,732.1360313554633,0.5429485780744192,0.16831102967262268,719,False,50,10,['phi'],"v4.0-K[2,6]-phiapprox"
10246,0.022078445181250572,0.23184257745742798,0.8204172849655151,2.0,0.07507587969303131,384.4381408691406,778.8762817382812,801.7376944517513,778.9609079724138,0.5105864670900899,9.740896530274767e-06,715,True,50,39,['capacity'],"v4.0-K[2,6]-phiapprox"
10248,0.02513725683093071,0.26926255226135254,0.9990000128746033,2.0,0.06732557713985443,362.787353515625,735.57470703125,758.4570548764912,735.6589766941713,0.5400789970834825,9.685110853752121e-06,718,True,50,29,"['rho', 'capacity']","v4.0-K[2,6]-phiapprox"
