dataset,subject,nll,converged,true_alpha_pos,recovered_alpha_pos,true_alpha_neg,recovered_alpha_neg,true_phi,recovered_phi,true_rho,recovered_rho,true_capacity,recovered_capacity,true_epsilon,recovered_epsilon
0,0,1348.159912109375,True,0.7734081364588514,0.9970546364784241,0.43900068287254823,0.9990000128746033,0.8578807240715597,0.6496317982673645,0.6969732930012452,0.4251016080379486,1.5650640873258972,7.0,0.9746711069334825,0.9157311916351318
0,1,1472.7882080078125,True,0.7606174225863722,0.3154570758342743,0.7854921766663999,0.5675392150878906,0.12885740541019478,0.7223374843597412,0.450485166019776,0.4858493506908417,3.2247881453954874,3.182462692260742,0.9259114588709046,0.8687253594398499
0,2,662.306640625,True,0.6435773898405032,0.6423525214195251,0.8221160900442883,0.8097546100616455,0.4435273704296765,0.5221651792526245,0.22778424434120734,0.2582876980304718,4.327508722095009,2.9999020099639893,0.06468962159196698,0.0537896566092968
0,3,1294.73876953125,True,0.8269759096485969,0.8721495270729065,0.6314010703238208,0.39126232266426086,0.757571564605203,0.01376815140247345,0.3548169161936086,0.4604277014732361,6.824188146369419,5.944647789001465,0.8923348790795533,0.8957769274711609
0,4,1306.2281494140625,True,0.7778267300796143,0.7479218244552612,0.19524943043626364,0.2410992532968521,0.46678756171958014,0.959150493144989,0.04471615825565432,0.3273410499095917,1.925736952405287,3.0013253688812256,0.6826828553359697,0.5515528321266174
0,5,812.4117431640625,True,0.7442726315960015,0.6567404270172119,0.9665747129693416,0.965244710445404,0.3261737074218756,0.42261016368865967,0.37071878662279917,0.35747870802879333,3.8173348676548473,3.0001063346862793,0.19009241636611712,0.15869060158729553
0,6,1241.77001953125,True,0.1306616623248007,0.3093039393424988,0.4757535163734819,0.6433457732200623,0.22745553035278235,0.16167528927326202,0.6694743666931453,0.7584103345870972,3.6229115132339844,1.9826767444610596,0.8320128396657218,0.8366459012031555
0,7,1307.0631103515625,True,0.6998645717982446,0.5440208315849304,0.312741908099277,0.3026511073112488,0.8315952817924107,0.8460736274719238,0.8041548287818082,0.8127347230911255,3.3248702741810465,3.57163667678833,0.2887514477223836,0.2864917814731598
0,8,1395.741455078125,True,0.6821305129670255,0.6336849331855774,0.14047297864209118,0.15632309019565582,0.2005083860701581,0.30787232518196106,0.0083475452115035,0.20024044811725616,5.72154626501283,3.6633734703063965,0.6645211548788481,0.6572140455245972
0,9,758.194091796875,True,0.7047550478690824,0.5093152523040771,0.780167572959924,0.795557975769043,0.4589979439872633,0.49909839034080505,0.5686037135609879,0.8483614325523376,1.8387819887659447,1.2797305583953857,0.1153010133889015,0.10768730938434601
0,10,1061.42431640625,True,0.6680661558668907,0.9352242946624756,0.47115401373084626,0.989801824092865,0.5651056342682265,0.5449742078781128,0.7644688597011935,0.5934455990791321,4.808309920003545,7.0,0.5534722418566799,0.533458948135376
0,11,1165.0826416015625,True,0.5590887464239227,0.6005154252052307,0.304342197866487,0.3187175393104553,0.031756198898803524,0.0314607210457325,0.4368439544538976,0.8950257301330566,2.287508036917175,1.0,0.40871158643718686,0.4359315037727356
0,12,1416.493896484375,True,0.8526962671216298,0.7824114561080933,0.23447160689361007,0.22407440841197968,0.059186136205687884,0.13402843475341797,0.2818211242379525,0.3042411506175995,2.7615625466001017,2.8496952056884766,0.6615926816974412,0.6281496286392212
0,13,964.533203125,True,0.5569180880365958,0.48312604427337646,0.7833304126882007,0.8071323037147522,0.6639849132467328,0.6812981367111206,0.4065740877171904,0.36264315247535706,5.884122307996208,5.353747844696045,0.1676389740678885,0.1612636297941208
0,14,1364.6385498046875,True,0.023666648987592756,0.03490237519145012,0.09086776505409047,0.11727239191532135,0.7219146318952574,0.7203797698020935,0.4619534757908846,0.3688289523124695,1.9676306742016108,4.998237133026123,0.5010426855531568,0.4867139756679535
0,15,1253.5140380859375,True,0.15300747850774207,0.17800387740135193,0.6959277343275806,0.7156776189804077,0.4462639630228826,0.4870239496231079,0.3812591836442895,0.35741186141967773,2.8090725348872594,6.040696620941162,0.6300220279326507,0.6533520817756653
0,16,1343.6817626953125,True,0.3620889853322836,0.9990000128746033,0.0884746194774688,0.9990000128746033,0.11876989031627429,0.26254692673683167,0.9609738692204155,0.7455458045005798,6.451484144245642,3.381157398223877,0.6993077195431281,0.6869698166847229
0,17,1202.322998046875,True,0.26633822153660053,0.2416052222251892,0.9682380245930284,0.9596315622329712,0.778193402157863,0.7922133803367615,0.7164564087806776,0.6307932138442993,3.696169012862732,6.027060508728027,0.2726970787214687,0.2228509783744812
0,18,1217.485107421875,True,0.0971981802291923,0.08881791681051254,0.901797191750754,0.9277675747871399,0.45586473725394383,0.7164078950881958,0.20295863806563985,0.4187972843647003,2.835739744903915,1.9296653270721436,0.5790611298040121,0.5399174094200134
0,19,1345.591064453125,True,0.17741923737335324,0.2466406226158142,0.8559010555241907,0.7906196117401123,0.7580024907755397,0.6126282215118408,0.7190240300390349,0.6895670294761658,3.5925582386506223,1.9984755516052246,0.6270542230210383,0.6522436738014221
0,20,1173.294921875,True,0.5839297729749101,0.5335773825645447,0.6495469083517104,0.5957925915718079,0.08527543249760931,0.2310626208782196,0.4159757873662684,0.24195976555347443,1.2496850431713549,6.902933597564697,0.49400283760602987,0.483562171459198
0,21,1395.0306396484375,True,0.33020148990811976,0.3953482508659363,0.14523514048831482,0.6893313527107239,0.10419616178710654,0.491280198097229,0.5874692830333567,0.7765007019042969,2.0235578112213166,5.18007755279541,0.9242698781400436,0.8797203898429871
0,22,1087.384765625,True,0.5808990174209941,0.5238983631134033,0.3471760649257674,0.29149726033210754,0.5907336604984539,0.0010000000474974513,0.023758263287638103,0.39698469638824463,6.751355279448672,1.4470409154891968,0.48233883006901446,0.4401012063026428
0,23,1299.3359375,True,0.7821697567957856,0.7704070806503296,0.08356453992259369,0.09970127046108246,0.486685014176484,0.47014299035072327,0.4907255803658119,0.5904518961906433,6.626958729849897,7.0,0.5715845962713232,0.5399375557899475
0,24,620.4175415039062,True,0.4735424222548399,0.41798701882362366,0.2674417117657098,0.2634066641330719,0.3319058593478671,0.3477354645729065,0.5206310576665947,0.5126038789749146,3.6334687618302803,3.895474672317505,0.022568855720569766,0.013994182460010052
0,25,1339.248291015625,True,0.8256393403459691,0.8018437623977661,0.8953684502960871,0.4792468845844269,0.14096859082061355,0.21271741390228271,0.5539280712519713,0.4105643033981323,1.6514544468126613,3.6079728603363037,0.6718956128537321,0.6273829936981201
0,26,1512.1595458984375,True,0.2816713162713303,0.9990000128746033,0.659103789422518,0.59919673204422,0.7265406250583089,0.8861779570579529,0.7681101969338217,0.9385846853256226,1.6464456757353794,1.7848341464996338,0.9151798214473327,0.7714636921882629
0,27,1514.2547607421875,True,0.23075356291309104,0.3648608326911926,0.03833773106382742,0.03997165337204933,0.5547427644527004,0.9605681300163269,0.3711804392947139,0.697163999080658,5.978738458794479,3.601304054260254,0.8076349691201732,0.7142468094825745
0,28,1505.6390380859375,True,0.3175046150370699,0.38377097249031067,0.9519935962796054,0.07812701910734177,0.2913360024638384,0.9877281785011292,0.5150270149732511,0.9942532777786255,2.5357905434056165,2.9999938011169434,0.9351714829088654,0.7855637073516846
0,29,1358.843505859375,True,0.16527860194685412,0.0010000000474974513,0.04582079815354433,0.5947896838188171,0.4352268658830319,0.2601606547832489,0.9913908129277254,0.9990000128746033,6.350063597529484,4.460532188415527,0.7481108034180353,0.7550689578056335
0,30,1289.096435546875,True,0.8900109058967678,0.4722694158554077,0.8926597464184675,0.8755996823310852,0.5188206436656762,0.44508764147758484,0.31629719372713144,0.30853620171546936,5.632074592665928,6.833725929260254,0.6613379406414256,0.6626107096672058
0,31,985.6856079101562,True,0.37391041341596265,0.34948158264160156,0.09527773472539224,0.09613137692213058,0.7462960321263279,0.771685779094696,0.262935594891019,0.2935931384563446,6.620878903202676,6.054792881011963,0.24148863385567337,0.20896758139133453
0,32,1326.31103515625,True,0.12351241654666305,0.04957370460033417,0.8304504467806563,0.13420626521110535,0.15397774799124506,0.9990000128746033,0.1799097715414236,0.8966665267944336,4.596296749125061,4.145622253417969,0.8738129167557895,0.3777638077735901
0,33,1132.8131103515625,True,0.1970417963831441,0.3360147774219513,0.3107030255542946,0.34426942467689514,0.7768500285646952,0.8252769112586975,0.9708827732088454,0.9731619954109192,4.004447117214054,3.8717477321624756,0.14460970754614827,0.09560883790254593
0,34,1122.979248046875,True,0.014908415132785142,0.004985571838915348,0.23019671793885754,0.17599251866340637,0.132558573350948,0.33200883865356445,0.6773033562656318,0.5962120890617371,1.7309950277711867,2.5831146240234375,0.5063172717573917,0.478161096572876
0,35,1436.10986328125,True,0.6938739107716007,0.0010000000474974513,0.5809543760024606,0.9425970911979675,0.2003761003567375,0.19417130947113037,0.8035162771298981,0.7764490246772766,5.29244277769481,7.0,0.7385060359077107,0.6634901165962219
0,36,1233.8739013671875,True,0.1317956360541986,0.1634475439786911,0.12450629604304392,0.14924068748950958,0.9267074259044946,0.9563032388687134,0.39778303743729077,0.5159187912940979,2.8056921506856387,4.778107166290283,0.48860687726083024,0.2722885310649872
0,37,1046.1212158203125,True,0.6625384843380553,0.9681010246276855,0.954712010532876,0.9796820878982544,0.2868733344282909,0.2701670229434967,0.9239588124534031,0.4099365472793579,1.149156948317538,2.6307661533355713,0.555087646242171,0.48570501804351807
0,38,1161.051513671875,True,0.633707161457723,0.72706538438797,0.10668560894325178,0.0833582878112793,0.1410589178697848,0.16404221951961517,0.41927609067767124,0.6636294722557068,6.79739147285909,2.414984941482544,0.5958504681279041,0.552754282951355
0,39,770.1625366210938,True,0.9321571751570108,0.9596657752990723,0.8037521937817448,0.8141189217567444,0.4674468383521809,0.6181277632713318,0.784193922353683,0.35465583205223083,1.1070207038619264,2.917970895767212,0.10992570877220346,0.07921049743890762
0,40,1325.9412841796875,True,0.8287697576529709,0.015528550371527672,0.7962234541485114,0.9847730398178101,0.23317546048250082,0.10323412716388702,0.5307080514178554,0.479322224855423,4.636094924200066,6.395503997802734,0.8670034758684592,0.7802291512489319
0,41,1142.658935546875,True,0.6029009430240482,0.8113475441932678,0.41274642613513296,0.3491564691066742,0.3744356753203683,0.2779842019081116,0.42603032220076287,0.4494461119174957,4.9115861534798455,6.2138872146606445,0.8667556504888202,0.8303930163383484
0,42,776.7288818359375,True,0.4539890883121471,0.3846149742603302,0.2483438838254554,0.22406788170337677,0.237189038271586,0.235720694065094,0.7455222516829595,0.7353302240371704,5.899412580543462,5.742086410522461,0.10606752369441672,0.11858044564723969
0,43,761.9352416992188,True,0.06742573924126781,0.045065585523843765,0.5942447964289389,0.6135974526405334,0.1468808977043129,0.1330687552690506,0.8240148620754286,0.8618239760398865,2.8620080435444466,3.71368145942688,0.14458418910520035,0.16322290897369385
0,44,394.9538879394531,True,0.9201285315424753,0.8953654170036316,0.1662006592898076,0.16468502581119537,0.2851506421732597,0.29379594326019287,0.15430616840167452,0.15309423208236694,1.6929403819921298,1.5975311994552612,0.022105720303767156,0.019160546362400055
0,45,1021.7623291015625,True,0.05628461834593159,0.06486784666776657,0.175292187993981,0.17248037457466125,0.05427516876192104,0.07141542434692383,0.5909615284787493,0.6195197105407715,5.084287160797039,3.7896974086761475,0.3938431959183642,0.3997216820716858
0,46,919.3849487304688,True,0.3183551147581453,0.32837074995040894,0.5045171845481856,0.6041989326477051,0.8742549323501393,0.8648709654808044,0.8504293635685616,0.5781029462814331,1.2608503720767517,1.9393432140350342,0.18213541277733103,0.21293272078037262
0,47,1032.6533203125,True,0.23727138136218723,0.20290601253509521,0.2498888006805474,0.21100828051567078,0.5710901864392872,0.2256881296634674,0.4164299008517859,0.28808343410491943,1.295524719565564,1.8929144144058228,0.37386691018265245,0.38438835740089417
0,48,637.1787719726562,True,0.5237054428202019,0.5348607897758484,0.10246855909790854,0.1023065447807312,0.8327916366809825,0.8735858201980591,0.05285794273217405,0.10343797504901886,6.549051214108372,1.0627570152282715,0.09991491529671574,0.10708187520503998
0,49,1367.711669921875,True,0.8428878016945572,0.5314810872077942,0.9018478376397618,0.9005035758018494,0.9786115392254195,0.6751667857170105,0.8014218285130463,0.7815403342247009,5.676865244627973,1.9969780445098877,0.6421983094435566,0.8992558717727661
1,0,1408.8094482421875,True,0.6641074136585181,0.8120158910751343,0.4803422958378181,0.634414553642273,0.8994462114936767,0.9990000128746033,0.3086207474810451,0.0010000000474974513,2.6749610393151078,1.0419191122055054,0.8592744605083613,0.8782769441604614
1,1,1230.2139892578125,True,0.2653644040386732,0.0010000000474974513,0.8863314679772147,0.9990000128746033,0.8998418402617222,0.6216931343078613,0.6498736244973617,0.6819334626197815,4.524210095239778,6.070492267608643,0.8204042463474616,0.8524549007415771
1,2,1389.37890625,True,0.5689993859454137,0.6936997175216675,0.01896916068382376,0.28594884276390076,0.5418559664908246,0.5764803290367126,0.8917887591108522,0.9951384663581848,5.461156303784277,4.971065998077393,0.7197910622712809,0.7562226057052612
1,3,924.9562377929688,True,0.01263751680494354,0.012586130760610104,0.37622314332027307,0.3865470886230469,0.8473160492257071,0.962237536907196,0.02891719137955148,0.16054365038871765,1.4784623177413085,6.186967372894287,0.2536533525700423,0.10748378187417984
1,4,979.1467895507812,True,0.6810843712499934,0.9821987748146057,0.778321202939079,0.8983888626098633,0.2034174073471856,0.20862515270709991,0.8383255924406395,0.8703923225402832,3.896750858540213,3.439692735671997,0.33317221560276755,0.3169920742511749
1,5,772.416748046875,True,0.2890467270113982,0.2774566411972046,0.5421555839036124,0.5272510647773743,0.8578913630338733,0.8430125713348389,0.46546022537020876,0.48289239406585693,2.335928099163211,2.126793146133423,0.012394422957972162,0.0010000000474974513
1,6,1187.9210205078125,True,0.9112483475688381,0.8357524275779724,0.9467927172633879,0.9352766871452332,0.01647179422146016,0.9990000128746033,0.055442309906285854,0.21414825320243835,1.635278537529789,1.924830675125122,0.5317106840899171,0.4942375421524048
1,7,913.3842163085938,True,0.9076050607836081,0.6678832173347473,0.23850174003385752,0.3350669741630554,0.6202545862332172,0.6301522254943848,0.8832922413457441,0.8324887752532959,5.298063689214691,6.035364627838135,0.03750284254533904,0.055190566927194595
1,8,1433.091064453125,True,0.2081926459889241,0.27440816164016724,0.10410455123457256,0.1313084363937378,0.712060223314786,0.0010000000474974513,0.3472951297644991,0.22270190715789795,5.927017916184996,3.323787212371826,0.6537576519886842,0.7470411062240601
1,9,925.9661865234375,True,0.1265830289349912,0.08258485794067383,0.15648649747789678,0.11542577296495438,0.514096713848963,0.5589695572853088,0.6819206342044017,0.6557188630104065,4.7785043415832735,4.076568603515625,0.16985043218823664,0.13795973360538483
1,10,1089.4755859375,True,0.7882800138292405,0.8635206818580627,0.9602687617524799,0.9844933152198792,0.41896688449988684,0.43302860856056213,0.5947481712861178,0.5738449692726135,5.9282579101963995,5.283977031707764,0.3851915722323393,0.34786227345466614
1,11,1145.5101318359375,True,0.7282119855255113,0.799380898475647,0.8648501076822958,0.8469712734222412,0.6903017502465956,0.6957905292510986,0.2612394750521237,0.39186039566993713,4.771488329464175,2.4121854305267334,0.41121216151558454,0.37920475006103516
1,12,1338.3876953125,True,0.2441429220296785,0.9990000128746033,0.09215147671281292,0.2363099306821823,0.7915876345132005,0.9990000128746033,0.6840328546661372,0.933803141117096,1.8408760192236233,5.402709484100342,0.9670019755718701,0.2309507131576538
1,13,920.0528564453125,True,0.8748629790290753,0.8852233290672302,0.33553746809149976,0.347900390625,0.31773889910337827,0.2940603196620941,0.4268549144620434,0.5673336386680603,6.984137146928708,4.193163871765137,0.2448810385086398,0.22585254907608032
1,14,1329.750732421875,True,0.18790504799640317,0.2628100514411926,0.8752543543435392,0.9156278371810913,0.6840598336294965,0.6664262413978577,0.47025812794670985,0.5774940848350525,5.70034912685327,3.7465901374816895,0.5436369379116405,0.5915513634681702
1,15,1202.7730712890625,True,0.38953443803789967,0.36373838782310486,0.25640352470768,0.22774745523929596,0.9432490466568283,0.9281321167945862,0.6115552633840847,0.561033308506012,6.594176356120061,6.813060760498047,0.06660944988599758,0.0993986427783966
1,16,1352.08154296875,True,0.04964012964609497,0.07895834743976593,0.6793431127927463,0.5870106220245361,0.4195446093233476,0.10920273512601852,0.14015265712912875,0.14585912227630615,3.676374619888218,5.0005316734313965,0.5806101718083564,0.5798113942146301
1,17,762.2185668945312,True,0.04494170283320061,0.039720676839351654,0.468535860029014,0.3709659278392792,0.6350457849270252,0.6098651885986328,0.18110399917651493,0.2125314325094223,5.893664665251634,6.5816650390625,0.020698822836622114,0.003950265236198902
1,18,879.5101928710938,True,0.8490763839170867,0.9542275667190552,0.5167272134371136,0.5247864723205566,0.9648794402504701,0.9501728415489197,0.7583863025511585,0.48218461871147156,1.2778727613066272,2.194952964782715,0.052665294808455665,0.0010000000474974513
1,19,1189.3179931640625,True,0.9850305702287532,0.9990000128746033,0.6500932135130836,0.5206462144851685,0.2337282986488855,0.4483039379119873,0.5958038492605198,0.46177399158477783,1.381265097782408,1.9069868326187134,0.6512507519822556,0.6159074306488037
1,20,1421.94921875,True,0.44664133321446636,0.6321669816970825,0.207155221511742,0.2681710422039032,0.352052775184799,0.7319397926330566,0.31054820331246386,0.7173244953155518,4.779977264662508,1.660398006439209,0.7240678790096172,0.6992624402046204
1,21,1198.3267822265625,True,0.018144151168708666,0.021087685599923134,0.2700473856381863,0.12206070870161057,0.30232165461778376,0.1961720883846283,0.6774170460532248,0.5809141397476196,2.8720310701552085,2.4512436389923096,0.5362023019366003,0.548916220664978
1,22,1306.3975830078125,True,0.8351610546349572,0.9132318496704102,0.8727105612569864,0.9520821571350098,0.7945149485248093,0.2522851228713989,0.37212974769549145,0.38486939668655396,5.1743212366587645,3.000717878341675,0.6508071145814938,0.7112202048301697
1,23,1282.0263671875,True,0.6394344116281828,0.5212680697441101,0.9822580256228067,0.9563776850700378,0.4468807545572861,0.9469685554504395,0.06099247265305589,0.2185361534357071,4.196252382258496,5.442466735839844,0.5410190971156709,0.44439786672592163
1,24,1276.9368896484375,True,0.3330779187955817,0.3356674611568451,0.2877030022007904,0.3340984880924225,0.9571818174303417,0.9817767143249512,0.6650465259808952,0.8478865623474121,3.428977239365265,4.511562824249268,0.506458967629819,0.0010000000474974513
1,25,1185.4256591796875,True,0.918516115070364,0.9149541258811951,0.5358405128464124,0.5295845866203308,0.5279203247198864,0.5708596110343933,0.48024944730407554,0.4492626190185547,6.3879620813547895,5.4781975746154785,0.3202677221541614,0.2957971394062042
1,26,1319.8408203125,True,0.9220163406779388,0.9458092451095581,0.28506301099174675,0.34110507369041443,0.7769740614408712,0.7734425067901611,0.9251944812595371,0.9990000128746033,5.352545281866815,5.000295162200928,0.4282779524318773,0.3702026307582855
1,27,1196.8397216796875,True,0.777842480407636,0.7880662679672241,0.18270648229733752,0.057831063866615295,0.7656071238207076,0.7497758865356445,0.821142541851702,0.8443623781204224,3.8928572980655827,3.848933458328247,0.48622991376437186,0.48139598965644836
1,28,1319.6180419921875,True,0.7592651773632114,0.6480324268341064,0.40695759769339324,0.3786624073982239,0.39237535885314817,0.028593072667717934,0.028910877199172798,0.11736447364091873,2.1525250603275925,5.818768501281738,0.7758567758230155,0.6942521929740906
1,29,997.3126220703125,True,0.30613501899156303,0.19267193973064423,0.8955786700945015,0.4979216158390045,0.05196166777094904,0.0202835351228714,0.565419348876468,0.6961755156517029,4.422550867960847,5.0003228187561035,0.2944867089258066,0.2918364107608795
1,30,965.0145263671875,True,0.04923712369405487,0.0545634850859642,0.565427416969243,0.5089494585990906,0.6007035131749265,0.006723165977746248,0.04957786378483164,0.07692670077085495,2.539035387818255,6.520453929901123,0.16660319070446142,0.1954452246427536
1,31,969.0844116210938,True,0.7763816108212322,0.816615879535675,0.13057794456122987,0.1387321799993515,0.5079816648209193,0.5375508069992065,0.7766807223726798,0.7307658195495605,1.8599393665183097,1.990935206413269,0.2438899668099644,0.23324985802173615
1,32,1309.6356201171875,True,0.7725891051159136,0.8429620265960693,0.8791404174977812,0.7856472730636597,0.4332940031718755,0.3967624008655548,0.7981082930539919,0.7848828434944153,6.8010604051424135,4.999992847442627,0.4747691133285163,0.4786055386066437
1,33,1407.426513671875,True,0.0891655650428351,0.1577948033809662,0.2904064024444545,0.2773486077785492,0.11407451183843471,0.11190491169691086,0.6582368915778598,0.5118020176887512,3.704806795762754,3.000450372695923,0.799582370537397,0.746655285358429
1,34,1329.1563720703125,True,0.9494681753598162,0.27056190371513367,0.04824995247904378,0.25963327288627625,0.4719281696477957,0.3927452564239502,0.5991851249563721,0.9990000128746033,6.564228620160222,2.999847173690796,0.7813074735046593,0.8323270678520203
1,35,945.1749267578125,True,0.4309611928900364,0.1875910758972168,0.1516183161884712,0.10750847309827805,0.10555137684512297,0.10520311444997787,0.8294485127348915,0.7944856286048889,4.375163311042336,5.000033378601074,0.2744004914272564,0.2533837854862213
1,36,1105.24169921875,True,0.5830275162282262,0.6491972208023071,0.22580362615107333,0.23850157856941223,0.6609858595540936,0.21111898124217987,0.09833991137369699,0.22956699132919312,5.616121195769845,5.0001349449157715,0.4866041225475273,0.4688568115234375
1,37,898.2930297851562,True,0.27179239318361037,0.2956843674182892,0.6932617690889185,0.7408976554870605,0.5893945515231728,0.5289633870124817,0.4513644010700027,0.46578994393348694,6.419101575878659,4.7901177406311035,0.1247977456475189,0.15250465273857117
1,38,1397.7879638671875,True,0.03743527480286965,0.06795170158147812,0.3604188869426575,0.4535476267337799,0.6393195196886257,0.6563778519630432,0.8060084311198406,0.6124774217605591,3.08698986005325,3.164489269256592,0.7834847065355164,0.7887985110282898
1,39,1058.0360107421875,True,0.2015732785166469,0.4065740406513214,0.056491707122758625,0.061524514108896255,0.05731273911154952,0.12558095157146454,0.2539822099165123,0.22294698655605316,4.857278110668874,6.045979976654053,0.38939055938594397,0.3676433861255646
1,40,1449.5679931640625,True,0.2589848580769293,0.18459735810756683,0.16508949896138167,0.09314393997192383,0.9448964198880833,0.8838425874710083,0.740733526334195,0.6081770658493042,4.180300509571486,3.6295323371887207,0.5384708769968625,0.642684280872345
1,41,1017.6124267578125,True,0.3950874188403028,0.4498271942138672,0.03799438305422614,0.03804544359445572,0.7497543122099513,0.7221611142158508,0.48542046063972144,0.5153093934059143,1.7620008454030995,1.9379959106445312,0.2600315331953751,0.21111151576042175
1,42,1444.44140625,True,0.7462915986087097,0.4945957064628601,0.5966479238486474,0.963302493095398,0.9371701098820394,0.9990000128746033,0.10409598449487878,0.6972019076347351,3.0745350891302548,4.118493556976318,0.7820853261498112,0.4409332871437073
1,43,1059.452880859375,True,0.08814757730305393,0.06285866349935532,0.9364922196139923,0.901268482208252,0.6013654559032248,0.022837283089756966,0.027075429925509452,0.06572146713733673,3.0657474602067096,2.4875314235687256,0.510343141731647,0.5052366256713867
1,44,1431.2333984375,True,0.18506579405422205,0.704342246055603,0.06980120020217812,0.13337354362010956,0.7652418859885756,0.8422574996948242,0.9006210495906793,0.9990000128746033,3.4355762911569108,4.4686784744262695,0.8491867500059077,0.7777459621429443
1,45,1164.79248046875,True,0.7892729541099266,0.4772041440010071,0.5689047690083734,0.5762804746627808,0.7473616109426235,0.6265735626220703,0.46224597258253397,0.44461700320243835,5.394992813782138,6.695026874542236,0.513716625052647,0.5403123497962952
1,46,1150.208984375,True,0.12399147097669157,0.1318797618150711,0.29221810159654654,0.2929140031337738,0.6239629065543563,0.5984787344932556,0.38941875768533685,0.27958521246910095,3.318176749084807,6.644338130950928,0.33230947812143663,0.37913715839385986
1,47,1393.8758544921875,True,0.8848674205468001,0.5056455135345459,0.4237397711657463,0.24544347822666168,0.7457655699969612,0.7889007925987244,0.8684975714214604,0.38558831810951233,6.9330164907310365,7.0,0.8754430825079076,0.9043095111846924
1,48,836.0499877929688,True,0.2686740725036917,0.2520882189273834,0.5107431573215633,0.44743213057518005,0.06834799217031887,0.01395588368177414,0.3363996441044501,0.4241392910480499,6.8561000358169295,6.759189605712891,0.2682057444719411,0.2301245629787445
1,49,738.0765991210938,True,0.9161292455284625,0.8878693580627441,0.8850863941666728,0.9028264284133911,0.48437494694035105,0.4905967116355896,0.6420342492302157,0.576789379119873,1.3599523450058122,1.4407517910003662,0.06280306480713416,0.07858318090438843
2,0,1328.8394775390625,True,0.765105432384414,0.5120400786399841,0.24750115952908114,0.2668098509311676,0.5606039207262733,0.5212817788124084,0.8209465411255986,0.9838231801986694,3.4964058604741552,2.614774227142334,0.6511299387119206,0.613938570022583
2,1,795.2730712890625,True,0.4130066531834809,0.18057596683502197,0.06102123860358937,0.07195267081260681,0.292937504462702,0.30233901739120483,0.9376115245440387,0.9195098876953125,4.742996106655274,4.839391708374023,0.11104495433784943,0.09632415324449539
2,2,1353.9952392578125,True,0.7331248562258085,0.4793180525302887,0.9008024268365215,0.7568452954292297,0.7493223267125654,0.9575244188308716,0.30586717709037786,0.33862540125846863,2.57876789626678,2.7716007232666016,0.7808387445552278,0.7412269711494446
2,3,1376.793212890625,True,0.36311688902397393,0.9990000128746033,0.7419396752928205,0.9990000128746033,0.044477082994023025,0.9869972467422485,0.7872651601442284,0.9861023426055908,4.555025150746051,4.045889854431152,0.9833257428696559,0.8204911947250366
2,4,704.5509643554688,True,0.27499041854071443,0.2821822464466095,0.21655456250147515,0.22422055900096893,0.211912719775891,0.29576924443244934,0.3090696676962386,0.3044871985912323,3.254965769650975,4.6298627853393555,0.10074783694746214,0.08189205080270767
2,5,1433.315673828125,True,0.6515156002044862,0.9721828699111938,0.7851501514188763,0.23182262480258942,0.7885576989257048,0.31807708740234375,0.5899722470052516,0.3374940752983093,6.496430279471372,4.43937349319458,0.9165075266944268,0.8904181718826294
2,6,1026.123779296875,True,0.22971559992455545,0.22697308659553528,0.698010948182525,0.5984847545623779,0.9154229975091903,0.8775860667228699,0.5939381183386233,0.5237076878547668,3.019251851256457,3.4418530464172363,0.14105853699171986,0.1943148821592331
2,7,1259.3253173828125,True,0.7276539392269633,0.0010000000474974513,0.692656830775509,0.9990000128746033,0.8042713141424231,0.7052820920944214,0.9977693651100361,0.9990000128746033,6.05512609579507,4.571322917938232,0.43080205856570486,0.5407130122184753
2,8,997.103271484375,True,0.5183889760180219,0.4762961268424988,0.45065117535427296,0.42837879061698914,0.9668275080745894,0.9942798018455505,0.09481710664942397,0.4061566889286041,3.8441063029923432,4.667499542236328,0.3150657228403464,0.0010000000474974513
2,9,1325.99560546875,True,0.6652614295095175,0.6994707584381104,0.06299241835023178,0.2913036048412323,0.17227751395083818,0.2732768654823303,0.21038824486471952,0.364957720041275,5.610995951376079,5.351147651672363,0.9149442064764111,0.923938512802124
2,10,908.5397338867188,True,0.43447714689307093,0.3870352506637573,0.5048309092286749,0.4755766987800598,0.654871679809029,0.6776396036148071,0.36318339490745694,0.4027930796146393,4.600599987344235,3.6366519927978516,0.17106043237946958,0.17475827038288116
2,11,1265.6329345703125,True,0.10306768567208772,0.12930245697498322,0.455312286078759,0.4138774275779724,0.7016128804018019,0.6927666068077087,0.6638502309521223,0.668140172958374,5.699006679258599,6.2034993171691895,0.2479708218318562,0.2556683123111725
2,12,1232.350830078125,True,0.4721430830651434,0.4351106882095337,0.9207079047275769,0.7820935845375061,0.3997731494221948,0.4105883538722992,0.5566851640420085,0.6212928295135498,2.779279668296213,3.0000112056732178,0.4528192640007735,0.47866788506507874
2,13,1501.5377197265625,True,0.6137144339776508,0.6727946996688843,0.17900083788528623,0.13791020214557648,0.6292796200887765,0.7305887341499329,0.09273400262045216,0.28437310457229614,5.5969143823745515,4.999215602874756,0.7226172462141425,0.6753566861152649
2,14,1327.66748046875,True,0.08062626904291163,0.01556962076574564,0.8183639685495966,0.9195454716682434,0.29929413275809136,0.9990000128746033,0.5687177121679489,0.7344462871551514,1.9388776370932674,4.553765773773193,0.8777867896266579,0.5163028240203857
2,15,968.7474975585938,True,0.11830964107904103,0.12369902431964874,0.04345037216264298,0.05368221923708916,0.17581393092299177,0.18474441766738892,0.7361257788691761,0.8377256989479065,2.0000744825277277,1.8685171604156494,0.2515717791605362,0.2471165955066681
2,16,1274.0589599609375,True,0.0378872322097839,0.061424702405929565,0.715895174207772,0.5869179368019104,0.9084696430631521,0.9333057403564453,0.8010762418776971,0.8176879286766052,2.30451057276639,2.727238655090332,0.40946059104183263,0.36390817165374756
2,17,1480.4044189453125,True,0.5556165639344153,0.6896764039993286,0.6939858830534581,0.35061341524124146,0.6762434187065492,0.712929904460907,0.9282474433649313,0.8398435115814209,2.053444272661582,5.54475736618042,0.8982705388564342,0.8261898756027222
2,18,1356.6861572265625,True,0.609161290314914,0.5084280371665955,0.775079713145593,0.8879157900810242,0.09456826771781074,0.38410115242004395,0.3274713342348015,0.3906461298465729,4.012708230258602,4.276492595672607,0.6641246328300883,0.6230859756469727
2,19,1234.890380859375,True,0.2978042560210964,0.18431179225444794,0.8819489054361216,0.5770290493965149,0.05973217274033709,0.04065341129899025,0.4724093145697462,0.8074723482131958,5.523846057193765,3.72119140625,0.6164727969587264,0.5763360261917114
2,20,1419.963623046875,True,0.9459440055151461,0.025155242532491684,0.6973682612253725,0.9990000128746033,0.6776219474383484,0.628152072429657,0.8013591847732104,0.9555522203445435,4.2857534345883135,2.704774856567383,0.7563618577613194,0.7678521871566772
2,21,1337.6427001953125,True,0.7804835723537621,0.621148943901062,0.1378801890940116,0.1214015781879425,0.6172008012228397,0.7958411574363708,0.932037513544365,0.8396437764167786,2.7901987139348776,3.1341147422790527,0.6906483721543913,0.5737152695655823
2,22,991.9869384765625,True,0.70434247137995,0.6085107326507568,0.3493021958925605,0.3379712998867035,0.6729609763067204,0.6444577574729919,0.2513398036272509,0.2850138247013092,4.597998485278055,4.964605331420898,0.3257050268623053,0.30733722448349
2,23,1405.8951416015625,True,0.3621563429040831,0.3682107925415039,0.6622171099682818,0.9683777093887329,0.9954528382659691,0.008692173287272453,0.14846405792277792,0.034395981580019,2.7097724425094762,7.0,0.6874840944453352,0.7311214804649353
2,24,1268.2794189453125,True,0.5707775084416317,0.9814634919166565,0.8274732377108068,0.800844669342041,0.8422487220519056,0.8713955879211426,0.9643024431375169,0.9823486804962158,3.711895183649161,4.29671573638916,0.2967058894004197,0.22578194737434387
2,25,1514.7745361328125,True,0.025619100108012674,0.2792043685913086,0.07158105533192746,0.5396996140480042,0.657762417832805,0.7520133852958679,0.8191191153859309,0.9763354659080505,3.074481111984523,1.9897617101669312,0.6781212865551723,0.7029518485069275
2,26,1142.381591796875,True,0.5845611374044023,0.5385437607765198,0.2985244048458548,0.2834833860397339,0.5303947628229205,0.5717418789863586,0.5596723018794553,0.7225422859191895,2.7262285793568033,2.1074817180633545,0.5008821416041479,0.515169084072113
2,27,1015.5004272460938,True,0.5586616759623053,0.46284836530685425,0.8927389557425283,0.9076757431030273,0.738540159847064,0.7669491171836853,0.992539658463307,0.9907616376876831,2.0275674181401913,2.146043539047241,0.1099815499991984,0.08781210333108902
2,28,768.1699829101562,True,0.650172074576183,0.6495526432991028,0.9722505137764671,0.966143012046814,0.21851682551490192,0.2019185572862625,0.9138742256492761,0.8308798670768738,6.703973005135339,5.63897180557251,0.13791167979494295,0.13058586418628693
2,29,1097.778076171875,True,0.207988368053738,0.14858226478099823,0.5994861887699836,0.5161261558532715,0.7821211803450357,0.7684913873672485,0.8715000034180335,0.8568398952484131,3.520007018799761,3.066559314727783,0.12749829061973478,0.10001523792743683
2,30,1288.84716796875,True,0.4593555899916651,0.47263896465301514,0.3579362686287882,0.34432047605514526,0.7799968278185291,0.940337598323822,0.39221423675607797,0.4518413543701172,3.6557957587860868,5.671614646911621,0.5594729422653861,0.4952094852924347
2,31,1252.22119140625,True,0.9561447972490177,0.9446773529052734,0.2617655185609353,0.0010000000474974513,0.4331983112088269,0.37055504322052,0.9491416593803723,0.9990000128746033,5.729370002840624,4.400132656097412,0.5158809875323095,0.535919189453125
2,32,1313.6949462890625,True,0.9192024075433335,0.742900550365448,0.9355805801080319,0.9468629360198975,0.19195366960712673,0.091981440782547,0.007274596584740179,0.22782404720783234,4.028962671860166,1.661500096321106,0.7667821331014377,0.7477332353591919
2,33,1117.5484619140625,True,0.6042091767928657,0.8902634382247925,0.9773829560042794,0.9816470146179199,0.9908377580058908,0.9990000128746033,0.6494000347504327,0.6276509165763855,2.2418895710135334,2.236293077468872,0.028251661743397993,0.0010000000474974513
2,34,1454.913330078125,True,0.9255862523729087,0.9526541233062744,0.10791074534162944,0.03114469349384308,0.06634460134063334,0.023123953491449356,0.3303479156662998,0.3804662227630615,6.173578975379369,7.0,0.6965902876629071,0.68002849817276
2,35,1123.945068359375,True,0.23443776041169656,0.2342064529657364,0.3170608673997014,0.3438667058944702,0.5001795724720605,0.4714171588420868,0.3705437943452983,0.4014012813568115,4.370398989516607,4.042525291442871,0.24505942389141305,0.26304903626441956
2,36,1286.01611328125,True,0.5968848327957785,0.7691748142242432,0.4635001887130427,0.5433569550514221,0.7008876532011775,0.7521160840988159,0.7195850715043828,0.6884667277336121,6.930224383775947,5.435105800628662,0.44337181687881877,0.42052632570266724
2,37,574.8239135742188,True,0.22374133295577928,0.2230624407529831,0.7880694513791282,0.7858659029006958,0.1689411591621912,0.14587146043777466,0.5837482404991475,0.34710556268692017,1.5486258518552873,2.9991185665130615,0.04028349332630326,0.03942662477493286
2,38,1342.3634033203125,True,0.9415225393745051,0.15314753353595734,0.7517976593693214,0.0011767601827159524,0.573494832285306,0.9990000128746033,0.8388127554221221,0.0010000000474974513,1.21124524089029,6.087635040283203,0.935837435046189,0.9252724051475525
2,39,1374.5513916015625,True,0.947825356746557,0.07521909475326538,0.9217810854610708,0.24077777564525604,0.6273171412980649,0.5619478821754456,0.7909490494014039,0.816218376159668,2.201265012427637,2.1349949836730957,0.8048755775541793,0.7871217131614685
2,40,1372.70654296875,True,0.4375740629771274,0.40832480788230896,0.8386987457805192,0.06590396910905838,0.09102439152504474,0.0972609743475914,0.9166801955899292,0.9990000128746033,6.953124807594131,4.089330196380615,0.6854206843652748,0.6544919610023499
2,41,936.48046875,True,0.24346756710663894,0.24825696647167206,0.36315640496131285,0.3585420548915863,0.9244649558841945,0.8974401354789734,0.1412252705022297,0.35865044593811035,5.755156961238189,1.1585625410079956,0.31352617857934656,0.29970189929008484
2,42,341.09832763671875,True,0.9942509597994658,0.9990000128746033,0.6374455297288215,0.6315550208091736,0.38808473078067895,0.2549186050891876,0.03357425071985371,0.04566458612680435,6.487795403330209,2.8691189289093018,0.002342624068992277,0.0026676675770431757
2,43,1462.8760986328125,True,0.291392014276608,0.9491664171218872,0.051697386753223634,0.006843676324933767,0.7579553959605351,0.8561128973960876,0.7673378295165126,0.7385575771331787,5.626624308455163,5.701642990112305,0.8025758196626525,0.7310786843299866
2,44,1009.5811157226562,True,0.08818298181988068,0.10343140363693237,0.06131815881031309,0.06775612384080887,0.9596812650382962,0.9827109575271606,0.14841626504364047,0.3582301437854767,2.840858809054133,4.243830680847168,0.24312897991637483,0.0010000000474974513
2,45,1346.553466796875,True,0.8593219137108633,0.809318482875824,0.03783703427264385,0.06802263855934143,0.5211819204683734,0.7235459685325623,0.6039126506630242,0.49122023582458496,4.111605259112308,7.0,0.6702612682872953,0.6379147171974182
2,46,1396.0595703125,True,0.6102580970662027,0.5067656636238098,0.8798172603467372,0.8592243194580078,0.39381940515127756,0.7770977020263672,0.11515524418259376,0.3871036171913147,3.6289839137149578,6.0046539306640625,0.7384982654308231,0.6657764911651611
2,47,1203.1090087890625,True,0.10128665711767597,0.08916463702917099,0.41559880776404157,0.4100019633769989,0.6687665206187493,0.6273084282875061,0.603940892815156,0.3794931471347809,1.5219936021844032,4.7380266189575195,0.4624310692371007,0.4078139364719391
2,48,739.3224487304688,True,0.4162995785916553,0.41240257024765015,0.40501803406564235,0.399293452501297,0.5988499317541336,0.6367031335830688,0.07389834979875866,0.12396380305290222,6.672876669124816,6.819630146026611,0.1515464495740058,0.1227886974811554
2,49,678.6446533203125,True,0.5637585702181257,0.5359159111976624,0.2682377917912077,0.2832096219062805,0.053255618987461395,0.03578243404626846,0.6575974553021328,0.7035713791847229,3.715457190121745,3.3191890716552734,0.13837826662103453,0.10629930347204208
