participant_id,alpha_pos,alpha_neg,phi,rho,capacity,kappa,phi_rl,epsilon,nll,aic,bic,aicc,pseudo_r2,grad_norm,hessian_condition,hessian_invertible,alpha_pos_se,alpha_neg_se,phi_se,rho_se,capacity_se,kappa_se,phi_rl_se,epsilon_se,alpha_pos_ci_lower,alpha_neg_ci_lower,phi_ci_lower,rho_ci_lower,capacity_ci_lower,kappa_ci_lower,phi_rl_ci_lower,epsilon_ci_lower,alpha_pos_ci_upper,alpha_neg_ci_upper,phi_ci_upper,rho_ci_upper,capacity_ci_upper,kappa_ci_upper,phi_rl_ci_upper,epsilon_ci_upper,n_trials,converged,n_successful_starts,n_near_best,at_bounds,high_correlations
10000,0.03341829776763916,0.0010000000474974513,0.27104225754737854,0.7300161123275757,1.9859955310821533,6.567742362332055e-14,0.07232450693845749,0.07847045361995697,755.3706665039062,1526.7413330078125,1565.9067945897955,1526.8884218740025,0.3040809602276172,2.332803160243202e-05,inf,True,0.013430407693086456,5.774290035030531e-06,0.0650528729609938,,,8.16564567029666e-06,0.03129853641650464,0.04088094930496441,0.007095182391500032,0.000988682646992503,0.1435409694529712,,,-1.6004371358619458e-05,0.010980502793293073,-0.001654734671581018,0.05974141314377829,0.0010113174480023996,0.39854354564178585,,,1.6004371489974305e-05,0.1336685110836219,0.15859564191149494,988,True,50,10,"['alpha_neg', 'kappa']","[('alpha_pos', 'rho', -18114.607421875), ('alpha_pos', 'capacity', -15783.798828125), ('alpha_neg', 'rho', -9.090243339538574), ('alpha_neg', 'capacity', -24.73834228515625), ('phi', 'rho', -3098.4365234375), ('phi', 'capacity', 17087.197265625), ('rho', 'capacity', 4249103487729664.0), ('rho', 'phi_rl', 12345.984375), ('rho', 'epsilon', -21533.88671875), ('capacity', 'kappa', 6.647141456604004), ('capacity', 'phi_rl', -32750.53125), ('capacity', 'epsilon', 20201.580078125)]"
9187,0.026786495000123978,0.0010000001639127731,0.7309474349021912,0.18522952497005463,1.0,6.597138835218175e-09,0.03624092787504196,0.11291033029556274,860.0560302734375,1736.112060546875,1775.2937000919042,1736.2588495377006,0.2092356203516752,1.990548480534926e-05,inf,True,0.0069060989697465386,3.1578686567758022e-06,0.1454599825434133,0.21263183693571636,,,0.010937232636735596,0.08752863032638782,0.01325078974575159,0.0009938108550775846,0.4458511079252761,-0.23152121739054304,,,0.014804345816504142,-0.05864263276027773,0.040322200254496364,0.0010061894727479617,1.0160437618791063,0.6019802673306522,,,0.057677509933579785,0.2844632933514032,990,True,50,38,"['alpha_neg', 'capacity', 'kappa']","[('alpha_pos', 'capacity', 8483.4482421875), ('alpha_pos', 'kappa', 52121.9921875), ('alpha_neg', 'capacity', 11.369752883911133), ('alpha_neg', 'kappa', 53.1337890625), ('phi', 'capacity', -10028.283203125), ('phi', 'kappa', 26723.544921875), ('rho', 'capacity', 23572733952.0), ('rho', 'kappa', 10251.333984375), ('capacity', 'kappa', 913446976.0), ('capacity', 'phi_rl', 7156.02001953125), ('capacity', 'epsilon', 9314.0751953125), ('kappa', 'phi_rl', 33142.78125), ('kappa', 'epsilon', 88071.515625)]"
10002,,,,,,,,,,,,,,,,False,,,,,,,,,,,,,,,,,,,,,,,,,986,False,49,0,[],
10003,0.03447342664003372,0.0010000000474974513,0.3097566068172455,0.9977650046348572,1.576027512550354,0.022036632522940636,0.060968801379203796,0.001000000280328095,621.4282836914062,1258.8565673828125,1297.8996400403005,1259.0059449761734,0.41865529254747325,1.422453897248488e-05,inf,True,0.00886432100629811,5.367978436310444e-06,0.03879794201374833,,,0.01696747315064699,0.01812617642246652,3.082427252378849e-05,0.017099676720287577,0.0009894790030924951,0.23371403779602534,,,-0.011219003760977828,0.02544214841375033,0.000939585816331822,0.05184717655977987,0.0010105210919024075,0.3857991758384656,,,0.0552922688068591,0.09649545434465726,0.001060414744324368,973,True,50,11,"['alpha_neg', 'rho', 'epsilon']","[('alpha_pos', 'rho', 39835.09765625), ('alpha_pos', 'capacity', -36408.63671875), ('alpha_pos', 'phi_rl', 0.9141781330108643), ('alpha_neg', 'rho', 29.276018142700195), ('alpha_neg', 'capacity', -26.951263427734375), ('phi', 'rho', -9990.130859375), ('phi', 'capacity', 8369.345703125), ('rho', 'capacity', 1658280027881472.0), ('rho', 'kappa', -3495.83984375), ('rho', 'phi_rl', 6344.7353515625), ('rho', 'epsilon', -37.09077072143555), ('capacity', 'kappa', 4102.2939453125), ('capacity', 'phi_rl', -29610.1640625), ('capacity', 'epsilon', 10.406597137451172)]"
10004,0.06203678250312805,0.0010000000474974513,0.10518275946378708,0.9990000128746033,3.2618753910064697,0.03228548541665077,0.0010000000474974513,0.07932779937982559,410.9413146972656,837.8826293945312,877.0642689395603,838.029418385357,0.6221667631524699,7.229001766972942e-06,725063360.0,True,0.0213455034964344,1.860922898627097e-05,0.03063247762551603,4.6494753596802405e-05,0.6053434091706649,0.012685056084944442,2.9206386866139223e-05,0.01443866480302867,0.020200364418242835,0.0009635266289043014,0.04514420656054663,0.9989088848320835,2.075424110753273,0.007423232348289004,0.0009427565811212748,0.05102853638104329,0.10387320058801328,0.0010364734660906012,0.16522131236702753,0.999091140917123,4.448326671259666,0.05714773848501254,0.001057243513873628,0.10762706237860789,990,True,50,1,"['alpha_neg', 'rho', 'phi_rl']",[]
10005,0.02335459366440773,0.0010000000474974513,0.12279748916625977,0.9461046457290649,2.677985191345215,0.017633795738220215,0.04473680257797241,0.0010000000474974513,495.7109069824219,1007.4218139648438,1046.5629470942204,1007.5693549484503,0.5419131851754642,6.2165722738427576e-06,453458816.0,True,0.006185206814679323,5.744289122244602e-06,0.05843847518874297,0.05229039487663427,0.25590198110712375,0.010765530975007093,0.014259014011691773,1.6098406228176074e-05,0.01123181107070455,0.0009887414477010668,0.008260182484886011,0.843617355033484,2.176426524802803,-0.003466257247244059,0.016789648660004545,0.0009684477510817309,0.03547737625811091,0.0010112586472938358,0.2373347958476335,1.0485919364246459,3.1795438578876265,0.03873384872368449,0.07268395649594028,0.0010315523439131716,985,True,50,9,"['alpha_neg', 'epsilon']",[]
10006,,,,,,,,,,,,,,,,False,,,,,,,,,,,,,,,,,,,,,,,,,987,False,49,0,[],
10007,,,,,,,,,,,,,,,,False,,,,,,,,,,,,,,,,,,,,,,,,,987,False,49,0,[],
10016,,,,,,,,,,,,,,,,False,,,,,,,,,,,,,,,,,,,,,,,,,987,False,49,0,[],
10017,,,,,,,,,,,,,,,,False,,,,,,,,,,,,,,,,,,,,,,,,,986,False,49,0,[],
10018,,,,,,,,,,,,,,,,False,,,,,,,,,,,,,,,,,,,,,,,,,986,False,49,0,[],
10024,0.03471052274107933,0.0010000000474974513,0.2065301239490509,0.9990000128746033,2.5508828163146973,0.09981737285852432,0.03982403129339218,0.005760875530540943,352.2655334472656,720.5310668945312,757.1428234469171,720.7341698564494,0.5534179571973128,1.0350796401326079e-05,993780608.0,True,0.013278311805664784,6.641373185539386e-06,0.03438540876634628,3.4470176688854134e-05,0.39090853613363585,0.021078731940295255,0.021163453066345636,0.010493901308612481,0.008685509826483341,0.000986983195245904,0.13913596117332433,0.9989324525697524,1.7847161642434966,0.05850381741577153,-0.0016555745051490336,-0.014806793091657264,0.06073553565567532,0.0010130168997489987,0.2739242867247775,0.9990675731794542,3.317049468385898,0.1411309283012771,0.08130363709193339,0.02632854415273915,718,True,50,4,"['alpha_neg', 'rho', 'epsilon']",[]
10025,0.08086574822664261,0.0010000000474974513,0.544556736946106,0.3843059539794922,1.0000284910202026,0.047253962606191635,0.07444820553064346,0.05801810696721077,249.00454711914062,514.0090942382812,546.2160220288838,514.3646497938369,0.45252727923600866,1.3687153114005923e-05,inf,True,0.026703222491725243,6.537586425102644e-06,0.09449209694139407,,,0.030146870825856025,0.023030146422501983,0.032022978114824185,0.02852839387170121,0.000987186613558432,0.3593556301173062,,,-0.011832818459067453,0.029309947983855604,-0.0047457768155589886,0.13320310258158402,0.0010128134814364705,0.7297578437749057,,,0.10634074367145072,0.11958646307743132,0.12078199074998053,414,True,50,16,"['alpha_neg', 'capacity']","[('alpha_pos', 'rho', 16397.4375), ('alpha_pos', 'capacity', -22760.44921875), ('alpha_neg', 'rho', -36.106048583984375), ('alpha_neg', 'capacity', 9.405797004699707), ('phi', 'rho', -31537.275390625), ('phi', 'capacity', 1754.3997802734375), ('rho', 'capacity', 1.2138112301924352e+16), ('rho', 'kappa', -15570.576171875), ('rho', 'phi_rl', -38278.4453125), ('rho', 'epsilon', -2106.169189453125), ('capacity', 'kappa', 8833.1220703125), ('capacity', 'phi_rl', 9311.6484375), ('capacity', 'epsilon', 1677.9970703125)]"
10027,,,,,,,,,,,,,,,,False,,,,,,,,,,,,,,,,,,,,,,,,,718,False,49,0,[],
10028,0.027737364172935486,0.0010000000474974513,0.8395179510116577,0.6108236312866211,3.000000238418579,0.009550563991069794,0.040684521198272705,0.027170205488801003,684.1002807617188,1384.2005615234375,1420.597767461308,1384.4092571756114,0.10916321817489394,0.656463086605072,9497944.0,True,0.009591369837689774,3.870685459340016e-06,0.0575913680150545,0.138120652460161,0.9987739522520963,0.02545440447972854,0.019698896438804864,0.06292313392449411,0.008938624728659746,0.000992413643401662,0.7266409438817589,0.34011212694353193,1.0424392633077428,-0.04033915203711316,0.0020753936430308387,-0.09615687079759792,0.04653610361721122,0.0010075864515932407,0.9523949581415565,0.8815351356297103,4.957561213529416,0.05944028001925275,0.07929364875351458,0.15049728177519994,699,False,50,5,"['alpha_neg', 'kappa']",[]
10029,0.06801415234804153,0.0010000000474974513,0.17169970273971558,0.5976299047470093,3.099616527557373,0.018372459337115288,0.058957476168870926,0.03914310038089752,315.3307189941406,646.6614379882812,683.2954476843621,646.8639696338508,0.60135223640429,7.485924925276777e-06,1071667008.0,True,0.021538022706272864,3.710931877929739e-05,0.05435314704531574,0.16472761479867334,1.4451526718287488,0.011965081870290648,0.018751825030156433,0.0199886089652104,0.025800403545540813,0.0009272671191992125,0.06516949208448707,0.2747697124824223,0.2671693386111933,-0.005078670200727532,0.022204574465367603,-3.385329196929632e-05,0.11022790115054226,0.00107273297579569,0.2782299133949441,0.9204900970115962,5.932063716503553,0.04182358887495811,0.09571037787237424,0.07832005405376434,720,True,50,2,['alpha_neg'],[]
10030,0.03245332092046738,0.0010000000474974513,0.0010000000474974513,0.9266607761383057,2.8521676063537598,0.041266169399023056,0.0010000000474974513,0.023503733798861504,277.7832336425781,571.5664672851562,608.1559086208414,571.7701447957645,0.6468586651386559,6.40639018456568e-06,8445027680256.0,True,0.0071296280448120775,1.524075364153776e-05,0.004654465804080337,0.12279195535869268,0.47626661760532857,0.014288471511070239,4.352729200613328e-05,0.011882610098100013,0.01847950672946898,0.0009701287192627896,-0.008122585295773272,0.6859929660440179,1.9187021888086058,0.013261279843198782,0.0009146881228208718,0.0002142459642535191,0.046427135111465775,0.001029871375732113,0.010122585390768175,1.1673285862325935,3.7856330238989138,0.06927105895484734,0.0010853119721740308,0.04679322163346949,716,True,50,5,"['alpha_neg', 'phi', 'phi_rl']",[]
10031,,,,,,,,,,,,,,,,False,,,,,,,,,,,,,,,,,,,,,,,,,719,False,48,0,[],
10035,,,,,,,,,,,,,,,,False,,,,,,,,,,,,,,,,,,,,,,,,,717,False,49,0,[],
10036,0.04791945964097977,0.0010000000474974513,0.42952632904052734,0.654045045375824,1.4373157024383545,8.029369328545943e-32,0.07539095729589462,0.014469473622739315,507.2043762207031,1030.4087524414062,1066.9646038047206,1030.6132978959517,0.35248622839708244,1.318439535680227e-05,inf,True,0.01242025521778928,5.662953706798191e-06,0.042432980034126856,,,1.5129940034247458e-05,0.018532254862626055,0.019571478308588214,0.023576206735317094,0.0009889008621860092,0.3463592164169315,,,-2.9654137555375728e-05,0.03906840521283027,-0.023889918986300475,0.07226271254664243,0.0010110992328088934,0.5126934416641231,,,2.9654137555375728e-05,0.11171350937895898,0.052828866231779105,713,True,50,13,"['alpha_neg', 'kappa']","[('alpha_pos', 'rho', -135489.625), ('alpha_pos', 'capacity', 84209.0390625), ('alpha_pos', 'phi_rl', 0.9046500325202942), ('alpha_neg', 'rho', -126.22084045410156), ('alpha_neg', 'capacity', 81.37694549560547), ('phi', 'rho', -36808.15625), ('phi', 'capacity', 20964.509765625), ('rho', 'capacity', 2.275252697353421e+16), ('rho', 'kappa', 2.8472166061401367), ('rho', 'phi_rl', -122493.9375), ('rho', 'epsilon', -19493.54296875), ('capacity', 'kappa', -2.6208348274230957), ('capacity', 'phi_rl', 70783.53125), ('capacity', 'epsilon', 11974.8994140625)]"
10039,0.01805221289396286,0.0010000000474974513,0.19821697473526,0.9990000128746033,2.6231606006622314,0.033944450318813324,0.043189454823732376,0.0010000000474974513,419.39739990234375,854.7947998046875,891.3281792431135,854.9999280098157,0.46307740515272044,1.6530822904314846e-05,1655091840.0,True,0.007502829910173816,5.191433431972378e-06,0.024559822183404082,4.1140298447660854e-05,0.2952106855460536,0.015265173331120773,0.02010252367991875,1.3319006712513043e-05,0.0033469364878922925,0.0009898250249426484,0.15008060778908014,0.9989193793713326,2.0445582891405873,0.004025260372055285,0.003789232412728029,0.0009738952740310785,0.03275748930003343,0.0010101750700522542,0.24635334168143988,0.999080646377874,3.2017629121838755,0.06386364026557137,0.08258967723473673,0.0010261048209638242,711,True,50,8,"['alpha_neg', 'rho', 'epsilon']",[]
10041,0.019177453592419624,0.0010000000474974513,0.5203933715820312,0.8860135674476624,1.2389222383499146,0.14355222880840302,0.02819182723760605,0.0750991702079773,639.9990844726562,1295.9981689453125,1332.3609662279878,1296.2077759322121,0.16299960963753657,2.2047319362172857e-05,inf,True,0.008145562804589234,3.2275358661621377e-06,0.06483557045569015,,,0.028944702092148958,0.021495850780425103,0.09106465810745779,0.0032124438616156527,0.0009936741934409622,0.39331798857176936,,,0.0868216551645499,-0.013939266109074366,-0.1033842799470934,0.0351424633232236,0.0010063259015539404,0.6474687545922931,,,0.20028280245225613,0.07032292058428646,0.253582620363048,696,True,50,5,['alpha_neg'],"[('alpha_pos', 'rho', 93816.8359375), ('alpha_pos', 'capacity', -125021.5703125), ('alpha_neg', 'rho', 178.29722595214844), ('alpha_neg', 'capacity', -240.48114013671875), ('phi', 'rho', -14779.677734375), ('phi', 'capacity', 16229.9130859375), ('rho', 'capacity', 1.2996722435293184e+16), ('rho', 'kappa', -33663.8359375), ('rho', 'phi_rl', 150851.90625), ('rho', 'epsilon', -58849.3359375), ('capacity', 'kappa', 43721.55859375), ('capacity', 'phi_rl', -197761.203125), ('capacity', 'epsilon', 82009.9375)]"
10043,0.055404242128133774,0.0010000000474974513,0.42893093824386597,0.8967851996421814,1.0069572925567627,0.0064535182900726795,0.08371757715940475,0.038808874785900116,513.4340209960938,1042.8680419921875,1079.4574833278728,1043.0717195027958,0.3472796282187266,5.672098723152885e-06,inf,True,0.05113241605499913,7.932642270527084e-06,0.11221609127129897,,,0.019401719169550684,0.04096826394192879,0.12409267549184734,-0.044813451782182157,0.000984452354344978,0.20899144086626045,,,-0.03157315252040703,0.003421255324093389,-0.2044082999233369,0.1556219360384497,0.0010155477406499245,0.6488704356214715,,,0.04448018910055239,0.16401389899471613,0.2820260494951371,716,True,50,30,"['alpha_neg', 'capacity', 'kappa']","[('alpha_pos', 'rho', -237993.53125), ('alpha_pos', 'capacity', 180614.203125), ('alpha_pos', 'phi_rl', 0.963350236415863), ('alpha_pos', 'epsilon', 0.9594159722328186), ('alpha_neg', 'rho', -439.5889892578125), ('alpha_neg', 'capacity', 343.2161865234375), ('phi', 'rho', -170003.4375), ('phi', 'capacity', 145335.53125), ('rho', 'capacity', 3.077524241462067e+16), ('rho', 'kappa', 109996.8359375), ('rho', 'phi_rl', -273656.0625), ('rho', 'epsilon', -190777.484375), ('capacity', 'kappa', -121247.484375), ('capacity', 'phi_rl', 270149.28125), ('capacity', 'epsilon', 213072.0)]"
10047,,,,,,,,,,,,,,,,False,,,,,,,,,,,,,,,,,,,,,,,,,717,False,48,0,[],
10048,,,,,,,,,,,,,,,,False,,,,,,,,,,,,,,,,,,,,,,,,,702,False,48,0,[],
10050,0.03923935070633888,0.0010000000474974513,0.14659596979618073,0.5959216952323914,1.1530296802520752,2.938758297831148e-39,0.04982020705938339,0.027532992884516716,439.15228271484375,894.3045654296875,930.9051721544845,894.507955260196,0.4424914446446728,7.873332833696622e-06,3215272192.0,True,0.012786935388564546,4.084002170463685e-06,0.1220334300990119,243.74988988926046,471.62294906402843,1.1719579960929188e-05,0.014606352848567056,0.0359789431039506,0.01417741787211169,0.000991995550330559,-0.0925851581077688,-477.145083723322,-923.210964767812,-2.2969954637358543e-05,0.021192281530707936,-0.04298443980104219,0.06430128354056608,0.0010080045446643436,0.38577709770013024,478.33692711378677,925.5170241283162,2.2969954637358543e-05,0.07844813258805886,0.09805042557007562,717,True,50,19,"['alpha_neg', 'kappa']","[('rho', 'capacity', -0.9999984502792358)]"
10051,,,,,,,,,,,,,,,,False,,,,,,,,,,,,,,,,,,,,,,,,,709,False,48,0,[],
10052,0.049392666667699814,0.0010000000474974513,0.09639030694961548,0.3262918293476105,3.0,0.01570417918264866,0.09351342916488647,0.0495322048664093,516.4165649414062,1048.8331298828125,1085.3439740950696,1049.0388441685268,0.33700618520514314,0.07700107991695404,52414076.0,True,0.017743915681188212,5.1005334438677065e-06,0.05019318254741988,0.1689978303068502,2.252210140228272,0.01962849825967773,0.022925293190856597,0.07318279574204559,0.014615230987855415,0.0009900031856455286,-0.001986523112771893,-0.0049378315192275535,-1.414250760463318,-0.022766970476926815,0.048580680175786206,-0.09390343907595128,0.08417010234754421,0.001009996909349374,0.19476713701200285,0.6575214902144485,7.414250760463318,0.05417532884222413,0.13844617815398674,0.19296784880876988,709,False,50,12,['alpha_neg'],[]
10055,0.09031371027231216,0.0010000085458159447,0.15271960198879242,0.9162498712539673,2.7395734786987305,0.0108497841283679,0.05162554606795311,0.16464823484420776,404.8551330566406,825.7102661132812,862.3331569750496,825.9130830146897,0.4874617201538499,6.379669684974942e-06,50102284.0,True,0.06688697063973244,1.0188752089274578e-05,0.05092801407749592,0.26903885383430926,1.2515372863136203,0.016462804635877244,0.049308551785908934,0.023960866369698085,-0.04078234321655144,0.0009800389586735593,0.052902528592751547,0.38894340729678534,0.2866054722150406,-0.021416720042470534,-0.04501743956225657,0.11768579972122253,0.22140976376117577,0.00101997813295833,0.25253667538483326,1.4435563352111491,5.192541485182421,0.043116288299206336,0.1482685316981628,0.211610669967193,719,True,50,14,['alpha_neg'],[]
10057,0.038823217153549194,0.0010000000474974513,0.2911549508571625,0.5670684576034546,2.4589977264404297,1.0797617140678728e-11,0.04808194562792778,0.08827439695596695,513.8369750976562,1043.6739501953125,1080.2185734866084,1043.8787866106752,0.34309751288600543,1.0418192687211558e-05,64843764.0,True,0.011792735789918964,5.408675077749181e-06,0.03385817380072161,0.21121500334573542,1.1463607464214671,7.703095626094036e-06,0.019190408725896203,0.031107591458899353,0.01570987972611152,0.0009893992391409835,0.22479414962545047,0.15309465805130612,0.21217195016390056,-1.5097779198995189e-05,0.010469435676568037,0.02730463805073842,0.06193655458098687,0.0010106008558539192,0.3575157520888745,0.981042257155603,4.705823502716958,1.509780079422947e-05,0.08569445557928752,0.1492441558611955,712,True,50,16,"['alpha_neg', 'kappa']",[]
10058,,,,,,,,,,,,,,,,False,,,,,,,,,,,,,,,,,,,,,,,,,697,False,48,0,[],
10059,0.016059929504990578,0.0010000000474974513,0.216094508767128,0.8556602001190186,4.19960880279541,0.08831772953271866,0.0010000037727877498,0.0010000000474974513,348.9940185546875,713.988037109375,750.5997936617608,714.1911400712931,0.5575653961746366,0.02239890769124031,267087536.0,True,0.003458569003584936,3.4337906187382618e-06,0.015566712141564543,0.06251014992147957,0.5613355470258073,0.02033702011279425,1.3462522814593507e-05,1.4723183683334554e-05,0.009281258819917522,0.0009932699415542729,0.18558431361195912,0.7331425576047192,3.0994113473827376,0.04845790255877522,0.0009736177129300977,0.0009711431377403478,0.022838600190063632,0.0010067301534406297,0.24660470392229686,0.9781778426333179,5.299806258208083,0.1281775565066621,0.0010263898326454018,0.0010288569572545548,718,False,50,6,"['alpha_neg', 'phi_rl', 'epsilon']",[]
10062,,,,,,,,,,,,,,,,False,,,,,,,,,,,,,,,,,,,,,,,,,718,False,49,0,[],
10063,,,,,,,,,,,,,,,,False,,,,,,,,,,,,,,,,,,,,,,,,,713,False,49,0,[],
10064,0.025709932669997215,0.0010000000474974513,0.01568625494837761,0.5872489213943481,2.873483180999756,0.03249162808060646,0.04943837225437164,0.025965070351958275,487.4339294433594,990.8678588867188,1027.4124821780147,991.0726953020815,0.37685184976375863,1.5316811186494306e-05,35492684.0,True,0.00850401039019743,5.079822690290635e-06,2.8389021017553056,0.17055092657575854,0.9521396755991369,0.018523245160406165,0.016281414421268355,0.03886247208004151,0.009042378581055843,0.0009900437779766322,-5.548459620127085,0.2529752477759262,1.007323708573797,-0.003813265310595476,0.017527386371314624,-0.05020397527511648,0.042377486758938585,0.0010099563170182704,5.57983213002384,0.9215225950127701,4.739642653425715,0.0687965214718084,0.08134935813742866,0.10213411597903303,712,True,50,11,['alpha_neg'],[]
10065,0.0010000000474974513,0.0010000000474974513,0.12035118788480759,0.9990000128746033,4.667083263397217,0.05792664736509323,0.0010000000474974513,0.017321504652500153,316.6022033691406,649.2044067382812,685.8272976000496,649.4072236396897,0.5991881157954392,3.926022691302933e-05,inf,True,,,0.03728132742068931,,0.14523342968540381,0.016066277367682933,2.187142074319983e-05,0.012746328784376515,,,0.04728112884441099,,4.382430971862595,0.0264373223588037,0.0009571328505500573,-0.007660840699984024,,,0.19342124692520418,,4.9517355549318385,0.08941597237138277,0.0010428672444448453,0.04230385000498433,719,True,50,3,"['alpha_pos', 'alpha_neg', 'rho', 'phi_rl']","[('alpha_pos', 'alpha_neg', -2469237504.0), ('alpha_pos', 'phi', 4840.90625), ('alpha_pos', 'rho', -20068009984.0), ('alpha_pos', 'capacity', 64604.58984375), ('alpha_pos', 'kappa', -499.3637390136719), ('alpha_pos', 'phi_rl', 67.88700866699219), ('alpha_pos', 'epsilon', 10226.5419921875), ('alpha_neg', 'phi', -1801.045166015625), ('alpha_neg', 'rho', -9822233600.0), ('alpha_neg', 'capacity', 32925.734375), ('alpha_neg', 'kappa', -2047.9185791015625), ('alpha_neg', 'phi_rl', 160.6668243408203), ('alpha_neg', 'epsilon', 4028.009033203125), ('phi', 'rho', -1538.15673828125), ('rho', 'capacity', -3180.200927734375), ('rho', 'kappa', 3845.557861328125), ('rho', 'phi_rl', -55.67399597167969), ('rho', 'epsilon', -1218838.25)]"
10066,0.026911966502666473,0.0010000000474974513,0.0012270950246602297,0.9343764185905457,3.061894416809082,0.05152033269405365,0.04409971833229065,0.001000000280328095,328.7962646484375,673.592529296875,710.069451196821,673.799129009931,0.576086037320982,8.376290679734666e-06,inf,True,0.00989603720309692,7.259268213540122e-06,,0.04881259150636097,0.5047762725989978,0.017280105375374586,0.019217130628368946,1.4907901396331125e-05,0.007516089994928022,0.0009857721432447962,,0.8387054972460124,2.072551102264674,0.017651948509262473,0.006434834414485939,0.0009707813305062116,0.04630784301040493,0.0010142279517501064,,1.030047339935079,4.05123773135349,0.08538871687884483,0.08176460225009535,0.0010292192301499783,706,True,50,6,"['alpha_neg', 'phi', 'epsilon']","[('alpha_pos', 'phi', 52295.56640625), ('alpha_neg', 'phi', 22.92145538330078), ('phi', 'rho', -86467.046875), ('phi', 'capacity', -33667.8046875), ('phi', 'kappa', 16974.62109375), ('phi', 'phi_rl', 31949.748046875), ('phi', 'epsilon', 11.25067138671875)]"
10067,0.019907211884856224,0.0010000000474974513,0.41694504022598267,0.998875081539154,1.371572732925415,9.783040263305898e-13,0.054517962038517,0.0010000000474974513,609.1979370117188,1234.3958740234375,1270.9853153591228,1234.5995515340458,0.22553650970920158,1.3572585885412991e-05,3590774587392.0,True,0.007053295976161967,3.949898662893587e-06,0.06091081649777028,22.923518898645263,31.478142075681973,1.0587133683191152e-05,0.023567494305340726,1.9436626043426685e-05,0.006083005799277485,0.0009922583883755969,0.29756203362142475,-43.93039635872885,-60.32445203564615,-2.075039974026152e-05,0.008326521994196354,0.0009619049604713617,0.03373141797043496,0.0010077417066193058,0.5363280468305406,45.92814652180716,63.067597501496984,2.0750401696869574e-05,0.10070940208283764,0.001038095134523541,716,True,50,9,"['alpha_neg', 'rho', 'kappa', 'epsilon']","[('rho', 'capacity', -0.9999539852142334)]"
10071,,,,,,,,,,,,,,,,False,,,,,,,,,,,,,,,,,,,,,,,,,720,False,49,0,[],
10072,0.026570694521069527,0.01170886680483818,0.17416851222515106,0.6361751556396484,4.826684951782227,0.025560297071933746,0.059182312339544296,0.0010000000474974513,384.06402587890625,784.1280517578125,820.7398083101983,784.3311547197306,0.5131056519621096,0.00012387530296109617,434103360.0,True,0.008800169391393818,0.020585328797690552,0.032589744924131636,0.12850848780433538,0.9374206603240627,0.015442390230630055,0.02059672341276848,1.7671260060103786e-05,0.009322679456085874,-0.028637636248550515,0.11029378590850603,0.38430314783544633,2.989374219183308,-0.004706231615314339,0.018813476250985166,0.0009653650142182067,0.043818709586053176,0.052055369858226876,0.2380432385417961,0.8880471634438505,6.663995684381145,0.05582682575918183,0.09955114842810342,0.0010346350807766958,718,False,50,7,['epsilon'],[]
10074,0.04431629553437233,0.0010000000474974513,0.08381348103284836,0.5629557371139526,3.000000238418579,0.10281607508659363,0.03765951842069626,0.07899053394794464,419.0356750488281,854.0713500976562,890.6719568224532,854.2747399281648,0.4680296948598326,0.027027476578950882,19260030.0,True,0.018043274194057834,5.206114703798222e-06,0.04716858624874138,0.16961186985016977,1.5070841415971838,0.022962873303250312,0.019406636160095476,0.02807549878894915,0.008952127950838003,0.0009897962501786224,-0.008635249216356,0.23052258085712485,0.04616959921663577,0.05780967043066671,-0.00037678951416356826,0.023963567473606402,0.07968046311790666,0.0010102038448162802,0.17626221128205272,0.8953888933707804,5.953830877620522,0.14782247974252055,0.07569582635555608,0.1340175004222829,717,False,50,8,['alpha_neg'],[]
10075,,,,,,,,,,,,,,,,False,,,,,,,,,,,,,,,,,,,,,,,,,717,False,49,0,[],
10076,0.04032139107584953,0.001000000280328095,0.3012027442455292,0.9989998936653137,1.3566372394561768,0.13173630833625793,0.06073616072535515,0.0010000000474974513,487.439697265625,990.87939453125,1027.401514291533,991.0848153586394,0.375089108357349,9.818956641538534e-06,inf,True,0.013652463497049691,4.620483509703363e-06,0.05163721724980805,,0.5163663775351567,0.02509793908527297,0.023128588839566325,1.0784676376528223e-05,0.013563054321384379,0.000990944299057915,0.19999565817403497,,0.34457773665985725,0.08254525164294277,0.015404959586570108,0.000978862470214536,0.06707972783031468,0.0010090562615982749,0.4024098303170234,,2.3686967422524963,0.1809273650295731,0.10606736186414019,0.0010211376247803666,710,True,50,11,"['alpha_neg', 'rho', 'epsilon']","[('alpha_pos', 'rho', 87980.421875), ('alpha_pos', 'phi_rl', 0.9132788777351379), ('alpha_neg', 'rho', 81.39632415771484), ('phi', 'rho', -6257.86279296875), ('rho', 'capacity', 29027880960.0), ('rho', 'kappa', -11916.51953125), ('rho', 'phi_rl', 56375.35546875), ('rho', 'epsilon', -4.337283134460449)]"
10077,0.010706232860684395,0.0010000000474974513,0.1462629735469818,0.7432730793952942,3.744067907333374,0.00716371089220047,0.01134230475872755,0.0010000000474974513,422.6334533691406,861.2669067382812,897.8897976000496,861.4697236396897,0.4649547319313545,1.3176519132684916e-05,1001490048.0,True,0.0036532705352734117,3.329947209132165e-06,0.0447603572338512,0.07158170477937964,0.5161432323925179,0.016546935787118845,0.015003327003676013,3.517152734359719e-05,0.0035459541857671426,0.0009934734708971326,0.05853428543348657,0.6029755160757314,2.7324457609799513,-0.0252676873050494,-0.01806367581675468,0.0009310651206227351,0.017866511535601648,0.00100652662409777,0.23399166166047705,0.883570642714857,4.755690053686797,0.03959510908945034,0.04074828533420978,0.0010689349743721675,719,True,50,7,"['alpha_pos', 'alpha_neg', 'kappa', 'epsilon']",[]
10078,0.010528882965445518,0.007909160107374191,0.13477091491222382,0.8085336089134216,2.999999523162842,0.04352342337369919,0.0010000016773119569,0.019444957375526428,430.34130859375,876.6826171875,913.3055080492684,876.8854340889085,0.45519674559115975,0.13015300035476685,100338696.0,True,0.002810421437649331,0.005137189266548331,0.089299705600641,0.10860511027489157,0.4642134351475714,0.017491130414279035,1.2452319497058821e-05,0.047708857277101384,0.005020558166273549,-0.002159545836826272,-0.0402532918950623,0.5956715042376332,2.090157909133982,0.009241437712819121,0.0009755955795737357,-0.07406268463115395,0.01603720776461749,0.017977866051574656,0.30979512171950996,1.02139571358921,3.9098411371917017,0.07780540903457925,0.001024407775050178,0.11295259938220681,719,False,50,7,"['alpha_pos', 'alpha_neg', 'phi_rl']",[]
10079,0.028566351160407066,0.0010000000474974513,0.08607739210128784,0.9990000128746033,2.6474382877349854,0.0005581422592513263,0.04502634331583977,0.035981275141239166,359.6070861816406,735.2141723632812,771.8370632250496,735.4169892646897,0.544744817780936,7.893966539995745e-06,890584512.0,True,0.015947315625835214,5.278234578565304e-06,0.04564364319621117,2.9384691797163454e-05,0.4218286002179187,0.012155684462807882,0.027022774650742713,0.023976366663636804,-0.002689813116322784,0.0009896548978215094,-0.0033825046864827263,0.9989424199369841,1.82066942365892,-0.023266561495285238,-0.00793732176195789,-0.011011539999615745,0.05982251543713692,0.0010103451971733932,0.1755372888890584,0.9990576058122225,3.4742071518110507,0.02438284601378789,0.09799000839363742,0.08297409028209407,719,True,50,17,"['alpha_neg', 'rho', 'kappa']","[('alpha_pos', 'phi_rl', 0.934025228023529)]"
10081,,,,,,,,,,,,,,,,False,,,,,,,,,,,,,,,,,,,,,,,,,716,False,48,0,[],
10083,0.055719826370477676,0.0010000000474974513,0.0010000000474974513,0.19859781861305237,3.0,0.02301330305635929,0.05840905010700226,0.06040240451693535,433.6898498535156,883.3796997070312,919.8225548415165,883.5871925024203,0.4384615739309058,0.015174033120274544,117944273076224.0,True,0.015014260104289431,4.582717518625945e-05,0.009031998462180005,0.22195006290196995,4.117040316263835,0.015437164827500021,0.015954443935046463,0.030307988673119027,0.026292417311553795,0.0009101804346191752,-0.016702391646796513,-0.2364163110412083,-5.069250742776511,-0.007242984028949226,0.027138914600947694,0.000999838273774152,0.08514723542940156,0.0010898196603757275,0.018702391741791415,0.633611948267313,11.06925074277651,0.05326959014166781,0.08967918561305682,0.11980497076009655,703,False,50,18,"['alpha_neg', 'phi']",[]
10084,0.7455584406852722,0.001000255229882896,0.002939102239906788,0.9990000128746033,5.130184173583984,0.04626992717385292,0.0010233933571726084,0.04590017721056938,220.7362823486328,457.4725646972656,494.0731714220626,457.6759545277741,0.7197729108319348,7.2061066020978615e-06,122276464.0,True,177.37433099042534,0.0004116741992680919,1.2670103041264587,2.818064719866168e-05,0.986603682704466,0.015253722933863088,0.013777900369243678,0.011541104768017988,-346.90174208243513,0.00019338862595307037,-2.4803554618890926,0.9989447798210329,3.1964764884686483,0.016373179593328617,-0.025980795149126112,0.023280027523450632,348.3928589638057,0.0018071218338127216,2.486233666368906,0.9990552459281736,7.0638918586993205,0.07616667475437722,0.02802758186347133,0.06852032689768814,717,True,50,9,"['alpha_neg', 'phi', 'rho', 'phi_rl']",[]
10086,,,,,,,,,,,,,,,,False,,,,,,,,,,,,,,,,,,,,,,,,,630,False,49,0,[],
10087,0.030610984191298485,0.0010000000474974513,0.17236711084842682,0.8926898241043091,3.4092166423797607,0.07127347588539124,0.04082394391298294,0.024516260251402855,358.2490539550781,732.4981079101562,769.0651716088729,732.7023632293052,0.5432880366780581,1.4932576050341595e-05,48922136.0,True,0.013816960762022181,7.963095767537002e-06,0.03188300703005691,0.07962800066976311,0.7844523093195956,0.018325370575048554,0.02201001177402331,0.01572601352793537,0.003530238721931908,0.0009843926665876355,0.10987756535067791,0.7366218106306421,1.871718368524079,0.03535640955494601,-0.0023148864634052885,-0.006306159883740146,0.05769172966066506,0.001015607428407267,0.23485665634617572,1.048757837577976,4.946714916235442,0.10719054221583646,0.08396277428937117,0.05533868038654585,714,True,50,3,['alpha_neg'],[]
10088,,,,,,,,,,,,,,,,False,,,,,,,,,,,,,,,,,,,,,,,,,720,False,47,0,[],
10089,,,,,,,,,,,,,,,,False,,,,,,,,,,,,,,,,,,,,,,,,,716,False,47,0,[],
10090,0.02473830245435238,0.0010000000474974513,0.0010001477785408497,0.03958449885249138,1.0,0.06477385014295578,0.12334782630205154,0.0010000000474974513,748.8387451171875,1513.677490234375,1550.3003810961434,1513.8803071357834,0.05198553515482607,1.4268646737036761e-05,2663645569875968.0,True,0.006593598032492528,5.326466777790014e-06,0.21817662177438923,0.2107066689357234,0.3344370566556291,0.0268553215096047,0.03248305406732582,5.8688412752959555e-05,0.011815087782132864,0.0009895603644481338,-0.42661817316787937,-0.3733929835639311,0.34451541385938533,0.01213838719088673,0.05968221022222561,0.0008849728721918293,0.0376615171265719,0.0010104397305467688,0.42861846872496107,0.45256198126891384,1.6554845861406147,0.11740931309502484,0.18701344238187748,0.0011150272228030733,719,True,50,9,"['alpha_neg', 'phi', 'capacity', 'epsilon']",[]
10092,0.032410673797130585,0.0010000000474974513,0.18207529187202454,0.8984107375144958,3.3342437744140625,0.03552190586924553,0.05818355083465576,0.05014122277498245,398.4217834472656,812.8435668945312,849.4106305932479,813.0478222136802,0.49207403916481185,1.58865859702928e-05,46981564.0,True,0.01854951129717671,7.703001766231693e-06,0.023125232424287892,0.0977088813493814,0.7801802961698788,0.01756237274865008,0.024838912575391975,0.031042531317323274,-0.00394570027615463,0.0009849024414627888,0.13675066918630238,0.706904849100011,1.8051184924733072,0.0011002877988236584,0.009500176771748449,-0.010701020595927882,0.06876704787041579,0.0010150976535321138,0.2273999145577467,1.0899166259289808,4.863369056354818,0.0699435239396674,0.10686692489756308,0.11098346614589279,714,True,50,4,['alpha_neg'],[]
10093,0.017285671085119247,0.0010000000474974513,0.22580355405807495,0.58835768699646,2.938971519470215,0.08046873658895493,0.019659338518977165,0.0010000000474974513,513.2239379882812,1042.4478759765625,1078.9924992678584,1042.6527123919252,0.34388123539208837,1.890747807919979e-05,1891772928.0,True,0.005243044339604539,4.6823882600608776e-06,0.0423468201444876,0.14089821172915168,0.8600171304190443,0.022003676700676916,0.015569274915189902,4.192913244203675e-05,0.00700949301014776,0.0009908227351460989,0.14280531171508398,0.3122022665212237,1.2533689177614016,0.037342322728165046,-0.010855879580197948,0.0009178204580080493,0.027561849160090735,0.0010091773598488037,0.3088017964010659,0.8645131074716963,4.6245741211790286,0.12359515044974481,0.050174556618152275,0.0010821796369868534,712,True,50,16,"['alpha_neg', 'epsilon']",[]
10094,0.040832940489053726,0.0010000000474974513,0.1296795904636383,0.43896937370300293,2.856415033340454,2.1900293277249827e-18,0.10041432827711105,0.07269629836082458,561.1702270507812,1138.3404541015625,1174.8512983138196,1138.5461683872768,0.27954985405259547,6.707754073431715e-05,235021440.0,True,0.015127627625572295,1.2205846879894643e-05,0.04008963680782323,0.22940897351819242,1.6530390655916076,1.04334264093376e-05,0.026498699723564702,0.06421601520283027,0.011183335171398856,0.0009760770272120472,0.05110534616701347,-0.010663952122957232,-0.3834820002568411,-2.0449139997648562e-05,0.048477831181782755,-0.053164778667399326,0.0704825458067086,0.0010239230677828554,0.20825383476026316,0.8886026995289631,6.096312066937749,2.044913999765294e-05,0.15235082537243935,0.1985573753890485,709,True,50,11,"['alpha_neg', 'kappa']",[]
10095,0.08584529906511307,0.0010000000474974513,0.0010000000474974513,0.7916085124015808,1.0564786195755005,2.9025286473892582e-15,0.11710844188928604,0.05455406755208969,456.2974548339844,928.5949096679688,965.1395329592646,928.7997460833315,0.4166575247192694,3.4503445931477472e-06,inf,True,0.02717689424864468,1.1600107667202035e-05,0.013008621737413769,,,7.065403371728771e-06,0.023401308231980295,0.03372673599232173,0.03257956512611576,0.0009772642542529484,-0.024496430046338398,,,-1.3847936141933725e-05,0.07124272056348398,-0.011549120308951666,0.13911103300411037,0.0010227358407419542,0.0264964301413333,,,1.3847936147738784e-05,0.16297416321508812,0.12065725541313105,712,True,50,21,"['alpha_neg', 'phi', 'kappa']","[('alpha_pos', 'rho', -21457.322265625), ('alpha_pos', 'capacity', -104049.0), ('alpha_neg', 'rho', -159.7072296142578), ('alpha_neg', 'capacity', 200.81089782714844), ('phi', 'rho', 2103.9755859375), ('phi', 'capacity', -8245.6455078125), ('rho', 'capacity', 1.496617947412562e+17), ('rho', 'kappa', 1.3471908569335938), ('rho', 'phi_rl', 11400.5712890625), ('rho', 'epsilon', -40955.625), ('capacity', 'kappa', -5.324963092803955), ('capacity', 'phi_rl', -68913.6328125), ('capacity', 'epsilon', 49487.703125)]"
10097,,,,,,,,,,,,,,,,False,,,,,,,,,,,,,,,,,,,,,,,,,717,False,47,0,[],
10098,0.040526892989873886,0.0010000000474974513,0.14633476734161377,0.8088186979293823,3.0000147819519043,2.3700158685048088e-36,0.06702712178230286,0.04151744768023491,373.4828796386719,762.9657592773438,799.5103825686396,763.1705956927065,0.522529820897937,0.02189480885863304,392767264.0,True,0.015760808445403545,1.272994306605993e-05,0.0427047328898118,0.11001216711770688,0.7172709586405603,1.7331764963401082e-05,0.02203609040675491,0.025756387961528533,0.00963627606964822,0.0009750498175627284,0.06263502890817953,0.5931988125174752,1.5941895358598874,-3.396963511677929e-05,0.02383717822499465,-0.008964145096202032,0.07141750991009956,0.0010249502774321742,0.23003450577504803,1.0244385833412895,4.405840028043921,3.396963511677929e-05,0.11021706533961106,0.09199904045667184,712,False,50,9,"['alpha_neg', 'kappa']",[]
10099,,,,,,,,,,,,,,,,False,,,,,,,,,,,,,,,,,,,,,,,,,714,False,48,0,[],
10101,,,,,,,,,,,,,,,,False,,,,,,,,,,,,,,,,,,,,,,,,,715,False,48,0,[],
10102,,,,,,,,,,,,,,,,False,,,,,,,,,,,,,,,,,,,,,,,,,716,False,49,0,[],
10103,0.0046145557425916195,0.0010000033071264625,0.0010000000474974513,0.9040336012840271,5.0,0.051488667726516724,0.0010000274050980806,0.0010000000474974513,319.9142761230469,655.8285522460938,692.4514431078621,656.0313691475022,0.594995099742522,1.9437413215637207,inf,True,0.0025245597976269636,8.79411593500805e-06,,0.03138114906165382,0.35180807113647466,0.017406255844726347,2.841726605946394e-05,5.8178419164309495e-05,-0.0003334905375749564,0.000982767156617977,,0.8425276793297027,4.310468851102004,0.017373033165163268,0.0009443305870824388,0.0008859724412579298,0.009562602022758195,0.001017239457634948,,0.9655395232383515,5.689531148897996,0.08560430228787018,0.0010557242231137224,0.0011140276537369728,719,False,50,4,"['alpha_pos', 'alpha_neg', 'phi', 'phi_rl', 'epsilon']","[('alpha_pos', 'phi', 520876.59375), ('alpha_neg', 'phi', -111.07540893554688), ('phi', 'rho', -323000.46875), ('phi', 'capacity', -502471.5), ('phi', 'kappa', -168631.078125), ('phi', 'phi_rl', -261.10748291015625), ('phi', 'epsilon', 98.74368286132812)]"
10104,,,,,,,,,,,,,,,,False,,,,,,,,,,,,,,,,,,,,,,,,,715,False,49,0,[],
10106,0.020182203501462936,0.0010000000474974513,0.21521085500717163,0.7437471151351929,2.8110129833221436,0.05022488161921501,0.04072437807917595,0.013071299530565739,487.0252685546875,990.050537109375,1026.6734279711434,990.2533540107835,0.38343601697225804,5.474542376759928e-06,30603846.0,True,0.010905782963819862,5.517025446538724e-06,0.03518268155038213,0.15410654215977707,0.6938458566044349,0.02122695510530804,0.0258802971716478,0.033583487944090586,-0.00119273833083448,0.0009891868763204443,0.14625406628888082,0.4417038427200264,1.4511000935551084,0.008620814111362625,-0.010000072286447566,-0.05275112731508691,0.041557145333760356,0.0010108132186744583,0.28416764372546244,1.0457903875503594,4.170925873089178,0.0918289491270674,0.09144882844479946,0.07889372637621839,719,True,50,11,['alpha_neg'],[]
10107,,,,,,,,,,,,,,,,False,,,,,,,,,,,,,,,,,,,,,,,,,714,False,48,0,[],
10109,,,,,,,,,,,,,,,,False,,,,,,,,,,,,,,,,,,,,,,,,,719,False,48,0,[],
10110,,,,,,,,,,,,,,,,False,,,,,,,,,,,,,,,,,,,,,,,,,719,False,48,0,[],
10111,0.05527183413505554,0.0010000000474974513,0.0010096151381731033,0.5923492312431335,1.0,5.322770649288489e-36,0.09005656093358994,0.16075399518013,578.647705078125,1173.29541015625,1209.8512615195643,1173.4999556107955,0.2612793274057409,7.3503979365341365e-06,inf,True,0.022596398472768103,7.559568505947275e-06,0.7514783065085479,0.37384723263703845,,2.0157269085536663e-05,0.024935194266940644,0.05470665819435165,0.01098370694811418,0.0009851835654871314,-1.4718608007817324,-0.14037788044542887,,-3.950752143433449e-05,0.04118447822287664,0.05353091540465775,0.0995599613219969,0.0010148165295077712,1.4738800310580786,1.325076342931696,,3.950752143433449e-05,0.13892864364430324,0.26797707495560225,713,True,50,36,"['alpha_neg', 'phi', 'capacity', 'kappa']","[('alpha_pos', 'capacity', 158370.3125), ('alpha_neg', 'capacity', 220.92987060546875), ('phi', 'capacity', -377868.34375), ('rho', 'capacity', 379756281856.0), ('capacity', 'kappa', 46.06850051879883), ('capacity', 'phi_rl', -239876.140625), ('capacity', 'epsilon', -201350.46875)]"
10112,,,,,,,,,,,,,,,,False,,,,,,,,,,,,,,,,,,,,,,,,,707,False,49,0,[],
10113,,,,,,,,,,,,,,,,False,,,,,,,,,,,,,,,,,,,,,,,,,696,False,49,0,[],
10114,0.015559036284685135,0.0010000000474974513,0.20333844423294067,0.9990000128746033,1.687016487121582,0.03766809031367302,0.03089018724858761,0.0010000000474974513,520.3546752929688,1056.7093505859375,1093.2201947981946,1056.9150648716518,0.33195030012647264,7.799390004947782e-06,inf,True,0.004899600849634474,6.796798404932399e-06,0.03589881065642836,,0.1683335118384413,0.020236218602345025,0.017518201489222354,0.00013220609176387645,0.005955995080779717,0.0009866785674136045,0.13297806825851838,,1.3570888665270902,-0.0019941693302026955,-0.003444856744204146,0.000740880869103456,0.025162077488590555,0.001013321527581298,0.27369882020736297,,2.016944107716074,0.07733034995754873,0.06522523124137936,0.0012591192258914466,709,True,50,8,"['alpha_neg', 'rho', 'epsilon']","[('alpha_pos', 'rho', -95534.15625), ('alpha_neg', 'rho', -60.480464935302734), ('phi', 'rho', 23998.30859375), ('rho', 'capacity', 205252853760.0), ('rho', 'kappa', -2151.098388671875), ('rho', 'phi_rl', 72710.9609375), ('rho', 'epsilon', 18.6929988861084)]"
10115,0.01971643790602684,0.0010000000474974513,0.0010016461601480842,0.7859488129615784,4.006573677062988,0.10516222566366196,0.0437234602868557,0.0010000000474974513,402.07171630859375,820.1434326171875,856.6768120556135,820.3485608223157,0.48525816019513435,6.6357333707856014e-06,inf,True,0.007625654647519918,9.764436409923985e-06,,0.0879452337138136,0.5879696688473096,0.02250004148777896,0.01968837793325585,3.3548132706510824e-05,0.00477042943834732,0.0009808621038046687,,0.6135793222705459,2.8541743021203194,0.061062954696958174,0.005134948623661088,0.0009342469156441199,0.03466244637370636,0.0010191379911902339,,0.9583183036526108,5.158973052005657,0.14926149663036575,0.0823119719500503,0.0010657531793507827,711,True,50,9,"['alpha_neg', 'phi', 'epsilon']","[('alpha_pos', 'phi', 137465.484375), ('alpha_neg', 'phi', -7.337464332580566), ('phi', 'rho', -142754.46875), ('phi', 'capacity', -103870.2265625), ('phi', 'kappa', -19131.037109375), ('phi', 'phi_rl', 46608.21484375), ('phi', 'epsilon', 74.94163513183594)]"
10116,,,,,,,,,,,,,,,,False,,,,,,,,,,,,,,,,,,,,,,,,,718,False,49,0,[],
10117,,,,,,,,,,,,,,,,False,,,,,,,,,,,,,,,,,,,,,,,,,715,False,48,0,[],
10119,,,,,,,,,,,,,,,,False,,,,,,,,,,,,,,,,,,,,,,,,,719,False,49,0,[],
10120,0.019257472828030586,0.0010000000474974513,0.07875286042690277,0.9581064581871033,2.999988555908203,0.05062904953956604,0.054393623024225235,0.016750937327742577,414.371826171875,844.74365234375,881.3219126853021,844.9476183494157,0.4724790341389682,2.1463921070098877,28712396.0,True,0.007629787699869436,5.176325159418383e-06,0.02456101418701843,0.06222580614065322,0.2380569918850847,0.020996959983630673,0.023114877028023565,0.018480597577313723,0.0043033637265997935,0.0009898546366127227,0.030614157196569333,0.8361461192424516,2.533405425545493,0.009475764186821202,0.009089296542226809,-0.019470368336570495,0.03421158192946138,0.00101014545838218,0.1268915636572362,1.080066797131755,3.466571686270913,0.09178233489231089,0.09969794950622365,0.05297224299205565,715,False,50,2,['alpha_neg'],[]
10121,,,,,,,,,,,,,,,,False,,,,,,,,,,,,,,,,,,,,,,,,,711,False,49,0,[],
10125,,,,,,,,,,,,,,,,False,,,,,,,,,,,,,,,,,,,,,,,,,717,False,49,0,[],
10126,,,,,,,,,,,,,,,,False,,,,,,,,,,,,,,,,,,,,,,,,,719,False,48,0,[],
10128,,,,,,,,,,,,,,,,False,,,,,,,,,,,,,,,,,,,,,,,,,705,False,47,0,[],
10130,,,,,,,,,,,,,,,,False,,,,,,,,,,,,,,,,,,,,,,,,,713,False,46,0,[],
10134,,,,,,,,,,,,,,,,False,,,,,,,,,,,,,,,,,,,,,,,,,701,False,49,0,[],
10135,0.1620170921087265,0.0010000000474974513,0.0014054286293685436,0.333707720041275,1.9747103452682495,0.031100952997803688,0.12006349861621857,0.14010432362556458,450.91650390625,917.8330078125,954.2872346617644,918.0402020571044,0.41698595200440014,1.8714887119131163e-05,inf,True,0.0750404528000201,9.112798578305598e-06,2.9251277492110583,,,0.017845041205580822,0.030193485932026396,0.02829104504248268,0.01494050723710924,0.0009821392904856045,-5.731739610003017,,,-0.0038746850677679467,0.060885353621730046,0.08465489425729808,0.30909367698034373,0.0010178608045092981,5.734550467261754,,,0.06607659106337532,0.1792416436107071,0.19555375299383107,704,True,50,19,"['alpha_neg', 'phi']","[('alpha_pos', 'rho', 84100.890625), ('alpha_pos', 'capacity', -164772.078125), ('alpha_pos', 'phi_rl', 0.9173079133033752), ('alpha_neg', 'rho', 131.43020629882812), ('alpha_neg', 'capacity', -265.4563293457031), ('phi', 'rho', -446980.71875), ('phi', 'capacity', 718595.25), ('rho', 'capacity', 1.0302539916378112e+17), ('rho', 'kappa', -27968.466796875), ('rho', 'phi_rl', 125995.7578125), ('rho', 'epsilon', 77080.3828125), ('capacity', 'kappa', 51873.234375), ('capacity', 'phi_rl', -213903.46875), ('capacity', 'epsilon', -132561.859375)]"
10137,,,,,,,,,,,,,,,,False,,,,,,,,,,,,,,,,,,,,,,,,,718,False,48,0,[],
10139,0.06710992753505707,0.0010000000474974513,0.8770638704299927,0.2104867845773697,6.180129051208496,6.257849598755028e-13,0.11157524585723877,0.0705462321639061,619.476806640625,1254.95361328125,1291.419195703748,1255.1605098329742,0.20018143348960948,9.28001736610895e-06,inf,False,0.017512312243134695,7.98324825268704e-06,0.10779067178713593,0.07944151074211517,2.1050693041544368e-11,1.4531600196480857e-05,0.021828188339036814,0.0624918104869688,0.03278642625249322,0.0009843531684425423,0.6657980358578286,0.05478428464537213,6.1801290511672375,-2.8481412397052695e-05,0.06879278286496943,-0.05193546571925521,0.10143342881762091,0.0010156469265523603,1.0883297050021568,0.3661892845093673,6.180129051249755,2.8481413648622615e-05,0.1543577088495081,0.19302793004706742,705,True,50,12,"['alpha_neg', 'kappa']",[]
10140,,,,,,,,,,,,,,,,False,,,,,,,,,,,,,,,,,,,,,,,,,715,False,49,0,[],
10141,,,,,,,,,,,,,,,,False,,,,,,,,,,,,,,,,,,,,,,,,,716,False,49,0,[],
10142,,,,,,,,,,,,,,,,False,,,,,,,,,,,,,,,,,,,,,,,,,719,False,49,0,[],
10143,0.06393197178840637,0.0010000041220337152,0.15585747361183167,0.8131764531135559,2.729576349258423,0.016690002754330635,0.036609649658203125,0.09391610324382782,350.1229553222656,716.2459106445312,752.8688015062996,716.4487275459397,0.5567515325774106,9.414068699697964e-06,36816852.0,True,0.04548797935193182,1.0009000010993973e-05,0.03693189342606612,0.22744035502511875,1.0639416213914763,0.014326792210187666,0.05578403561748918,0.021297962499723395,-0.025222829470881628,0.000980386842490906,0.08347229261587048,0.36740154863331964,0.6442890896779794,-0.011389993991626188,-0.07272505106437527,0.0521728638002853,0.15308677304769436,0.0010196214015765245,0.22824265460779286,1.258951357593792,4.814863608838866,0.044769999500287455,0.14594435038078152,0.13565934268737034,719,True,50,9,['alpha_neg'],"[('alpha_pos', 'phi_rl', 0.9227713346481323)]"
10145,0.021753232926130295,0.0010000563925132155,0.0010190255707129836,0.9195432066917419,4.294932842254639,0.007886214181780815,0.04032354801893234,0.08261127769947052,362.3280029296875,740.656005859375,777.2118572226893,740.8605513139205,0.5374401666592354,9.846673492575064e-06,inf,True,0.019281916246097954,2.8322207121190242e-05,,0.11742300130807515,0.6749529435263755,0.013920126191954702,0.033490790236550376,0.05598182590628017,-0.016038628469139456,0.0009445458865929989,,0.689398353171315,2.9720493816836457,-0.01939673181470309,-0.025317194658492068,-0.027111084865629978,0.059545094321400045,0.0010555668984334322,,1.1496880602121688,5.617816302825632,0.03516916017826472,0.10596429069635675,0.192333640264571,713,True,50,3,"['alpha_neg', 'phi', 'kappa']","[('alpha_pos', 'phi', 58372.19140625), ('alpha_neg', 'phi', -62.984375), ('phi', 'rho', -141000.828125), ('phi', 'capacity', 31295.927734375), ('phi', 'kappa', -29518.408203125), ('phi', 'phi_rl', 49688.515625), ('phi', 'epsilon', -12812.7421875)]"
10147,0.001000002957880497,0.0010000000474974513,0.10435961931943893,0.9989990592002869,4.968943119049072,0.01923593319952488,0.9990000128746033,0.06792622804641724,323.0421447753906,662.0842895507812,698.6737308864664,662.2879670613895,0.5893217429773374,9.501894055574667e-06,1104941416448.0,True,0.0007773900650385985,0.0009243224068505249,0.032558587288925696,0.04347229251504369,0.1751086187097893,0.014338560786247349,0.0005946891726662781,0.047201242965436555,-0.0005236535715344064,-0.0008116385800329565,0.040545960845640966,0.913794931545411,4.625736532995329,-0.008867129531658243,0.9978344435141815,-0.024586508191362988,0.0025236594872954004,0.002811638675027859,0.1681732777932369,1.0842031868551627,5.312149705102816,0.047338995930708005,1.000165582235025,0.16043896428419746,716,True,50,8,"['alpha_pos', 'alpha_neg', 'rho', 'phi_rl']",[]
10148,,,,,,,,,,,,,,,,False,,,,,,,,,,,,,,,,,,,,,,,,,705,False,49,0,[],
10149,0.030133945867419243,0.0010000000474974513,0.3331405520439148,0.9989967942237854,1.3325250148773193,1.6941421876470741e-10,0.04892166703939438,0.05258183181285858,546.9808959960938,1109.9617919921875,1146.5176433555018,1110.166337446733,0.3017062163378136,2.0249241060810164e-05,inf,True,0.009880820335771513,5.268401379200746e-06,0.0401974046245647,,,2.5544728748458935e-05,0.019616359707665065,0.03689379037383801,0.010767893871596112,0.0009896741705381167,0.2543550867077842,,,-5.0066578927605675e-05,0.010474308504588185,-0.019728668573034458,0.04949999786324237,0.001010325924456786,0.4119260173800454,,,5.0066917756043204e-05,0.08736902557420057,0.12489233219875162,713,True,50,22,"['alpha_neg', 'rho', 'kappa']","[('alpha_pos', 'rho', 51536.296875), ('alpha_pos', 'capacity', -37905.79296875), ('alpha_neg', 'rho', 67.94097900390625), ('alpha_neg', 'capacity', -52.94521713256836), ('phi', 'rho', -4354.01904296875), ('phi', 'capacity', 3843.4609375), ('rho', 'capacity', 7744352705052672.0), ('rho', 'kappa', -27.30580711364746), ('rho', 'phi_rl', 29414.701171875), ('rho', 'epsilon', -2577.681884765625), ('capacity', 'kappa', 17.892274856567383), ('capacity', 'phi_rl', -38014.44140625), ('capacity', 'epsilon', 20552.330078125)]"
10150,0.10143156349658966,0.0010000000474974513,0.08569130301475525,0.9944270253181458,1.0,0.06472045928239822,0.07827049493789673,0.06766779720783234,360.34368896484375,736.6873779296875,773.2656382712396,736.8913439353532,0.5412601947367539,2.6012963644461706e-05,inf,True,0.03490951597646922,8.509771825302663e-06,0.07934871279209796,0.4471744219237646,,0.019492433608159117,0.022196441510812646,0.02120051539045197,0.033010169464984376,0.0009833212012032044,-0.06982931627736944,0.11798126354004879,,0.026515991439368218,0.03476626899175412,0.02611555058885936,0.16985295752819496,0.0010166788937916982,0.24121192230687993,1.8708727870962427,,0.10292492712542822,0.12177472088403934,0.10922004382680531,715,True,50,9,"['alpha_neg', 'rho', 'capacity']","[('alpha_pos', 'capacity', 3700230.75), ('alpha_neg', 'capacity', 3658.141357421875), ('phi', 'capacity', -417857.0625), ('rho', 'capacity', 25544978432.0), ('capacity', 'kappa', -243540.4375), ('capacity', 'phi_rl', 1784642.5), ('capacity', 'epsilon', 1322335.0)]"
10151,,,,,,,,,,,,,,,,False,,,,,,,,,,,,,,,,,,,,,,,,,717,False,47,0,[],
10152,,,,,,,,,,,,,,,,False,,,,,,,,,,,,,,,,,,,,,,,,,719,False,49,0,[],
10154,0.03120243549346924,0.0010000000474974513,0.0010000000474974513,0.9990000128746033,1.699659824371338,6.705989215546646e-35,0.060471583157777786,0.0010000000474974513,419.6506652832031,855.3013305664062,891.9019372912032,855.5047203969148,0.46724895812995737,8.483389137836639e-06,inf,True,0.006672526594288171,1.2030859423148424e-05,,0.026303744454132534,0.19757650887496866,1.2682393672004175e-05,0.013810288880307773,1.7942033343528864e-05,0.01812452368277872,0.000976419996325016,,0.9474456210859583,1.312416982785241,-2.485703483488687e-05,0.033403914336280566,0.0009648343083347179,0.04428034730415976,0.0010235800986698866,,1.0505544046632482,2.086902665957435,2.485703483488687e-05,0.087539251979275,0.0010351657866601847,717,True,50,13,"['alpha_neg', 'phi', 'rho', 'kappa', 'epsilon']","[('alpha_pos', 'phi', 47239.07421875), ('alpha_neg', 'phi', -14.189431190490723), ('phi', 'rho', 182.74774169921875), ('phi', 'capacity', -104894.6328125), ('phi', 'kappa', 7.6640825271606445), ('phi', 'phi_rl', 22422.345703125), ('phi', 'epsilon', 17.561145782470703)]"
10155,,,,,,,,,,,,,,,,False,,,,,,,,,,,,,,,,,,,,,,,,,713,False,49,0,[],
10156,0.009464850649237633,0.0010000000474974513,0.00921747274696827,0.8204420804977417,4.32259464263916,3.0190365762905458e-09,0.0010000000474974513,0.0010003510396927595,333.0834045410156,682.1668090820312,718.711432373327,682.371645497394,0.5741775554049886,7.73683041188633e-06,388099104.0,True,0.0018218984636220257,5.7640353171155e-06,3.2204483320691777,0.05308836333822686,0.41588126667380043,1.287266710760144e-05,2.3972603002461444e-05,0.0005110445362430371,0.005893995277049605,0.000988702745870288,-6.302745272180708,0.7163908003566405,3.5074823381136135,-2.522694487929592e-05,0.0009530146089969502,-1.2778458395674899e-06,0.013035706021425661,0.0010112973491246146,6.3211802176746446,0.9244933606388429,5.137706947164707,2.5232982952448503e-05,0.0010469854859979524,0.0020019799252250867,712,True,50,6,"['alpha_pos', 'alpha_neg', 'phi', 'kappa', 'phi_rl', 'epsilon']",[]
10157,,,,,,,,,,,,,,,,False,,,,,,,,,,,,,,,,,,,,,,,,,719,False,49,0,[],
10158,,,,,,,,,,,,,,,,False,,,,,,,,,,,,,,,,,,,,,,,,,716,False,49,0,[],
10159,0.7915470004081726,0.9990000128746033,0.19713863730430603,0.9990000128746033,4.573726177215576,0.031304288655519485,0.9274060726165771,0.04543862119317055,358.8548278808594,733.7096557617188,770.2990970974039,733.913333272327,0.5437936578190219,8.943597094912548e-06,61946740736.0,True,2.147668858845577,0.00024103422989454665,0.017300550623073636,2.4685398304918573e-05,0.20126209921643934,0.016207524932020052,0.1709463030342611,0.019472352553291983,-3.417806613647395,0.9985275944649686,0.16323018117036972,0.9989516303829816,4.179259711298428,-0.000461876489774804,0.5923574753791552,0.007273511494451698,5.00090061446374,0.9994724312842379,0.23104709343824234,0.9990483953662249,4.968192643132724,0.06307045380081377,1.2624546698539991,0.0836037308918894,716,True,50,4,"['alpha_neg', 'rho']","[('alpha_pos', 'phi_rl', 0.9642266035079956)]"
10160,0.030903715640306473,0.0010000000474974513,0.18136951327323914,0.9990000128746033,1.1621086597442627,0.018767155706882477,0.05651243403553963,0.01865534484386444,499.107666015625,1014.21533203125,1050.815938756047,1014.4187218617585,0.3663774394454835,1.5723169781267643e-05,inf,True,0.008731087715929294,6.576095068516386e-06,0.04607012306780868,,0.3176383217395579,0.017135721414963126,0.01538407731024726,0.03032525371526473,0.013791098171224977,0.0009871111380042477,0.09107373129700617,,0.539548989024983,-0.014818241115556983,0.02636019657207517,-0.0407810602600939,0.048016333109387965,0.0010128889569906549,0.2716652952494721,,1.7846683304635422,0.05235255252932194,0.08666467149900409,0.07809174994782278,717,True,50,9,"['alpha_neg', 'rho']","[('alpha_pos', 'rho', 76212.9140625), ('alpha_neg', 'rho', 91.66783142089844), ('phi', 'rho', -23827.73828125), ('rho', 'capacity', 15917572096.0), ('rho', 'kappa', 12174.4033203125), ('rho', 'phi_rl', 64212.62890625), ('rho', 'epsilon', 11889.7294921875)]"
10162,0.010778805240988731,0.0010000000474974513,0.17423848807811737,0.9403844475746155,3.525707960128784,0.026993228122591972,0.026747779920697212,0.025403250008821487,409.60784912109375,835.2156982421875,871.7827619409042,835.4199535613365,0.47781354089038286,1.5627638276782818e-05,31561080.0,True,0.009699103788575384,7.83809480687295e-06,0.027217765195644807,0.08280403084069914,0.6213368493876043,0.015980738919152724,0.029288545792093525,0.054378694265404016,-0.008231088866935014,0.0009846376639685698,0.12089264855498577,0.7780915293521012,2.307910113061492,-0.00432844460528492,-0.030656714991358247,-0.08117703227768516,0.029788699348912477,0.0010153624310263328,0.22758432760124897,1.1026773657971296,4.743505807196076,0.058314900850468865,0.08415227483275267,0.13198353229532814,714,True,50,8,"['alpha_pos', 'alpha_neg']",[]
10163,0.07969123125076294,0.0010000000474974513,0.2378239780664444,0.9205228090286255,1.1552844047546387,3.5368211437183033e-17,0.09705293923616409,0.12375707924365997,481.8554382324219,979.7108764648438,1016.3337673266121,979.9136933662522,0.38998091593516626,5.967567631159909e-06,inf,True,0.0255267598024457,1.0713773545206003e-05,0.04374845112931294,,,8.411525794790983e-06,0.0206585931561207,0.03315762959857096,0.029659701395964584,0.0009790014372103295,0.15207858947358038,,,-1.6486287612784613e-05,0.056562840678901875,0.058769319417741606,0.1297227611055613,0.001020998657784573,0.3235693666593084,,,1.648628761285535e-05,0.1375430377934263,0.18874483906957834,719,True,50,14,"['alpha_neg', 'kappa']","[('alpha_pos', 'rho', 688305.875), ('alpha_pos', 'capacity', -593773.125), ('alpha_neg', 'rho', 868.221923828125), ('alpha_neg', 'capacity', -751.9957885742188), ('phi', 'rho', -151093.921875), ('phi', 'capacity', 119816.796875), ('rho', 'capacity', 1.3600424541657498e+17), ('rho', 'kappa', 20.5743408203125), ('rho', 'phi_rl', 395764.59375), ('rho', 'epsilon', 164911.234375), ('capacity', 'kappa', -18.34322166442871), ('capacity', 'phi_rl', -354984.625), ('capacity', 'epsilon', -142568.65625)]"
10164,0.022949736565351486,0.0010000000474974513,0.3978368639945984,0.9989961981773376,1.4004757404327393,3.4555369091311683e-13,0.03964602202177048,0.12422313541173935,622.3473510742188,1260.6947021484375,1297.3175930102059,1260.8975190498459,0.21212104098044826,1.413789505022578e-05,4628354695168.0,True,0.010444757327340065,4.462283090142789e-06,0.036105269617969164,0.856243772795939,1.252422881954412,9.802985131462325e-06,0.02185562998143879,0.0763522655504507,0.0024783883765041245,0.0009912541333519493,0.3270718358912706,-0.6792107584893996,-1.0542280016117682,-1.9213497453094115e-05,-0.0031902256012833613,-0.025424555205182303,0.04342108475419885,0.0010087459616429533,0.4686018920979262,2.677203154844075,3.8551794824772467,1.9213498144201497e-05,0.08248226964482432,0.273870826028661,719,True,50,11,"['alpha_neg', 'rho', 'kappa']","[('rho', 'capacity', -0.9584254622459412)]"
10165,0.01793576590716839,0.0010000000474974513,0.3216504752635956,0.9976602792739868,1.4663898944854736,2.4690078107014735e-11,0.032112330198287964,0.1252976655960083,616.8660888671875,1249.732177734375,1286.2880290976893,1249.9367231889205,0.21248848294138756,1.1086923223047052e-05,inf,True,0.007642448572497817,4.25801136305953e-06,0.04814917198691461,,,9.940936179887503e-06,0.01698383015587775,0.09709790753439503,0.002956841951373119,0.0009916544985800924,0.22727983228381807,,,-1.9483852195112586e-05,-0.0011753652267777193,-0.06501073614560632,0.032914689862963656,0.0010083455964148102,0.41602111824337307,,,1.94839015752688e-05,0.06540002562335365,0.3156060673376229,713,True,50,10,"['alpha_neg', 'rho', 'kappa']","[('alpha_pos', 'rho', -18822.27734375), ('alpha_pos', 'capacity', 16218.6884765625), ('alpha_neg', 'rho', -27.85103416442871), ('alpha_neg', 'capacity', 21.602670669555664), ('phi', 'rho', -27848.1328125), ('phi', 'capacity', 6817.76513671875), ('rho', 'capacity', 6863983730491392.0), ('rho', 'kappa', 2.448495626449585), ('rho', 'phi_rl', 5847.3330078125), ('rho', 'epsilon', -33672.55078125), ('capacity', 'kappa', -7.67266321182251), ('capacity', 'phi_rl', -2778.70068359375), ('capacity', 'epsilon', 60901.75390625)]"
10166,,,,,,,,,,,,,,,,False,,,,,,,,,,,,,,,,,,,,,,,,,714,False,48,0,[],
10168,0.03716621920466423,0.005610428284853697,0.0010000000474974513,0.9990000128746033,3.0,0.060563985258340836,0.0010000000474974513,0.12465328723192215,390.8302307128906,797.6604614257812,834.2722179781671,797.8635643876994,0.5045278454784262,0.00833016075193882,361424048095232.0,True,0.03059987699152026,0.018959659793835456,0.03238655426113442,6.085502328121598e-05,0.970457951227824,0.01828807420442785,1.6798490063948675e-05,0.027848315743663622,-0.022808437630071343,-0.0315498220701959,-0.062476479887678224,0.9988807392206938,1.0979373670829367,0.024720018471066245,0.0009670756119774579,0.07007159134424168,0.0971408760393998,0.042770678639903296,0.06447647998267313,0.9991192865285128,4.902062632917064,0.09640795204561542,0.0010329244830174446,0.17923498311960262,718,False,50,6,"['alpha_neg', 'phi', 'rho', 'phi_rl']",[]
10169,0.07465358078479767,0.0010000000474974513,0.34436407685279846,0.9348529577255249,1.0000207424163818,8.001866313653294e-13,0.055474478751420975,0.10002128779888153,411.6030578613281,839.2061157226562,875.7619670859706,839.4106611772017,0.4745340125316456,8.176097253453918e-06,783161360384.0,True,0.028404708027948825,1.1902937070912022e-05,0.06511542994740975,1.991114166197453,2.047887638411305,1.559798324245765e-05,0.0275997295801383,0.02263237975686739,0.01898137605864223,0.000976670719528217,0.2167401793180345,-2.9676590971289825,-3.0137652732545606,-3.057148458648966e-05,0.0013800027913051238,0.055662638590988064,0.1303257855109531,0.0010233293754666856,0.47198797438756246,4.837365012580032,5.013806758087324,3.057148618686292e-05,0.10956895471153683,0.14437993700677498,713,True,50,15,"['alpha_neg', 'capacity', 'kappa']","[('alpha_pos', 'phi_rl', 0.9014688730239868), ('rho', 'capacity', -0.9615069627761841)]"
10170,0.09741301089525223,0.0010000037727877498,0.0010576826753094792,0.20212788879871368,3.0000030994415283,0.11486596614122391,0.06564339250326157,0.059843722730875015,356.8321838378906,729.6643676757812,766.2761242281671,729.8674706376994,0.5476286197045028,0.07125309854745865,8702746624.0,True,0.022600247066314263,2.3039658187572144e-05,0.617091502163218,0.2860404051662595,4.822042069021931,0.023288586443291622,0.017400513164520716,0.017921267510573314,0.053117340603569256,0.000954846872523995,-1.2084194367303185,-0.3585010034503997,-6.451025687778461,0.06922117546152456,0.03153901338828588,0.02471868385284353,0.1417086811869352,0.0010451606730515046,1.2105348020809374,0.7627567810478271,12.451031886661518,0.16051075682092325,0.09974777161823725,0.0949687616089065,718,False,50,19,"['alpha_neg', 'phi']",[]
10171,0.02126268483698368,0.0010000000474974513,0.001000000280328095,0.9239827394485474,2.999971866607666,0.021135473623871803,0.030850214883685112,0.04385620355606079,385.6784973144531,787.3569946289062,823.9687511812921,787.5600975908244,0.5110589176572304,0.7068173885345459,35357768.0,True,0.00938973422804387,6.737732813482039e-06,4.9901010658216396e-06,0.11342610505483426,0.42166250404365774,0.014995704045899503,0.021170150703596683,0.031817912699507754,0.002859143925614687,0.0009867943338455728,0.0009902198619598697,0.7016716586344156,2.1735285450511217,-0.008255566228912797,-0.010642518042649672,-0.018505759398214014,0.03966622574835267,0.0010132057611493299,0.0010097806986963203,1.1462938202626791,3.8264151881642103,0.050526513476656404,0.0723429478100199,0.1062181665103356,718,False,50,8,"['alpha_neg', 'phi']",[]
10172,,,,,,,,,,,,,,,,False,,,,,,,,,,,,,,,,,,,,,,,,,719,False,49,0,[],
10173,0.018856028094887733,0.0010000000474974513,0.9990000128746033,0.0010000033071264625,6.96476936340332,3.3659273613973728e-22,0.06583305448293686,0.03345703333616257,689.5020751953125,1395.004150390625,1431.1455205739232,1395.2197192529004,0.07295149825202263,5.864746526640374e-06,inf,False,0.005826786773187845,6.86611140472755e-06,0.0003238033789749377,0.00032362517977156034,,2.9098344435579025e-05,0.020352879855291484,0.17134828451552542,0.0074357358738452,0.0009865427164303456,0.99836536991374,0.0003657096102839038,,-5.7031707103476375e-05,0.025942142984894764,-0.30237943312698945,0.030276320315930267,0.001013457378564557,0.9996346558354665,0.0016342970039690211,,5.7031707103476375e-05,0.10572396598097895,0.3692934997993146,677,True,50,23,"['alpha_neg', 'phi', 'rho', 'kappa']",[]
10174,,,,,,,,,,,,,,,,False,,,,,,,,,,,,,,,,,,,,,,,,,714,False,48,0,[],
10175,0.03966248035430908,0.0010000000474974513,0.1854996681213379,0.27879127860069275,2.999999761581421,0.01845446415245533,0.047131847590208054,0.050004731863737106,474.0673522949219,964.1347045898438,1000.7353113146407,964.3380944203523,0.3981663875565382,0.2324371486902237,72228192.0,True,0.009346671469978675,6.600002236246064e-06,0.05280544573213928,0.19880436550759747,2.4766146455239206,0.015095815254306196,0.012662319541650969,0.03294104264800322,0.021343340897822836,0.0009870642808165252,0.08200289629876059,-0.11085811776353527,-1.8540757472298965,-0.011132790063255172,0.02231415732783443,-0.01455852533954713,0.05798161981079533,0.0010129358141783775,0.2889964399439152,0.6684406749649208,7.854075270392738,0.04804171836816583,0.07194953785258168,0.11456798906702134,717,False,50,12,['alpha_neg'],[]
10176,,,,,,,,,,,,,,,,False,,,,,,,,,,,,,,,,,,,,,,,,,577,False,48,0,[],
10177,,,,,,,,,,,,,,,,False,,,,,,,,,,,,,,,,,,,,,,,,,715,False,49,0,[],
10178,,,,,,,,,,,,,,,,False,,,,,,,,,,,,,,,,,,,,,,,,,718,False,46,0,[],
10179,,,,,,,,,,,,,,,,False,,,,,,,,,,,,,,,,,,,,,,,,,716,False,49,0,[],
10180,0.018356261774897575,0.0010000000474974513,0.26517435908317566,0.9936332702636719,1.572883129119873,5.643708417268911e-11,0.03973119333386421,0.06895723938941956,564.1223754882812,1144.2447509765625,1180.7443037261123,1144.4507595602536,0.2747368435206957,1.0514218047319446e-05,24551354368.0,True,0.010304884441006936,6.4570154688771034e-06,0.04441382031501209,89.02809606520374,140.92874978233735,8.491984778361393e-06,0.026868665388819865,0.13424981848866066,-0.0018409405943231871,0.000987344529730834,0.17812487084991857,-173.49822862970777,-274.6423908305183,-1.6643927885766513e-05,-0.01293042314088061,-0.1941675697793948,0.03855346414411834,0.0010126555652640685,0.35222384731643275,175.4854951702351,277.78815708875806,1.6644040759934858e-05,0.09239280980860903,0.3320820485582339,708,True,50,19,"['alpha_neg', 'rho', 'kappa']","[('rho', 'capacity', -0.9999959468841553)]"
10181,0.024428969249129295,0.0010000000474974513,0.10868772864341736,0.8043524622917175,2.020843267440796,0.012829539366066456,0.05187062919139862,0.0010000000474974513,489.2309875488281,994.4619750976562,1031.0848659594246,994.6647919990647,0.3806436220468301,1.505990803707391e-05,1777137280.0,True,0.006834623056905552,5.8371005629668785e-06,0.0489115988196897,0.13013864514009985,0.526342622260538,0.0119423916060884,0.01610418532313142,3.422479667923637e-05,0.011033354209687365,0.0009885595406198978,0.01282275653055373,0.5492854048202833,0.9892306842817713,-0.01057711807114026,0.020307005957702504,0.000932920678627942,0.037824584288571224,0.0010114405543750048,0.204552700756281,1.0594195197631517,3.0524558505998205,0.03623619680327317,0.08343425242509474,0.0010670794163669607,719,True,50,17,"['alpha_neg', 'epsilon']",[]
10182,,,,,,,,,,,,,,,,False,,,,,,,,,,,,,,,,,,,,,,,,,696,False,49,0,[],
10183,0.14236411452293396,0.0010000000474974513,0.0010077524930238724,0.06359770148992538,6.157275199890137,0.11105522513389587,0.12259398400783539,0.2112497240304947,551.02001953125,1118.0400390625,1154.6629299242684,1118.2428559639084,0.3024199771432131,6.088419013394741e-06,inf,False,0.07555430606294063,1.0932326040579071e-05,1.398791073861108,0.11707782792714878,,0.02483760982830981,0.03712161706496724,0.04046054201188463,-0.00571960423734591,0.000978573082190667,-2.7405723741708545,-0.16587062463546395,,0.06237440440835057,0.049836951512612124,0.13194851889223103,0.29044783328321383,0.0010214270128042356,2.7425878791569023,0.29306602761531475,,0.15973604585944118,0.19535101650305864,0.29055092916875835,719,True,50,24,"['alpha_neg', 'phi']","[('alpha_pos', 'phi_rl', 0.9127887487411499)]"
10184,,,,,,,,,,,,,,,,False,,,,,,,,,,,,,,,,,,,,,,,,,713,False,48,0,[],
10185,0.030038651078939438,0.0010000000474974513,0.3977944552898407,0.7166034579277039,1.0,0.016247382387518883,0.07328315824270248,0.0010000000474974513,612.7555541992188,1241.5111083984375,1278.0332281587205,1241.716529225827,0.2144307862456395,1.708300260361284e-05,749588562575360.0,True,0.007934777516534802,4.350272758621291e-06,0.06256476369521823,0.3841102233168416,0.12349907876500908,0.02273656525772166,0.020303222663189166,4.177111902564814e-05,0.014486772921193054,0.0009914736695676278,0.27516977174595386,-0.03623874586694298,0.7579462534967069,-0.028315466649760222,0.033489573052754316,0.0009181301586132451,0.04559052923668582,0.0010085264254272748,0.5204191388337275,1.4694456617223506,1.2420537465032933,0.06081023142479799,0.11307674343265064,0.0010818699363816576,710,True,50,16,"['alpha_neg', 'capacity', 'epsilon']","[('alpha_pos', 'phi_rl', 0.9038647413253784)]"
10186,,,,,,,,,,,,,,,,False,,,,,,,,,,,,,,,,,,,,,,,,,718,False,48,0,[],
10190,0.03084556572139263,0.0010000000474974513,0.9566477537155151,0.044448405504226685,3.0,0.06078984588384628,0.06450358778238297,0.0010000000474974513,553.0460205078125,1122.092041015625,1157.2674782573542,1122.33569583796,0.1609930300065312,0.04073289409279823,inf,True,0.006073631176076946,3.645681354534393e-06,0.0908415164844345,,,0.026431496398060934,0.01657094065869746,6.226694443592423e-05,0.018941467360902166,0.0009928546433434547,0.7786016531050219,,,0.008985064886146692,0.0320251409013855,0.0008779590789756831,0.0427496640818831,0.0010071454516514479,1.1346938543260083,,,0.11259462688154587,0.09698203466338043,0.0011220410160192194,600,False,50,19,"['alpha_neg', 'epsilon']","[('alpha_pos', 'rho', -56673.66796875), ('alpha_pos', 'capacity', 359382.96875), ('alpha_neg', 'rho', -63.14287185668945), ('alpha_neg', 'capacity', 225.81549072265625), ('phi', 'rho', -488877.03125), ('phi', 'capacity', 1200897.25), ('rho', 'capacity', 182018588672.0), ('rho', 'kappa', 5157.03076171875), ('rho', 'phi_rl', -98969.2734375), ('rho', 'epsilon', 1.7490218877792358), ('capacity', 'kappa', -140519.34375), ('capacity', 'phi_rl', 154479.484375), ('capacity', 'epsilon', -257.5935974121094)]"
10191,0.08967576175928116,0.008080897852778435,0.13602784276008606,0.5752249360084534,2.3062374591827393,0.008126872591674328,0.01662440039217472,0.1441017985343933,383.8663330078125,783.732666015625,820.2322187651747,783.938674599316,0.5064827767159445,5.070849510957487e-06,261.04541015625,True,0.03764705266335254,0.014476147254065255,0.07255301190935752,0.3546682650550046,1.945988030502282,0.015853273328174905,0.035421194374097666,0.02362404646856394,0.015888894415027457,-0.020291829400087863,-0.006173447552160288,-0.11991208995866143,-1.507828994947766,-0.022944972168617923,-0.05279986487044949,0.09779951828690733,0.16346262910353487,0.03645362510564473,0.27822913307233244,1.2703619619755682,6.120303913313244,0.039198717351966575,0.08604866565479893,0.1904040787818793,708,True,50,14,"['alpha_neg', 'kappa']",[]
10192,0.0010000000474974513,0.0010000000474974513,0.4280031621456146,0.9990000128746033,2.839747428894043,0.07352494448423386,0.9990000128746033,0.05809517204761505,618.7142944335938,1253.4285888671875,1289.9394330794446,1253.6343031529018,0.20567274912806255,1.721477929095272e-05,32983773872128.0,True,0.0008133785684287134,0.0009691283181212158,0.031258341916093974,0.005547863883648041,0.21824699342418963,0.026663269793421523,0.0006221976390919169,0.033892389953053506,-0.0005941926524195749,-0.0008994565524180079,0.3667379377736317,0.9881263994715226,2.411991182048481,0.021265895979052943,0.9977805279107173,-0.00833269161035699,0.0025941927474144775,0.0028994566474129105,0.4892683865175976,1.009873626277684,3.2675036757396048,0.12578399298941478,1.0002194978384893,0.12452303570558709,709,True,50,12,"['alpha_pos', 'alpha_neg', 'rho', 'phi_rl']",[]
10195,0.016189346089959145,0.0010000000474974513,0.3929261565208435,0.5337510704994202,2.999999761581421,0.0542483851313591,0.06424690037965775,0.0010000144829973578,619.4935913085938,1254.9871826171875,1291.210845958168,1255.2005159505209,0.17560326395757841,1.4129114151000977,675985792.0,True,0.007964395454791459,4.102495687734804e-06,0.03285316850003349,0.1325018241863841,1.0140408865188917,0.028023269708814958,0.029407818666143306,4.476124786784817e-05,0.0005794178399333803,0.0009919593037027601,0.3285351294827521,0.2740522672082491,1.012516145153325,-0.0006762142269704646,0.006608634930132133,0.0009122840492733051,0.03179927433998491,0.0010080407912921425,0.4573171835589349,0.7934498737905913,4.987483378009516,0.10917298448968867,0.12188516582918335,0.0010877449167214105,684,False,50,1,"['alpha_neg', 'epsilon']",[]
10196,0.01867862045764923,0.0010000000474974513,0.14127486944198608,0.6672070622444153,3.964277744293213,0.09492667764425278,0.030976219102740288,0.0010000000474974513,444.3614501953125,904.722900390625,941.3346569430108,904.9260033525431,0.4366640351412797,1.0894201295741368e-05,975372416.0,True,0.006476294060903114,4.7173334879829095e-06,0.05166186342231564,0.09877767853356233,0.7776644433375343,0.021019287507425627,0.017574233633806148,3.2208990200371e-05,0.0059853173449884774,0.00099075424375794,0.04001947776002024,0.47360636984215787,2.440083443294256,0.05372963114900586,-0.003468645875412242,0.0009368715867263207,0.03137192357030998,0.0010092458512369626,0.24253026112395193,0.8608077546466727,5.48847204529217,0.1361237241394997,0.06542108408089281,0.001063128508268582,718,True,50,6,"['alpha_neg', 'epsilon']",[]
10197,0.03158308565616608,0.007513523567467928,0.19972161948680878,0.9782618284225464,1.7394402027130127,0.05136492848396301,0.0010000001639127731,0.10938059538602829,425.81134033203125,867.6226806640625,904.2121219997476,867.8263581746708,0.4586729258201604,8.68682582222391e-06,inf,True,0.009653240299684692,0.007896262396421685,0.03387935726138668,,,0.018869807001814315,1.7136755045917587e-05,0.029193901838252958,0.01266308233467344,-0.007962866341996513,0.13331929943512533,,,0.014380786365185215,0.0009664127412108896,0.05216159921485481,0.05050308897765871,0.02298991347693237,0.2661239395384922,,,0.0883490706027408,0.0010335875866146567,0.16659959155720178,716,True,50,7,"['alpha_neg', 'phi_rl']","[('alpha_pos', 'rho', -16337.4111328125), ('alpha_pos', 'capacity', -9775.5458984375), ('alpha_neg', 'rho', 3688.60888671875), ('alpha_neg', 'capacity', -15143.7490234375), ('phi', 'rho', 2452.537353515625), ('phi', 'capacity', -4781.77783203125), ('rho', 'capacity', 8407573501837312.0), ('rho', 'kappa', -1773.002685546875), ('rho', 'phi_rl', 3.970611333847046), ('rho', 'epsilon', 9674.2958984375), ('capacity', 'kappa', -2954.146728515625), ('capacity', 'epsilon', 3788.599853515625)]"
10198,,,,,,,,,,,,,,,,False,,,,,,,,,,,,,,,,,,,,,,,,,479,False,49,0,[],
10199,,,,,,,,,,,,,,,,False,,,,,,,,,,,,,,,,,,,,,,,,,710,False,49,0,[],
10200,,,,,,,,,,,,,,,,False,,,,,,,,,,,,,,,,,,,,,,,,,719,False,49,0,[],
10201,0.03528284281492233,0.0010000000474974513,0.19205832481384277,0.9971809387207031,1.275611162185669,1.9512991983395552e-22,0.05569431185722351,0.07008269429206848,494.77685546875,1005.5537109375,1042.1766017992684,1005.7565278389085,0.3736226672117754,1.1398336027923506e-05,113578156032.0,True,0.010493563803005833,5.465489321565804e-06,0.05349006251465482,50.909561303176616,65.12544060874126,1.1315434457158144e-05,0.015385074814531139,0.03797843491337564,0.014715835691557738,0.000989287885269294,0.08721972875432334,-98.78372568423949,-126.3679069082495,-2.21778440054535e-05,0.025540119321288225,-0.0043536703273463345,0.05584984993828693,0.0010107122097256086,0.2968969208733622,100.77808756168089,128.91912923262083,2.21778440054535e-05,0.0858485043931588,0.1445190589114833,719,True,50,18,"['alpha_neg', 'rho', 'kappa']","[('rho', 'capacity', -0.9999844431877136)]"
10202,0.02619289606809616,0.0010000000474974513,0.1465468853712082,0.9175423979759216,2.3692286014556885,0.026378819718956947,0.032847706228494644,0.04295077547430992,407.41265869140625,830.8253173828125,867.4370739351983,831.0284203447306,0.4835055941988171,8.940318366512656e-06,27333834.0,True,0.007993350085189924,5.29468963943591e-06,0.03419055664651468,0.11144119815089898,0.4322915486073109,0.015652920407713156,0.014787007707513825,0.028640466596833655,0.010526217785303736,0.0009896226464948395,0.07953462573266286,0.699121663206168,1.521952735364313,-0.004300340533032857,0.003865703682651357,-0.013183507555906492,0.041859574350888586,0.001010377448500063,0.21355914500975354,1.1359631327456752,3.2165044675470638,0.05705797997094675,0.06182970877433793,0.09908505850452634,718,True,50,11,['alpha_neg'],[]
10203,,,,,,,,,,,,,,,,False,,,,,,,,,,,,,,,,,,,,,,,,,716,False,49,0,[],
10204,0.03421581909060478,0.0010000000474974513,0.17684373259544373,0.7563162446022034,3.570779800415039,0.04092767462134361,0.03043298050761223,0.034995127469301224,347.8909912109375,711.781982421875,748.3937389742608,711.9850853837931,0.5589637509884573,4.203842308925232e-06,106578000.0,True,0.012577747219782925,1.3332542818334713e-05,0.031573555143668795,0.12356048718109446,0.869491437726516,0.014949685635771686,0.020456545941991876,0.01988554147539909,0.009563887533181454,0.0009738687437511771,0.11496070164996351,0.5141421398150352,1.8666078976051164,0.011626829195035326,-0.009661112786780841,-0.003979817635558484,0.058867750648028114,0.0010261313512437255,0.23872676354092393,0.9984903493893715,5.2749517032249615,0.0702285200476519,0.07052707380200529,0.07397007257416094,718,True,50,4,['alpha_neg'],[]
10206,0.02613188326358795,0.0010000000474974513,0.7549638748168945,0.0010000000474974513,1.0000519752502441,0.13227705657482147,0.11279762536287308,0.001000001560896635,732.0922241210938,1480.1844482421875,1516.7290715334834,1480.3892846575502,0.06407435406811002,8.050998076214455e-06,24282583040.0,True,0.00824773745063733,4.079407191871939e-06,2.519647693251297,0.00017435176778773213,0.3978974211415218,0.02817183069663308,0.038691910866585195,6.001182506394418e-05,0.009966614906396585,0.0009920045563231086,-4.1834548576850725,0.0006582768619926056,0.2201873602714951,0.0770612830308607,0.03696287357133214,0.0008823805451247863,0.04229715162077932,0.001007995538671794,5.693382607318862,0.001341723233002297,1.7799165902289933,0.18749283011878226,0.188632377154414,0.0011176225766684838,712,True,50,16,"['alpha_neg', 'rho', 'capacity', 'epsilon']","[('alpha_pos', 'phi_rl', 0.9025391340255737)]"
10208,,,,,,,,,,,,,,,,False,,,,,,,,,,,,,,,,,,,,,,,,,694,False,49,0,[],
10209,,,,,,,,,,,,,,,,False,,,,,,,,,,,,,,,,,,,,,,,,,715,False,49,0,[],
10210,,,,,,,,,,,,,,,,False,,,,,,,,,,,,,,,,,,,,,,,,,683,False,49,0,[],
10211,,,,,,,,,,,,,,,,False,,,,,,,,,,,,,,,,,,,,,,,,,683,False,49,0,[],
10212,0.04844251275062561,0.0010000000474974513,0.0010090471478179097,0.9928543567657471,1.480386734008789,0.07478044927120209,0.02922143042087555,0.09499683976173401,433.5657043457031,883.1314086914062,919.7208500270914,883.3350862020145,0.4488149281905687,5.599658834398724e-06,71031185408.0,True,0.01481310302614677,7.021645658543301e-06,0.34265040790792056,68.89252080272726,102.72232387673095,0.019161265806691006,0.02181449818274651,0.025722359343426718,0.019409364320096656,0.0009862378748945043,-0.6705734116396649,-134.03400522075614,-199.85166847264276,0.03722505839188889,-0.01353420035812207,0.04458194185122029,0.07747566118115456,0.0010137622201003983,0.6725915059353007,136.01971393428764,202.81244194066034,0.11233584015051529,0.07197706119987317,0.14541173767224774,716,True,50,13,"['alpha_neg', 'phi', 'rho']","[('rho', 'capacity', -0.9999931454658508)]"
10215,0.037392325699329376,0.0010000000474974513,0.18733088672161102,0.889896035194397,1.372747540473938,1.3237651252939742e-10,0.03857969120144844,0.1386972814798355,504.5564880371094,1025.1129760742188,1061.7358669359871,1025.3157929756271,0.36124185332343317,1.2120974133722484e-05,inf,True,0.016841853790457387,6.51996670604056e-06,0.057092761593621796,,,1.1160378306364955e-05,0.02206691182178311,0.049351067964938586,0.0043828988371435035,0.0009872211475732116,0.07543113022018068,,,-2.1873807157804908e-05,-0.004670661219267604,0.04197096566996747,0.07040175256151525,0.001012778947421691,0.2992306432230414,,,2.1874071910829966e-05,0.08183004362216448,0.23542359728970355,719,True,50,5,"['alpha_neg', 'kappa']","[('alpha_pos', 'rho', 70427.25), ('alpha_pos', 'capacity', -63013.828125), ('alpha_neg', 'rho', 94.389892578125), ('alpha_neg', 'capacity', -94.84944915771484), ('phi', 'rho', -10601.6845703125), ('phi', 'capacity', 18720.1875), ('rho', 'capacity', 1.832245933375488e+16), ('rho', 'phi_rl', -15409.3818359375), ('rho', 'epsilon', -28780.14453125), ('capacity', 'kappa', 4.329986572265625), ('capacity', 'phi_rl', -25128.84765625), ('capacity', 'epsilon', 20639.3671875)]"
10216,0.04410838335752487,0.0010000000474974513,0.13472047448158264,0.9352913498878479,1.36488938331604,0.045870646834373474,0.08636154234409332,0.06414208561182022,543.6765747070312,1103.3531494140625,1139.9537561388595,1103.556539244571,0.30979672957258564,6.712204594805371e-06,inf,True,0.015441391309192459,5.86317319087998e-06,0.05807439485271493,,,0.022133245481754885,0.025350579746400734,0.034473653469579556,0.013843812520317859,0.0009885084392082058,0.020896752146303085,,,0.002490282829150023,0.036675319053937346,-0.0034250336040699825,0.07437295419473189,0.0010114916557866969,0.24854419681686218,,,0.08925101083959693,0.1360477656342493,0.13170920482771042,717,True,50,7,['alpha_neg'],"[('alpha_pos', 'rho', 30100.771484375), ('alpha_pos', 'capacity', -59411.30078125), ('alpha_neg', 'rho', 31.597049713134766), ('alpha_neg', 'capacity', -54.60638427734375), ('phi', 'rho', -23977.259765625), ('phi', 'capacity', 34216.09375), ('rho', 'capacity', 4954821912166400.0), ('rho', 'kappa', -10508.9853515625), ('rho', 'phi_rl', 29320.3515625), ('rho', 'epsilon', 879.5283203125), ('capacity', 'kappa', 10929.5732421875), ('capacity', 'phi_rl', -30256.376953125), ('capacity', 'epsilon', 4328.49609375)]"
10217,,,,,,,,,,,,,,,,False,,,,,,,,,,,,,,,,,,,,,,,,,719,False,49,0,[],
10218,,,,,,,,,,,,,,,,False,,,,,,,,,,,,,,,,,,,,,,,,,694,False,48,0,[],
10219,0.04262547940015793,0.0010000000474974513,0.3056613802909851,0.46701306104660034,1.0,0.002135434653609991,0.09115354716777802,0.05748183652758598,597.8812255859375,1211.762451171875,1248.3742077242607,1211.9655541337931,0.24204046742054397,1.5849940609768964e-05,inf,True,0.011472350250562997,5.465153690465645e-06,0.11539723603897477,0.32591537636685086,,0.019240711646592426,0.017362049457002943,0.05812761997217277,0.02014008609102539,0.0009892885430941626,0.07948695373912701,-0.17176933864024402,,-0.035575667210631524,0.05712455553424904,-0.05644620512490378,0.06511087270929047,0.00101071155190074,0.5318358068428433,1.1057954607334448,,0.03984653651785151,0.12518253880130698,0.17140987818007575,718,True,50,31,"['alpha_neg', 'capacity', 'kappa']","[('alpha_pos', 'capacity', -214085.375), ('alpha_neg', 'capacity', -141.9374237060547), ('phi', 'capacity', -203191.046875), ('rho', 'capacity', 480810729472.0), ('capacity', 'kappa', 36695.3359375), ('capacity', 'phi_rl', -164543.03125), ('capacity', 'epsilon', -9707.9609375)]"
10220,0.04500563070178032,0.0010000000474974513,0.07981313019990921,0.9990000128746033,1.4874064922332764,0.05252864211797714,0.04603961855173111,0.1511969417333603,487.7144775390625,991.428955078125,1028.0407116305107,991.6320580400431,0.38170355313388815,6.575654879270587e-06,inf,True,0.016765694010440226,6.304327074407894e-06,0.050306526321301934,,0.4701073487106506,0.020508047594334833,0.020040111814620475,0.04462742259771317,0.012145474265498578,0.000987643793484851,-0.018785849577158842,,0.5660130198927891,0.012333607439847571,0.006761721148919354,0.06372880071899353,0.07786578713806205,0.0010123563015100516,0.17841210997697726,,2.4087999645737637,0.09272367679610671,0.08531751595454287,0.23866508274772705,718,True,50,10,"['alpha_neg', 'rho']","[('alpha_pos', 'rho', 32064.2734375), ('alpha_neg', 'rho', 20.18850326538086), ('phi', 'rho', -2566.4267578125), ('rho', 'capacity', 42508554240.0), ('rho', 'kappa', -3802.537841796875), ('rho', 'phi_rl', 10556.1806640625), ('rho', 'epsilon', 2323.46044921875)]"
