participant_id,alpha_pos,alpha_neg,phi,rho,capacity,epsilon,nll,aic,bic,aicc,pseudo_r2,grad_norm,hessian_condition,hessian_invertible,alpha_pos_se,alpha_neg_se,phi_se,rho_se,capacity_se,epsilon_se,alpha_pos_ci_lower,alpha_neg_ci_lower,phi_ci_lower,rho_ci_lower,capacity_ci_lower,epsilon_ci_lower,alpha_pos_ci_upper,alpha_neg_ci_upper,phi_ci_upper,rho_ci_upper,capacity_ci_upper,epsilon_ci_upper,n_trials,converged,n_successful_starts,n_near_best,at_bounds,high_correlations
10000,0.009505324065685272,0.0010000000474974513,0.3361439108848572,0.8600148558616638,2.7305099964141846,0.0700942873954773,757.8213500976562,1527.6427001953125,1557.0167963817996,1527.7283271066274,0.3018231582649835,4.1267001506639645e-05,4578467.5,True,0.002875910760721761,2.3556285515779893e-06,0.055991309448983374,0.0862898239298053,0.3679054420208205,0.050679513793614246,0.0038686425519194314,0.0009953831003754042,0.22640296091761253,0.6908899087269429,2.0094285803370875,-0.029235734394007507,0.015142005579451112,0.0010046169946194984,0.4458848608521018,1.0291398029963847,3.4515914124912817,0.1694243091849621,988,True,50,5,"['alpha_pos', 'alpha_neg']",[]
9187,0.012373344041407108,0.0010000000474974513,0.19028732180595398,0.21944859623908997,2.999999761581421,0.0805659368634224,865.8909912109375,1743.781982421875,1773.1682120806468,1743.8674351177042,0.20387076143132388,0.5313203930854797,3416327.25,True,0.003847605167150251,1.6117144006919362e-06,0.07662342210955313,0.09736430282013975,2.005231101995818,0.11741427085569141,0.004832176487062401,0.0009968411453187306,0.04010817409901976,0.028618069331764445,-0.9301809790099465,-0.14956180528476368,0.019914511595751815,0.001003158949676172,0.34046646951288817,0.41027912314641546,6.930180502172789,0.3106936790116085,990,False,50,10,['alpha_neg'],"[('alpha_pos', 'epsilon', 0.9230627417564392)]"
10002,,,,,,,,,,,,,,False,,,,,,,,,,,,,,,,,,,986,False,47,0,[],
10003,,,,,,,,,,,,,,False,,,,,,,,,,,,,,,,,,,973,False,49,0,[],
10004,,,,,,,,,,,,,,False,,,,,,,,,,,,,,,,,,,990,False,49,0,[],
10005,,,,,,,,,,,,,,False,,,,,,,,,,,,,,,,,,,985,False,49,0,[],
10006,,,,,,,,,,,,,,False,,,,,,,,,,,,,,,,,,,987,False,49,0,[],
10007,,,,,,,,,,,,,,False,,,,,,,,,,,,,,,,,,,987,False,48,0,[],
10016,,,,,,,,,,,,,,False,,,,,,,,,,,,,,,,,,,987,False,46,0,[],
10017,,,,,,,,,,,,,,False,,,,,,,,,,,,,,,,,,,986,False,48,0,[],
10018,,,,,,,,,,,,,,False,,,,,,,,,,,,,,,,,,,986,False,49,0,[],
10024,0.011387865990400314,0.0010000000474974513,0.20820975303649902,0.9782014489173889,2.8284857273101807,0.01244110707193613,374.0868835449219,760.1737670898438,787.6325845041331,760.2919105497593,0.5257541008785884,4.10232569265645e-05,6582447.0,True,0.002044381492015289,2.6175561890343962e-06,0.02646804937937806,0.054343381917293314,0.19591753942613369,0.0210996244773763,0.007380951895390088,0.000994869731639434,0.1563333295118903,0.8716903775613888,2.4444944060952527,-0.028913396991041174,0.01539478008541054,0.0010051303633554687,0.2600861765611078,1.084712520273389,3.2124770485251086,0.053795611134913435,718,True,50,16,['alpha_neg'],[]
10025,0.10388027131557465,0.0010000000474974513,0.6378759145736694,0.25809234380722046,5.0,0.06353524327278137,253.1351318359375,518.270263671875,542.4254595148269,518.4766518782632,0.4434455878395501,0.32050901651382446,inf,True,0.04189986247467835,2.300901190064716e-06,0.04176523758233808,,,0.029724986158391038,0.021758049908023783,0.0009954903640329391,0.5560175531065281,,,0.005275340961383317,0.18600249272312552,0.0010045097309619635,0.7197342760408107,,,0.12179514558417942,414,False,50,22,['alpha_neg'],"[('alpha_pos', 'rho', 4422.802734375), ('alpha_pos', 'capacity', 13245.748046875), ('alpha_neg', 'rho', 21.10166358947754), ('alpha_neg', 'capacity', -64.99158477783203), ('phi', 'rho', 38025.32421875), ('phi', 'capacity', -233690.796875), ('rho', 'capacity', 13883753472.0), ('rho', 'epsilon', -17031.4765625), ('capacity', 'epsilon', 23683.17578125)]"
10027,0.0435248464345932,0.0010000000474974513,0.17499101161956787,0.9231956005096436,2.4766833782196045,0.0539768785238266,315.112548828125,642.22509765625,669.6839150705393,642.3432411161656,0.600518380576986,6.858360393380281e-06,13012261.0,True,0.013292941618912658,6.522404447715402e-06,0.031195558750534955,0.1363907740675395,0.6607004015425288,0.01614883367981512,0.01747115961293083,0.0009872163696873252,0.11384883999091602,0.6558745955137266,1.181734386625096,0.02232574611906154,0.06957853325625557,0.0010127837253075774,0.23613318324821972,1.1905166055055605,3.771632369814113,0.08562801092859165,718,True,50,10,['alpha_neg'],[]
10028,,,,,,,,,,,,,,False,,,,,,,,,,,,,,,,,,,699,False,49,0,[],
10029,0.0465204119682312,0.0010000000474974513,0.20479105412960052,0.6559297442436218,3.464200973510742,0.07178492844104767,319.40838623046875,650.8167724609375,678.2922797329982,650.9345845226486,0.5961971632492389,1.0499089512450155e-05,59931448.0,True,0.01535029625992871,1.230677986228375e-05,0.03298094821102288,0.157692661602165,1.2283275156643958,0.01831287673499797,0.016434384146751038,0.0009758792022017123,0.14014958346001494,0.34685780687711615,1.0567232815889676,0.03589234958713019,0.07660643978971136,0.0010241208927931902,0.2694325247991861,0.9650016816101274,5.871678665432517,0.10767750729496514,720,True,50,13,['alpha_neg'],[]
10030,0.027210811153054237,0.0010000000474974513,0.0010000000474974513,0.9203404188156128,2.938033103942871,0.0434761643409729,284.2800598144531,580.5601196289062,608.0022006306701,580.6785963566919,0.6385993550405882,2.8325332550593885e-06,9841904975872.0,True,0.006601995977056331,2.0093517628654646e-05,0.004691608868708906,0.11870916603449139,0.46148973790799497,0.016350075061057488,0.014271136811945504,0.0009606174766225676,-0.008195384364720712,0.6876747287532242,2.033529838408372,0.011430606076773701,0.040150485494162974,0.001039382618372335,0.010195384459715615,1.1530061088780013,3.84253636947737,0.07552172260517209,716,True,50,16,"['alpha_neg', 'phi']",[]
10031,0.010675490833818913,0.0010000000474974513,0.21794046461582184,0.8624848127365112,3.3336129188537598,0.038414206355810165,427.63128662109375,867.2625732421875,894.7297413885137,867.3805507702774,0.45862757772541896,2.538028456910979e-05,4222963.5,True,0.0033566790739832154,2.3375723902595274e-06,0.021989436855409664,0.07394355984691478,0.5303010158770523,0.04592673436494947,0.004096520741152551,0.0009954184898012875,0.1748419603389012,0.7175580985478762,2.2942420267697337,-0.05160053892702883,0.017254460926485273,0.001004581605193615,0.2610389688927425,1.0074115269251462,4.372983810937786,0.12842895163864915,719,True,50,6,"['alpha_pos', 'alpha_neg']",[]
10035,0.010537393391132355,0.0010000000474974513,0.1941421777009964,0.9990000128746033,2.667172431945801,0.0010000000474974513,373.52410888671875,759.0482177734375,786.4986728170352,759.1665276325924,0.5258071185501737,0.06521236896514893,374343616.0,True,0.0014891384952353084,3.0137814945203847e-06,0.023355481383665465,1.9791912677409374e-05,0.16557478893180583,1.0805597584815105e-05,0.007618735572478979,0.000994093144310918,0.14836627534741637,0.9989612214385704,2.3426518088916404,0.0009788214653997807,0.01345605120978573,0.0010059069506839846,0.23991808005457643,0.9990388043106362,2.991693054999961,0.0010211786295951219,717,False,50,4,"['alpha_pos', 'alpha_neg', 'rho', 'epsilon']",[]
10036,0.013556539081037045,0.0010000000474974513,0.41870802640914917,0.8590832352638245,2.192657947540283,0.0010000000474974513,518.4395141601562,1048.8790283203125,1076.2959168427983,1048.998008490284,0.3381430821571755,4.596118742483668e-05,458985472.0,True,0.0017298181973025783,2.096456926667264e-06,0.026730999711780234,0.08179910975377286,0.3814626611954295,2.0157749258871703e-05,0.010166157714521989,0.000995891067426044,0.36631622970330935,0.6987599261789906,1.4450048701504365,0.0009604915849406738,0.0169469204475521,0.0010041090275688586,0.471099823114989,1.0194065443486584,2.94031102493013,0.0010395085100542289,713,True,50,2,"['alpha_neg', 'epsilon']",[]
10039,,,,,,,,,,,,,,False,,,,,,,,,,,,,,,,,,,711,False,49,0,[],
10041,0.018586942926049232,0.0010000000474974513,0.60997474193573,0.3811566233634949,7.0,0.1548813432455063,659.5441284179688,1331.0882568359375,1358.360354797944,1331.2101726559665,0.13743830836574233,3.961902984883636e-05,inf,False,0.005402501316483863,1.9811285071052165e-06,0.06327564701955554,0.08159301124503936,,0.07860917092603932,0.007998234919310633,0.0009961171069747794,0.4859567526789319,0.2212372599330461,,0.0008101993759160875,0.02917565093278783,0.0010038829880201232,0.7339927311925281,0.5410759867939436,,0.3089524871150965,696,True,50,12,"['alpha_neg', 'capacity']",[]
10043,0.011525369249284267,0.0010000000474974513,0.3935776948928833,0.8794208765029907,2.1189703941345215,0.0010000000474974513,527.5745849609375,1067.149169921875,1094.5912509236389,1067.2676466496607,0.3293029578172927,0.0037543587386608124,1007158592.0,True,0.0015700096937179915,2.7947788514467395e-06,0.03830032925925769,0.07065664695059673,0.32959345519651334,3.224312102034219e-05,0.008448206794218243,0.0009945223816038614,0.31851042894871257,0.7409363932114593,1.4729790924092394,0.0009368046915484143,0.014602531704350292,0.0010054777133910412,0.46864496083705404,1.0179053597945222,2.7649616958598036,0.0010631954034464883,716,False,50,7,"['alpha_neg', 'epsilon']",[]
10047,,,,,,,,,,,,,,False,,,,,,,,,,,,,,,,,,,717,False,49,0,[],
10048,0.02292538620531559,0.0010000000474974513,0.5508074164390564,0.3556438684463501,1.010801911354065,0.020273620262742043,563.2220458984375,1138.444091796875,1165.7676922210298,1138.5649551062274,0.2697054138493179,0.00023036886705085635,inf,True,0.0025111355965001586,6.620712532974996e-07,0.07294697599928035,,,0.024246748790325123,0.018003650875878775,0.000998702411685789,0.4078339706993592,,,-0.02724913410848532,0.027847121534752405,0.0010012976833091137,0.6937808621787536,,,0.0677963746339694,702,True,50,3,['alpha_neg'],"[('alpha_pos', 'rho', 1461.815185546875), ('alpha_pos', 'capacity', -302.32977294921875), ('alpha_neg', 'rho', 25.572847366333008), ('alpha_neg', 'capacity', -9.455953598022461), ('phi', 'rho', -3846.3427734375), ('phi', 'capacity', 3823.064208984375), ('rho', 'capacity', 639928182505472.0), ('rho', 'epsilon', -13183.2138671875), ('capacity', 'epsilon', 5243.3037109375)]"
10050,,,,,,,,,,,,,,False,,,,,,,,,,,,,,,,,,,717,False,49,0,[],
10051,,,,,,,,,,,,,,False,,,,,,,,,,,,,,,,,,,709,False,49,0,[],
10052,,,,,,,,,,,,,,False,,,,,,,,,,,,,,,,,,,709,False,48,0,[],
10055,0.0443066768348217,0.0010000000474974513,0.16060993075370789,0.9582130312919617,3.0,0.167711079120636,405.0546875,822.109375,849.5765431463262,822.2273525280899,0.48720908832882437,0.18431861698627472,18064814.0,True,0.050722621052987214,6.070772295249302e-06,0.03856561863745219,0.3445483773582898,2.6306875546773276,0.03335493914687374,-0.05510783363050635,0.000988101552440419,0.08502270718279492,0.2829106207379979,-2.156052861745306,0.10233659968623829,0.14372118730014977,0.0010118985425544836,0.23619715432462085,1.6335154418459255,8.156052861745305,0.23308555855503368,719,False,50,4,['alpha_neg'],"[('alpha_pos', 'capacity', -0.9361512064933777), ('rho', 'capacity', -0.9171504378318787)]"
10057,,,,,,,,,,,,,,False,,,,,,,,,,,,,,,,,,,712,False,47,0,[],
10058,0.007691618520766497,0.0010000000474974513,0.25301793217658997,0.9989998936653137,2.000000238418579,0.001000025076791644,506.11444091796875,1024.2288818359375,1051.5095943005006,1024.3506209663724,0.33904559930294687,1.4873608350753784,53935188.0,True,0.0014675887436797945,2.6193872363793667e-06,0.0362858758745449,6.256439832863496e-05,0.22433578279858785,2.392423512834452e-05,0.004815197439037714,0.0009948661428525838,0.18189892231499113,0.9988772696978752,1.5603101836897468,0.0009531344375824208,0.010568039602495279,0.0010051339521423188,0.32413694203818877,0.9991225176327523,2.4396902931474114,0.0010469157160008674,697,False,50,5,"['alpha_pos', 'alpha_neg', 'rho', 'epsilon']",[]
10059,,,,,,,,,,,,,,False,,,,,,,,,,,,,,,,,,,718,False,48,0,[],
10062,,,,,,,,,,,,,,False,,,,,,,,,,,,,,,,,,,718,False,49,0,[],
10063,0.015691451728343964,0.001000000862404704,0.46627137064933777,0.2877840995788574,6.955504417419434,0.04025908187031746,591.5576171875,1195.115234375,1222.5321228974858,1195.2342145449716,0.2447981094334296,4.789715967490338e-05,inf,False,0.0035588438532467904,2.1108505364476448e-06,0.10943156983315545,0.06288569313422814,,0.07785553694117446,0.008716245949378504,0.0009958636713765197,0.2517894350046732,0.16453040589293252,,-0.1123349665314122,0.022666657507309423,0.0010041380534328884,0.6807533062940023,0.4110377932647823,,0.19285313027204712,713,True,50,15,['alpha_neg'],[]
10064,,,,,,,,,,,,,,False,,,,,,,,,,,,,,,,,,,712,False,49,0,[],
10065,0.0038934419862926006,0.007130913436412811,0.12167183309793472,0.9324016571044922,4.338652610778809,0.0010000000474974513,324.94329833984375,661.8865966796875,689.3537648260137,662.0045742077774,0.5886284609479373,1.0602360816847067e-05,877334336.0,True,0.0020330947362642653,0.008540666778000977,0.03520439475213917,0.02728844682833877,0.2717198355532966,3.521057506781608e-05,-9.135047394331908e-05,-0.009608485852426848,0.05267248728621107,0.878917284126912,3.8060915192092013,0.0009309885884895878,0.00787823444652852,0.02387031272525247,0.19067117890965837,0.9858860300820724,4.871213702348416,0.0010690115065053148,719,True,50,5,"['alpha_pos', 'alpha_neg', 'epsilon']",[]
10066,0.00883508287370205,0.0010000000474974513,0.014747905544936657,0.9341118335723877,3.4494452476501465,0.0010000028414651752,337.8401794433594,687.6803588867188,715.0380503116783,687.8005305605385,0.5644258021813097,0.020854352042078972,461198784.0,True,0.0016634251973925201,2.892292477790939e-06,1.5733019261635175,0.030624061810152738,0.3368574884341458,2.774492113856638e-05,0.0055748293958362794,0.000994331258408225,-3.068867206543053,0.8740897753641599,2.789216702396603,0.000945623795279681,0.012095336351567818,0.0010056688365866777,3.098363017632926,0.9941338917806155,4.10967379290369,0.0010543818876506692,706,False,50,5,"['alpha_pos', 'alpha_neg', 'epsilon']",[]
10067,0.006529687438160181,0.0010000000474974513,0.4210277199745178,0.8419045805931091,2.4181952476501465,0.0010000000474974513,613.062255859375,1238.12451171875,1265.5665927205139,1238.2429884465357,0.2206238636207517,6.151264096843079e-05,363596224.0,True,0.001488440445314555,1.8479300157003853e-06,0.0448932228585254,0.07389299082655261,0.38856880966206,2.504528974466426e-05,0.0036123977722108936,0.000996378171220728,0.33303862002187773,0.6970769798631175,1.6566143751969096,0.000950912181615539,0.009446977104109468,0.0010036219237741747,0.5090168199271579,0.9867321813231008,3.1797761201033836,0.0010490879133793637,716,True,50,10,"['alpha_pos', 'alpha_neg', 'epsilon']",[]
10071,,,,,,,,,,,,,,False,,,,,,,,,,,,,,,,,,,720,False,49,0,[],
10072,0.005890113767236471,0.005946180317550898,0.19172224402427673,0.7990498542785645,4.630433082580566,0.0010000000474974513,389.3524169921875,790.704833984375,818.1636513986643,790.8229774442906,0.5064013329689991,1.563189107400831e-05,279065792.0,True,0.001664057316306237,0.0077530883651985944,0.022679192723990594,0.05387850280693511,0.4209446310193408,2.0570268510117604e-05,0.0026286213590658697,-0.009249593647194873,0.14727184308681232,0.6934499292360314,3.8053967662971564,0.0009596830620653024,0.009151606175407072,0.02114195428229667,0.23617264496174115,0.9046497793210975,5.455469398863976,0.0010403170329296003,718,True,50,4,"['alpha_pos', 'alpha_neg', 'epsilon']",[]
10074,0.016880957409739494,0.0010000001639127731,0.08769997209310532,0.6381632089614868,3.5700318813323975,0.07795281708240509,436.28594970703125,884.5718994140625,912.0223544576602,884.6902092732174,0.4461302852866341,2.6979867470799945e-05,3350050.0,True,0.005271551733644429,2.2623582830404773e-06,0.04337682211837753,0.11996835136417239,1.0929238909360939,0.04948007093510064,0.00654890586915673,0.000995566023157888,0.0026829629772849445,0.4030295610030623,1.4279404172542716,-0.019026339902879275,0.02721300895032226,0.0010044343046676583,0.1727169812089257,0.8732968569199113,5.712123345410523,0.17493197406768946,717,True,50,6,['alpha_neg'],[]
10075,,,,,,,,,,,,,,False,,,,,,,,,,,,,,,,,,,717,False,49,0,[],
10076,0.008872538805007935,0.0010000000474974513,0.3167133927345276,0.9333376884460449,2.460231304168701,0.0010000000474974513,515.3687133789062,1042.7374267578125,1070.1290165780247,1042.8569146667742,0.3392833533891777,5.002178659196943e-05,233963280.0,True,0.002033756728312807,1.7966227716455867e-06,0.03564971714722833,0.04862723849919095,0.39603467713437435,1.8370963798223934e-05,0.004886448864198821,0.0009964787315712214,0.24684123106692007,0.8380300523199911,1.6840176003563792,0.0009639936200916432,0.012858628745817047,0.0010035213634236812,0.3865855544021351,1.0286453245720988,3.236445007981023,0.0010360064749032594,710,True,50,5,"['alpha_pos', 'alpha_neg', 'epsilon']",[]
10077,0.008386649191379547,0.0010000000474974513,0.14883367717266083,0.7595871686935425,3.73978328704834,0.0010000000474974513,423.04742431640625,858.0948486328125,885.5620167791387,858.2128261609024,0.46443065321802346,1.6741752915550023e-05,897947904.0,True,0.0014344212408694409,2.6979410557842585e-06,0.04237743958435737,0.0572159400904127,0.47551580838405244,3.5313296458390435e-05,0.005575235220616189,0.0009947121801957021,0.06577542183029834,0.6474459867747322,2.8077894285361475,0.0009307872582636202,0.011198063162142904,0.0010052879147992005,0.23189193251502332,0.8717283506123528,4.671777145560532,0.0010692128367312823,719,True,50,8,"['alpha_pos', 'alpha_neg', 'epsilon']",[]
10078,0.010188004933297634,0.009286242537200451,0.13481369614601135,0.8094842433929443,3.0,0.05552258715033531,434.11968994140625,880.2393798828125,907.7065480291387,880.3573574109024,0.4504133924398498,0.31816741824150085,97.62525177001953,True,0.0036978480583691477,0.005381264189718776,0.0850881532247548,0.11457785186280255,0.7014152208964031,0.05998472802380826,0.002940355918592737,-0.0012608414659434665,-0.031956019685533715,0.5849157803158858,1.6252514288348436,-0.062045319398759374,0.017435653948002533,0.01983332654034437,0.30158341197755645,1.034052706470003,4.374748571165156,0.17309049369943,719,False,50,9,"['alpha_pos', 'alpha_neg']",[]
10079,,,,,,,,,,,,,,False,,,,,,,,,,,,,,,,,,,719,False,49,0,[],
10081,,,,,,,,,,,,,,False,,,,,,,,,,,,,,,,,,,716,False,46,0,[],
10083,,,,,,,,,,,,,,False,,,,,,,,,,,,,,,,,,,703,False,48,0,[],
10084,0.8792780637741089,0.0010000000474974513,0.0010000144829973578,0.9990000128746033,4.9999823570251465,0.07171298563480377,228.3639373779297,468.7278747558594,496.1783297994571,468.8461846150143,0.7100895205741335,0.4533301293849945,4881434279936.0,True,811.9431317944069,3.027705860347938e-05,0.00618645884876446,3.330134472689591e-05,0.6735568350084379,0.01277179878028939,-1590.500017747922,0.0009406581030768232,-0.011125222052420109,0.9989347434383018,3.6798352188678205,0.04668072000764398,1592.2585738754701,0.0010593419919180795,0.013125251018414824,0.9990652823109047,6.3201294951824725,0.09674525126196357,717,False,50,5,"['alpha_neg', 'phi', 'rho']",[]
10086,,,,,,,,,,,,,,False,,,,,,,,,,,,,,,,,,,630,False,48,0,[],
10087,0.008290528319776058,0.0010000000474974513,0.19095371663570404,0.893495500087738,4.202607154846191,0.03270378336310387,372.08917236328125,756.1783447265625,783.6036425006,756.2971566077506,0.5256440329297296,1.2866042197856586e-05,8569922.0,True,0.0043869866125781495,3.624467458872509e-06,0.021066214484856547,0.08787366767048772,0.6171089350876643,0.05632573231448224,-0.0003078074415364864,0.0009928962218149237,0.1496646949547892,0.7212662762641404,2.9930958675365034,-0.07769262337612523,0.016888864081088605,0.001007103873179979,0.23224273831661887,1.0657247239113357,5.4121184421558794,0.14310019010233296,714,True,50,11,"['alpha_pos', 'alpha_neg']",[]
10088,,,,,,,,,,,,,,False,,,,,,,,,,,,,,,,,,,720,False,49,0,[],
10089,,,,,,,,,,,,,,False,,,,,,,,,,,,,,,,,,,716,False,48,0,[],
10090,0.0037507046945393085,0.0010000000474974513,0.37244683504104614,0.9607942700386047,1.9999998807907104,0.5428460240364075,760.5772094726562,1533.1544189453125,1560.6215870916387,1533.2723964734023,0.03712488047233842,2.93889479507925e-05,770247872.0,True,0.0042001826783553626,2.691776651549027e-06,0.06073211467884913,206.1070362725864,429.0387062353682,0.2844641900814229,-0.004481502083526184,0.0009947242622059893,0.25341407756554546,-403.0015737845213,-838.9004123141913,-0.014693543414537436,0.011982911472604801,0.0010052758327889133,0.4914795925165468,404.92316232459854,842.9004120757727,1.1003855914873524,719,True,50,2,"['alpha_pos', 'alpha_neg']","[('rho', 'capacity', -0.9999927282333374)]"
10092,0.0066628712229430676,0.0010000000474974513,0.19044998288154602,0.8608819246292114,3.9299845695495605,0.0010000000474974513,402.3782653808594,816.7565307617188,844.1818285357563,816.8753426429068,0.4870301385270003,0.0001444046210963279,10560251904.0,True,0.001685061566175353,2.583117757982296e-06,0.019027771140242053,0.04305128588670917,0.37189412395488813,0.00012177617319630062,0.003360211241506719,0.00099493722972398,0.15315623674060097,0.7765029548031239,3.2010854805359052,0.0007613231338575902,0.009965531204379416,0.0010050628652709225,0.22774372902249107,0.9452608944552989,4.658883658563216,0.0012386769611373123,714,False,50,7,"['alpha_pos', 'alpha_neg', 'epsilon']",[]
10093,0.010943722911179066,0.0010000000474974513,0.2401237040758133,0.5689043998718262,2.999999761581421,0.0010000067995861173,522.5748901367188,1057.1497802734375,1084.5582477419093,1057.2689292096077,0.3319267361620065,0.6230204701423645,669568128.0,True,0.0014217590777708328,3.0918306490133305e-06,0.03799421664239907,0.10425379037592299,0.6971579771941046,2.572173686680604e-05,0.008157126324055353,0.0009939401707790882,0.1656564078358988,0.3645707254832286,1.6335952347461795,0.0009495931217073613,0.013730319498302779,0.0010060599242158145,0.3145910003157278,0.7732380742604237,4.366404288416662,0.0010504204774648732,712,False,50,2,"['alpha_pos', 'alpha_neg', 'epsilon']",[]
10094,0.006061225663870573,0.0010000000474974513,0.3120077848434448,0.7210498452186584,2.999999761581421,0.0010000000474974513,569.3980102539062,1150.7960205078125,1178.1791536670053,1150.9156786274707,0.26898673554813035,0.47763073444366455,8692159488.0,True,0.0014609252134675963,2.718098413981122e-06,0.03674038308300339,0.08413652678720171,0.4354822376082948,0.00010870058979190023,0.003197864861367594,0.000994672672499613,0.23999795722255352,0.5561452829314536,2.146470259962249,0.0007869508064070646,0.008924586466373553,0.0010053274224952897,0.38401761246433613,0.8859544075058633,3.853529263200593,0.001213049288587838,709,False,50,15,"['alpha_pos', 'alpha_neg', 'epsilon']",[]
10095,0.02955632656812668,0.0010000000474974513,0.37315770983695984,0.7267743945121765,2.987490653991699,0.0811106264591217,464.56591796875,941.1318359375,968.5403034059718,941.2509848736702,0.40608690745918297,1.452542892366182e-05,8106126.0,True,0.007071295885461983,3.2384916936892983e-06,0.03609854423660199,0.18463569821025444,0.8953380003274498,0.025614215385191933,0.01569684130859492,0.0009936527204135882,0.302405863238894,0.3648950757596713,1.2326604193597865,0.030907686811893764,0.04341581182765844,0.0010063473745813144,0.44390955643502567,1.0886537132646819,4.7423208886236115,0.13131356610634964,712,True,50,4,['alpha_neg'],[]
10097,0.017962872982025146,0.0010000000474974513,0.30911263823509216,0.9829918146133423,1.9963016510009766,0.049534402787685394,461.93145751953125,935.8629150390625,963.3133700826602,935.9812248982174,0.4135730367542735,3.340464900247753e-05,353724480.0,True,0.0028226257006485306,4.527523441052885e-06,0.03155926026924539,30.91119002764638,62.775972447960896,0.022582236054490203,0.01243062826691689,0.0009911262646138269,0.24725762472864535,-59.60182735884724,-121.04234344148111,0.005274033430502707,0.023495117697133402,0.0010088738303810757,0.37096765174153895,61.56781098807392,125.03494674348306,0.09379477214486809,717,True,50,11,['alpha_neg'],"[('rho', 'capacity', -0.9999970197677612)]"
10098,,,,,,,,,,,,,,False,,,,,,,,,,,,,,,,,,,712,False,49,0,[],
10099,0.028806151822209358,0.0010000000474974513,0.1898205727338791,0.9987358450889587,1.9283266067504883,0.1307419240474701,428.9385070800781,869.8770141601562,897.3023119341938,869.9958260413443,0.45316995104336066,1.922147384902928e-05,inf,True,0.007422038499846378,4.6390446404991964e-06,0.03593660638060357,,,0.025310932184690542,0.014259223670640765,0.0009909076870793993,0.11938611850130378,,,0.08113340855034093,0.04335307997377795,0.0010090924079155033,0.2602550269664544,,,0.18035043954459926,714,True,50,12,"['alpha_neg', 'rho']","[('alpha_pos', 'rho', 1789.6099853515625), ('alpha_pos', 'capacity', -22516.61328125), ('alpha_neg', 'rho', -1.2436555624008179), ('alpha_neg', 'capacity', 5.22794771194458), ('phi', 'rho', 1367.8646240234375), ('phi', 'capacity', 1413.6861572265625), ('rho', 'capacity', 1588347088666624.0), ('rho', 'epsilon', -1647.591796875), ('capacity', 'epsilon', -1456.389892578125)]"
10101,0.05155976116657257,0.0010000000474974513,0.1750679761171341,0.9990000128746033,2.6396501064300537,0.14389866590499878,388.3926086425781,788.7852172851562,816.2189125413203,788.9038613529528,0.5055521850092305,1.2846154277212918e-05,551287360.0,True,0.017539395666125016,1.2792272989753036e-05,0.027463288229854527,3.581195795659251e-05,0.4991069400909008,0.02116104540691998,0.01718317735036963,0.0009749276531571308,0.12124092028957645,0.9989298227267925,1.6614184794178977,0.10242377903221889,0.08593634498277551,0.0010250724418377718,0.22889503194469174,0.999070203022414,3.6178817334422098,0.18537355277777867,715,True,50,4,"['alpha_neg', 'rho']",[]
10102,,,,,,,,,,,,,,False,,,,,,,,,,,,,,,,,,,716,False,49,0,[],
10103,0.004369500558823347,0.0010000000474974513,0.009429501369595528,0.866204023361206,5.0,0.0010000000474974513,325.9712219238281,663.9424438476562,691.4096119939825,664.0604213757462,0.5873271308114736,0.7528107762336731,954379840.0,True,0.0018580070028113504,6.456878414435115e-06,2.309137165669355,0.034798888802533866,0.3509474992752076,4.359979319681452e-05,0.0007278737502898892,0.0009873447983526043,-4.51639617870524,0.7979994546062255,4.312155540956196,0.0009145460230983004,0.008011127367356805,0.0010126552966422983,4.535255181444431,0.9344085921161867,5.687844459043804,0.0010854540718966022,719,False,50,10,"['alpha_pos', 'alpha_neg', 'phi', 'epsilon']",[]
10104,0.022825585678219795,0.0010000000474974513,0.336600661277771,0.9989996552467346,1.8978627920150757,0.22988839447498322,573.1477661132812,1158.2955322265625,1185.7292274827266,1158.414176294359,0.2703474414407656,2.667059925443027e-05,22268818227200.0,True,0.014106327556743355,2.937698918987265e-06,0.05523791014202928,0.20932794791941173,0.5465271350788032,0.06257833698000247,-0.004822308287122077,0.000994242263418814,0.22833634681813383,0.5887244163670116,0.8266892906867642,0.10723710778176737,0.050473479643561664,0.0010057578315760885,0.44486497573740813,1.4092748941264577,2.969036293343387,0.35253968116819906,715,True,50,12,"['alpha_neg', 'rho']",[]
10106,0.00832205917686224,0.0010000000474974513,0.2282908707857132,0.8345059156417847,2.707475185394287,0.0010000484762713313,490.6697998046875,993.339599609375,1020.8067677557012,993.4575771374649,0.37882211529434795,3.733265839400701e-05,482243904.0,True,0.0014253272463460858,2.726227874349046e-06,0.02814338922539387,0.07427255525937275,0.34858665130580985,0.0001239943192342905,0.005528469107840262,0.000994656739050078,0.1731308415010486,0.6889343822936531,2.0242579033434778,0.0007570240762845599,0.011115649245884218,0.0010053433559448245,0.28345090007037776,0.9800774489899162,3.3906924674450964,0.0012430728762581028,719,True,50,5,"['alpha_pos', 'alpha_neg', 'epsilon']",[]
10107,,,,,,,,,,,,,,False,,,,,,,,,,,,,,,,,,,714,False,49,0,[],
10109,0.016805050894618034,0.0010000000474974513,0.22048507630825043,0.9989998936653137,3.000000238418579,0.06817323714494705,374.02630615234375,760.0526123046875,787.5197804510137,760.1705898327774,0.5264903815713462,0.7122632265090942,75842360.0,True,0.004646118800708813,2.97457204605994e-06,0.01889277621377657,9.715757201941226e-05,0.5027569037332225,0.02042739864635235,0.007698825377334332,0.0009941699934177541,0.18345591536127334,0.9988094683233303,2.014614814122592,0.028136271500254197,0.02591127641190174,0.0010058301015771485,0.2575142372552275,0.9991903190072972,3.9853856627145663,0.10821020278963991,719,False,50,4,"['alpha_neg', 'rho']",[]
10110,0.016805050894618034,0.0010000000474974513,0.22048507630825043,0.9989998936653137,3.000000238418579,0.06817323714494705,374.02630615234375,760.0526123046875,787.5197804510137,760.1705898327774,0.5264903815713462,0.7122632265090942,75842360.0,True,0.004646118800708813,2.97457204605994e-06,0.01889277621377657,9.715757201941226e-05,0.5027569037332225,0.02042739864635235,0.007698825377334332,0.0009941699934177541,0.18345591536127334,0.9988094683233303,2.014614814122592,0.028136271500254197,0.02591127641190174,0.0010058301015771485,0.2575142372552275,0.9991903190072972,3.9853856627145663,0.10821020278963991,719,False,50,4,"['alpha_neg', 'rho']",[]
10111,0.011366823688149452,0.0010000000474974513,0.3305622637271881,0.9968015551567078,1.8899762630462646,0.13577549159526825,583.5950927734375,1179.190185546875,1206.6070740693608,1179.3091657168466,0.2549633297204613,8.19893175503239e-05,370481760.0,True,0.0031467708306362426,2.125451555283568e-06,0.07942078513433909,5.634236205335489,10.688101172934777,0.06832920561549952,0.005199266192501227,0.0009958342389982109,0.17490038523998938,-10.04609848769247,-19.05831709902621,0.0018527094966571678,0.017534381183797677,0.0010041658559966917,0.4862241422143868,12.039701598005886,22.838269625118738,0.26969827369387933,713,False,50,2,"['alpha_neg', 'rho']","[('rho', 'capacity', -0.9994997978210449)]"
10112,,,,,,,,,,,,,,False,,,,,,,,,,,,,,,,,,,707,False,47,0,[],
10113,0.009406563825905323,0.0010000000474974513,0.6317625045776367,0.2868748903274536,6.999935626983643,0.48037511110305786,749.1393432617188,1510.2786865234375,1537.550784485444,1510.4006023434665,0.020264344186374017,2.745245728874579e-05,inf,False,0.0043292258408489616,2.4538798353855153e-06,0.1236832663567838,0.17497248834831178,,0.18171321245326197,0.0009214370969012273,0.0009951905313977066,0.3893477570280659,-0.05606488512059171,,0.12422375917958917,0.01789169055490942,0.001004809563597196,0.8741772521272075,0.6298146657754989,,0.8365264630265266,696,True,50,3,"['alpha_pos', 'alpha_neg', 'capacity']",[]
10114,,,,,,,,,,,,,,False,,,,,,,,,,,,,,,,,,,709,False,49,0,[],
10115,0.12589694559574127,0.0010000000474974513,0.0010354322148486972,0.6775156855583191,2.0196895599365234,0.1915486454963684,415.7633056640625,843.526611328125,870.9266459069445,843.6459295099431,0.4677298596238064,4.084856755071087e-06,14339513344.0,True,0.06610447743238976,1.8220866646404595e-05,0.5754839264476761,0.3492335834144909,1.3636998475097764,0.022536171975818378,-0.0036654493885834305,0.0009642878051033912,-1.1268923373042938,-0.006969560125947849,-0.6531130269054017,0.1473785600743635,0.255459340580066,0.0010357122898915115,1.1289632017339912,1.362000931242586,4.692492146778449,0.2357187309183733,711,True,50,10,"['alpha_neg', 'phi']",[]
10116,,,,,,,,,,,,,,False,,,,,,,,,,,,,,,,,,,718,False,48,0,[],
10117,0.06255846470594406,0.009767255745828152,0.1791679412126541,0.40104684233665466,1.9361910820007324,0.06711103022098541,298.7002868652344,609.4005737304688,636.8342689866328,609.5192177982653,0.6197360585882162,1.0380915227869991e-05,inf,True,0.011138954972697152,0.008756950491914337,0.05361932954878218,,,0.014780649480409105,0.0407265141340443,-0.007396051832724258,0.07407598642185674,,,0.038141489571272905,0.08439041527784383,0.02693056332438056,0.2842598960034515,,,0.09608057087069792,715,True,50,11,['alpha_neg'],"[('alpha_pos', 'rho', -8377.220703125), ('alpha_pos', 'capacity', -32546.341796875), ('alpha_neg', 'rho', -32560.810546875), ('alpha_neg', 'capacity', -34609.6953125), ('phi', 'rho', 93186.9296875), ('phi', 'capacity', -154216.59375), ('rho', 'capacity', 6.153209807424717e+16), ('rho', 'epsilon', -11037.9326171875), ('capacity', 'epsilon', 9271.638671875)]"
10119,,,,,,,,,,,,,,False,,,,,,,,,,,,,,,,,,,719,False,49,0,[],
10120,0.004420205019414425,0.0010000000474974513,0.08226778358221054,0.9767315983772278,3.291714668273926,0.027185015380382538,422.4593200683594,856.9186401367188,884.3523353928828,857.0372842045153,0.4621831541533945,2.2663511117571034e-05,2566311.0,True,0.0021770707377300703,2.4195658193101986e-06,0.022439855968705107,0.08200041324303543,0.38741116163414935,0.06183374627163818,0.00015322478166744126,0.0009952577856333791,0.038286474065282364,0.8160137417034771,2.5324027442621677,-0.09400690034121614,0.008687185257161409,0.0010047423093615235,0.12624909309913873,1.1374494550509786,4.051026592285684,0.14837693110198122,715,True,50,9,"['alpha_pos', 'alpha_neg']","[('rho', 'epsilon', 0.9555488228797913)]"
10121,,,,,,,,,,,,,,False,,,,,,,,,,,,,,,,,,,711,False,49,0,[],
10125,0.019843626767396927,0.0010000000474974513,0.359308660030365,0.5156000256538391,3.0,0.0010000003967434168,438.9375305175781,889.8750610351562,917.3255160787539,889.9933708943112,0.4427640748733416,0.6438349485397339,398707776.0,True,0.0023524186218540763,2.8243585502476222e-06,0.03265276310102736,0.14613160563292554,1.1376392841339114,1.7709174800935577e-05,0.015232970992001589,0.0009944644064595381,0.29531042035663296,0.22918734161029458,0.7702679756996043,0.0009652910519376588,0.024454282542792263,0.0010055356885353645,0.423306899704097,0.8020127096973837,5.229732024300396,0.001034709741549175,717,False,50,11,"['alpha_neg', 'epsilon']",[]
10126,,,,,,,,,,,,,,False,,,,,,,,,,,,,,,,,,,719,False,49,0,[],
10128,0.07052601873874664,0.0010000000474974513,0.09026496112346649,0.4432336986064911,1.0000337362289429,0.25550204515457153,506.59515380859375,1025.1903076171875,1052.539494434061,1025.3106514567291,0.3459251333111517,6.71970929033705e-06,1589975973888.0,True,0.020692044108738906,6.9598024304019675e-06,0.12812730088451013,2.4975695778050033,5.531437429302048,0.028531233597417053,0.029970357519104186,0.0009863590853943492,-0.1608599340465004,-4.451912722774224,-9.841384407939891,0.19958185486913493,0.1110816799583891,0.0010136410096005534,0.3413898562934334,5.338380119987206,11.841451880397777,0.31142223544000813,705,True,50,26,"['alpha_neg', 'capacity']","[('rho', 'capacity', -0.9816104769706726)]"
10130,,,,,,,,,,,,,,False,,,,,,,,,,,,,,,,,,,713,False,49,0,[],
10134,0.9023107886314392,0.9990000128746033,0.9608314037322998,0.9990000128746033,3.901580333709717,0.49195992946624756,756.9835205078125,1525.967041015625,1553.2820883378326,1526.088078479602,0.01706691258731552,8.357576007256284e-06,inf,True,2305.124849488854,4.4220932675990205,0.028364232388947093,4.248702342142933e-05,0.8747737915683126,0.26121935542421476,-4517.059374077836,-7.66814352789652,0.905238529800839,0.998916739838887,2.187055207616276,-0.020020599229981006,4518.863995655099,9.666143553645727,1.0164242776637606,0.9990832859103196,5.6161054598031575,1.003940458162476,701,True,50,12,"['alpha_neg', 'rho']",[]
10135,0.019453691318631172,0.0010000000474974513,0.0010000213515013456,0.724621593952179,2.9562292098999023,0.13576391339302063,468.8368225097656,949.6736450195312,977.0143151564795,949.7941615188139,0.39381581429620327,2.918437894550152e-05,inf,True,0.008148275665709418,2.6437917594507514e-06,,0.16280989194470574,0.821648127941875,0.0459489805602256,0.0034833644777365787,0.000994818310866304,,0.40552006941369784,1.345828471169069,0.04570556636864738,0.03542401815952577,0.0010051817841285986,,1.0437231184906601,4.566629948630736,0.2258222604173939,704,True,50,8,"['alpha_neg', 'phi']","[('alpha_pos', 'phi', 85010.171875), ('alpha_neg', 'phi', 59.40284729003906), ('phi', 'rho', -61816.78125), ('phi', 'capacity', -26253.984375), ('phi', 'epsilon', 56841.04296875)]"
10137,0.06645861268043518,0.0010000000474974513,0.19217097759246826,0.9990000128746033,2.368711471557617,0.06514120101928711,281.3478088378906,574.6956176757812,602.1544350900706,574.8137611356968,0.6433233817134305,7.389519396383548e-06,1171291648.0,True,0.015340149924281293,7.381119967692698e-06,0.02584825687728904,5.4730115059735746e-05,0.3839785947013692,0.013678460586537764,0.03639247131139901,0.0009855333181952042,0.14150932504984198,0.9988927438202164,1.6161272551086312,0.038331910905722466,0.09652475404947135,0.0010144667767996985,0.24283263013509454,0.9991072819289901,3.121295688006603,0.09195049113285175,718,True,50,15,"['alpha_neg', 'rho']",[]
10139,0.009958038106560707,0.0010000000474974513,0.4068510830402374,0.9990000128746033,2.0,0.17496420443058014,627.615966796875,1267.23193359375,1294.5811204106235,1267.3522774332916,0.1896728053392308,0.7909423112869263,778252928.0,True,0.0022971308264324673,2.511999598903439e-06,0.050425004329929836,3.827875762205396e-05,0.4281037549177805,0.06173958968205671,0.005455744418976342,0.0009950766187544215,0.30801989063329865,0.9989249878882911,1.160932058714788,0.05395683223346827,0.014460331794145072,0.001004923476240481,0.5056822754471761,0.9990750378609154,2.839067941285212,0.295971576627692,705,False,50,3,"['alpha_pos', 'alpha_neg', 'rho']",[]
10140,0.01282603107392788,0.0010000000474974513,0.17001356184482574,0.9990000128746033,1.800261378288269,0.03626890480518341,459.18408203125,930.3681640625,957.801859318664,930.4868081302966,0.41543026054898013,0.00011145517783006653,inf,True,0.0022076993309054146,2.328816438809001e-06,0.034723088019087536,,0.1908086262122071,0.03905626710963321,0.008499019896660092,0.0009954356511507809,0.10195755989539992,,1.426283342972778,-0.04027997210027395,0.01715304225119567,0.0010045644438441217,0.23806956379425157,,2.17423941360376,0.11281778171064077,715,True,50,6,"['alpha_neg', 'rho']","[('alpha_pos', 'rho', -1663.187744140625), ('alpha_neg', 'rho', -2.3206772804260254), ('phi', 'rho', -1213.9053955078125), ('rho', 'capacity', 10315736064.0), ('rho', 'epsilon', -7963.09423828125)]"
10141,,,,,,,,,,,,,,False,,,,,,,,,,,,,,,,,,,716,False,49,0,[],
10142,,,,,,,,,,,,,,False,,,,,,,,,,,,,,,,,,,719,False,49,0,[],
10143,0.04284712299704552,0.0010000000474974513,0.1602233648300171,0.8425542712211609,2.9510889053344727,0.10624279826879501,351.262451171875,714.52490234375,741.9920704900762,714.6428798718399,0.5553089542451535,9.239122846338432e-06,26538378.0,True,0.013357600188662304,8.538347981022761e-06,0.03225978815429481,0.18471539022262357,0.9049675519711933,0.01930891078096465,0.016666707707381972,0.0009832651929671764,0.0969953418987074,0.48051875899455665,1.1773850962935541,0.06839802855740713,0.06902753828670906,0.0010167349020277262,0.22345138776132678,1.2045897834477652,4.724792714375392,0.1440875679801829,719,True,50,9,['alpha_neg'],[]
10145,,,,,,,,,,,,,,False,,,,,,,,,,,,,,,,,,,713,False,49,0,[],
10147,,,,,,,,,,,,,,False,,,,,,,,,,,,,,,,,,,716,False,49,0,[],
10148,0.005944560747593641,0.0010000000474974513,0.23542259633541107,0.7805258631706238,2.352471351623535,0.06135959178209305,593.047119140625,1198.09423828125,1225.4434250981235,1198.2145821207916,0.23430531761725348,2.4155882783816196e-05,6743925.0,True,0.002855013934913941,3.7679649824619476e-06,0.031211355284434958,0.20745674258455488,0.42975312150382655,0.17675120159854923,0.00034883625980233497,0.0009926149718368178,0.17424946406923467,0.37391811935489927,1.5101707112323692,-0.2850663975752419,0.011540285235384948,0.0010073851231580848,0.2965957286015875,1.1871336069863483,3.194771992014701,0.407785581139428,705,True,50,11,"['alpha_pos', 'alpha_neg']","[('rho', 'epsilon', 0.9010367393493652)]"
10149,,,,,,,,,,,,,,False,,,,,,,,,,,,,,,,,,,713,False,49,0,[],
10150,,,,,,,,,,,,,,False,,,,,,,,,,,,,,,,,,,715,False,49,0,[],
10151,,,,,,,,,,,,,,False,,,,,,,,,,,,,,,,,,,717,False,47,0,[],
10152,0.018498549237847328,0.0010000000474974513,0.2218988537788391,0.7889122366905212,2.191671371459961,0.08097457885742188,464.50299072265625,941.0059814453125,968.4731495916387,941.1239589734024,0.41194875793985586,4.024140434921719e-05,2478038.75,True,0.003927042811881306,1.9000498403134642e-06,0.029065090846633567,0.16340580970703286,0.6613556930249611,0.03400617632832653,0.010801686760813067,0.0009962760182416059,0.16493232251205253,0.46864273480013124,0.8954380321605093,0.01432369800198334,0.02619541171488159,0.0010037240767532968,0.2788653850456257,1.1091817385809113,3.4879047107594126,0.1476254597128604,719,True,50,15,['alpha_neg'],[]
10154,,,,,,,,,,,,,,False,,,,,,,,,,,,,,,,,,,717,False,49,0,[],
10155,,,,,,,,,,,,,,False,,,,,,,,,,,,,,,,,,,713,False,48,0,[],
10156,0.009300356730818748,0.0010000000474974513,0.0010000000474974513,0.8215595483779907,4.32048225402832,0.0010000000474974513,333.06695556640625,678.1339111328125,705.5423786012843,678.2530600689827,0.5741985841998303,5.801743100164458e-06,inf,True,0.0017923908711075132,5.623043453291043e-06,,0.05269388691069179,0.41384342433054877,8.199098156290259e-05,0.005787335177229649,0.000988979084845497,,0.7182814278276083,3.509364047101718,0.0008393006765770746,0.012813378284407848,0.0010110210101494056,,0.9248376689283732,5.131600460954923,0.001160699418417828,712,True,50,6,"['alpha_pos', 'alpha_neg', 'phi', 'epsilon']","[('alpha_pos', 'phi', 51872.55859375), ('alpha_neg', 'phi', 10.61356258392334), ('phi', 'rho', -25066.892578125), ('phi', 'capacity', -55066.66015625), ('phi', 'epsilon', 85.3335952758789)]"
10157,0.005359125789254904,0.0010000000474974513,0.209290012717247,0.9173263907432556,3.921379804611206,0.0010000000474974513,394.665283203125,801.33056640625,828.7977345525762,801.4485439343399,0.5003618606964197,4.73667896585539e-05,1437752704.0,True,0.0017699157573504176,2.517643043976399e-06,0.018325882074871163,0.030932115837558703,0.33431843239611125,3.9188426136436005e-05,0.001890154649178152,0.0009950655578053298,0.17337194386557137,0.8567005577360196,3.266127717746939,0.0009231921436592286,0.008828096929331656,0.0010049345371895729,0.24520808156892265,0.9779522237504916,4.576631891475473,0.001076807951335674,719,True,50,4,"['alpha_pos', 'alpha_neg', 'epsilon']",[]
10158,,,,,,,,,,,,,,False,,,,,,,,,,,,,,,,,,,716,False,48,0,[],
10159,0.004577805288136005,0.0010000000474974513,0.19417527318000793,0.9163452386856079,4.255683422088623,0.0010000000474974513,361.435791015625,734.87158203125,762.3136630330139,734.9900587590356,0.5405125211042993,9.80784807325108e-06,4071958016.0,True,0.0019703737895943804,4.973273825999678e-06,0.019802541249552004,0.03161713362137356,0.29293629947578714,7.246795162883603e-05,0.0007159436244493175,0.0009902526099132363,0.1553630055285172,0.8543767954933252,3.681538825351641,0.000857965472271542,0.008439666951822694,0.0010097474850816663,0.23298754083149867,0.9783136818778906,4.829828018825605,0.0011420346227233606,716,True,50,7,"['alpha_pos', 'alpha_neg', 'epsilon']",[]
10160,0.00895442720502615,0.0010000000474974513,0.20640890300273895,0.8031377196311951,2.3186659812927246,0.0010000001639127731,506.6409606933594,1025.2819213867188,1052.7323764303164,1025.4002312458738,0.356813840670849,0.008522586897015572,1414967680.0,True,0.0012651419618766408,2.613701608994817e-06,0.033220075609225574,0.07919026373620525,0.37224270734481646,4.2599731907987006e-05,0.006474794524417588,0.000994877286477487,0.14129875124495933,0.6479276547820045,1.5890836813892009,0.0009165062236220568,0.011434059885634711,0.0010051228085174156,0.2715190547605186,0.9583477844803856,3.0482482811962486,0.0010834941042034895,717,False,50,9,"['alpha_pos', 'alpha_neg', 'epsilon']",[]
10162,,,,,,,,,,,,,,False,,,,,,,,,,,,,,,,,,,714,False,49,0,[],
10163,,,,,,,,,,,,,,False,,,,,,,,,,,,,,,,,,,719,False,48,0,[],
10164,0.008048662915825844,0.001000000978820026,0.3964933753013611,0.6031016707420349,2.999999761581421,0.0010000000474974513,623.66748046875,1259.3349609375,1286.8021290838262,1259.4529384655898,0.2104497842918176,0.004646135959774256,7015992320.0,True,0.001339469543194929,2.132208186990904e-06,0.0294396654266468,0.10272107689987678,0.6426732157067461,8.919200955729855e-05,0.005423350852775465,0.0009958219275659824,0.3387926913482243,0.4017720595651071,1.7403834049676572,0.0008251869210563938,0.010673974978876222,0.0010041800300740695,0.45419405925449785,0.8044312819189627,4.259616118195185,0.0011748131739385088,719,False,50,8,"['alpha_pos', 'alpha_neg', 'epsilon']",[]
10165,0.00900054071098566,0.0010000000474974513,0.325358122587204,0.870225191116333,1.8721325397491455,0.10177584737539291,619.7957763671875,1251.591552734375,1279.0084412568608,1251.7105329043466,0.20874834761984717,5.261719707050361e-05,inf,True,0.002466819857160158,2.555223524252449e-06,0.04177320943775466,,,0.12147845747785514,0.004165662634603511,0.000994991901417467,0.24348413657055618,,,-0.13631755417868358,0.01383541878736781,0.0010050081935774357,0.4072321086038518,,,0.3398692489294694,713,True,50,4,"['alpha_pos', 'alpha_neg']","[('alpha_pos', 'rho', -11041.576171875), ('alpha_pos', 'capacity', 38579.265625), ('alpha_neg', 'rho', -19.713579177856445), ('alpha_neg', 'capacity', 68.99427795410156), ('phi', 'rho', -15742.568359375), ('phi', 'capacity', 6424.94384765625), ('rho', 'capacity', 2629256303607808.0), ('rho', 'epsilon', 17930.162109375), ('capacity', 'epsilon', 45716.38671875)]"
10166,0.008467694744467735,0.0010000000474974513,0.20625145733356476,0.8665125966072083,2.794344663619995,0.0010000000474974513,458.7916259765625,929.583251953125,957.0085497271625,929.7020638343131,0.4151118560059167,4.008164978586137e-05,7880523776.0,True,0.001408221376137665,2.4957370233824708e-06,0.02623628711428787,0.06717734105480229,0.31215643251900077,0.00010128892922148559,0.005707631564978479,0.0009951084928167386,0.1548292795015082,0.7348474275626318,2.182529298340246,0.0008014773941907129,0.011227757923956992,0.001004891602178164,0.2576736351656213,0.9981777656517847,3.4061600288997442,0.0011985227008041897,714,True,50,8,"['alpha_pos', 'alpha_neg', 'epsilon']",[]
10168,0.036015648394823074,0.0014682994224131107,0.0010000000474974513,0.9990000128746033,3.0,0.16078482568264008,397.7218933105469,807.4437866210938,834.9026040353831,807.5619300810093,0.4957909908362762,0.07431001216173172,181018845773824.0,True,0.02350755500077368,0.01702781784612135,0.019382774071172237,4.072136991947169e-05,0.9253812630971274,0.025492615731717534,-0.010058312771287777,-0.03190561029129313,-0.036989539052476934,0.9989202004561599,1.186286052361446,0.11082021697675451,0.08208960956093392,0.03484220913611935,0.03898953914747184,0.9990798252930466,4.813713947638554,0.21074943438852564,718,False,50,2,"['alpha_neg', 'phi', 'rho']",[]
10169,0.03705189377069473,0.0010000000474974513,0.3246029019355774,0.9989718198776245,1.6716737747192383,0.09451945126056671,413.67681884765625,839.3536376953125,866.7705262177983,839.4726178652842,0.47188658112013904,4.659511614590883e-05,304002203648.0,True,0.007634295210407885,5.1134525001350004e-06,0.04545215594180443,2.018890466960551,3.40253233068348,0.021467995248123865,0.022088950110948642,0.0009899778647605305,0.2355183132699425,-2.9579807840963075,-4.997167049653512,0.05244295375396692,0.05201483743044082,0.0010100222302343721,0.4136874906012123,4.955924423851556,8.34051459909199,0.13659594876716652,713,True,50,17,"['alpha_neg', 'rho']","[('rho', 'capacity', -0.9929082989692688)]"
10170,0.06739336997270584,0.0010000027250498533,0.42001697421073914,0.2229943424463272,3.0,0.09774026274681091,382.3455505371094,776.6911010742188,804.1499184885081,776.8092445341343,0.5152842364552774,0.10249601304531097,16874922.0,True,0.015690550789243234,6.55256312539233e-06,0.08582367565231894,0.47329378836579217,6.596804300944011,0.02383757347712052,0.03664045552819258,0.000987159937317659,0.25180566091134693,-0.7046444368571478,-9.929498842909188,0.05101947725282747,0.09814628441721909,0.0010128455127820476,0.5882282875101313,1.1506331217498023,15.929498842909188,0.14446104824079437,718,False,50,11,['alpha_neg'],"[('rho', 'capacity', -0.9761608242988586)]"
10171,,,,,,,,,,,,,,False,,,,,,,,,,,,,,,,,,,718,False,49,0,[],
10172,,,,,,,,,,,,,,False,,,,,,,,,,,,,,,,,,,719,False,48,0,[],
10173,0.006236639339476824,0.0010000001639127731,0.43244752287864685,0.29155588150024414,2.2279624938964844,0.08013778179883957,697.2831420898438,1406.5662841796875,1433.6723118171612,1406.6916573140159,0.06248970753945271,4.037675171275623e-05,1485508.625,True,0.00290220546229234,2.289821861257052e-06,0.10000290125298311,0.1938373890112939,1.5613279366233734,0.30866365593200673,0.0005484211576484198,0.000995512195533697,0.2364454380732845,-0.08835841981917197,-0.8321840299415637,-0.5248318671643566,0.011924857521305229,0.0010044881322918493,0.6284496076840091,0.6714701828196603,5.2881090177345325,0.6851074307620357,677,True,50,4,"['alpha_pos', 'alpha_neg']",[]
10174,,,,,,,,,,,,,,False,,,,,,,,,,,,,,,,,,,714,False,48,0,[],
10175,0.020127244293689728,0.0010000000474974513,0.2158593088388443,0.5163871049880981,2.999999761581421,0.08767428994178772,481.60626220703125,975.2125244140625,1002.6629794576602,975.3308342732174,0.38859566018135294,0.4518539309501648,6869934.0,True,0.0038111825181876167,3.025623607439073e-06,0.046060257372230434,0.16721917033964326,1.153694322485058,0.03117398241487612,0.012657463819533329,0.0009940699341960966,0.12558286327062712,0.18864355359772894,0.7388004403423687,0.026574407153945545,0.027597024767846125,0.001005930160798806,0.3061357544070615,0.8441306563784674,5.2611990828204735,0.1487741727296299,717,False,50,13,['alpha_neg'],[]
10176,0.0064743440598249435,0.0010000000474974513,0.5904650688171387,0.9990000128746033,1.438775897026062,0.20653773844242096,603.0286865234375,1218.057373046875,1244.2044266459236,1218.2047414679275,0.04869954028615031,1.9542565496522002e-05,185472374538240.0,True,0.0037886798529021357,3.3219429251545904e-06,0.06327152021515978,0.03016590463491736,0.687354519946322,0.30443084907573764,-0.000951332000815752,0.0009934891590054507,0.46645516794832753,0.9398759262290953,0.09158579332045269,-0.39013576152897367,0.01390002012046564,0.001006510935989452,0.7144749696859498,1.058124099520111,2.7859660007316713,0.8032112384138156,577,True,50,4,"['alpha_pos', 'alpha_neg', 'rho']",[]
10177,,,,,,,,,,,,,,False,,,,,,,,,,,,,,,,,,,715,False,48,0,[],
10178,,,,,,,,,,,,,,False,,,,,,,,,,,,,,,,,,,718,False,49,0,[],
10179,0.0010000000474974513,0.026754822582006454,0.19320574402809143,0.9519521594047546,4.768703937530518,0.0010000000474974513,297.3430480957031,606.6860961914062,634.1281771931701,606.8045729191919,0.6219925891878502,5.718196916859597e-05,956244480.0,True,7.579932968634256e-06,0.011844149897275967,0.016399074589184215,0.021337756885909238,0.19374354016299092,2.9923509310139874e-05,0.0009851436518737004,0.0035407153558517784,0.1610641484535044,0.910130924397501,4.388973576573766,0.0009413510469585282,0.0010148564431212022,0.04996892980816113,0.22534733960267847,0.9937733944120083,5.1484342984872695,0.0010586490480363744,716,True,50,5,"['alpha_pos', 'epsilon']",[]
10180,0.010153199546039104,0.0010000000474974513,0.28165191411972046,0.9043477773666382,2.3058340549468994,0.12200804054737091,565.3057861328125,1142.611572265625,1169.9862368277873,1142.7314010816021,0.27321539325253175,3.253991235396825e-05,7388629.0,True,0.004548618474125298,3.2121111501298613e-06,0.030004763601632796,0.16243966797730586,0.41858242333702267,0.11011575765071333,0.001238071157339985,0.0009937044253288572,0.22284365809588186,0.5859718784704744,1.4854275806448367,-0.09381487857836812,0.019068327934738224,0.0010062956696660454,0.34046017014355906,1.222723676262802,3.126240529248962,0.33783095967310994,708,True,50,11,"['alpha_pos', 'alpha_neg']",[]
10181,0.007518628612160683,0.0010000000474974513,0.14193230867385864,0.8493114113807678,2.669504165649414,0.0010000000474974513,494.8246154785156,1001.6492309570312,1029.1163991033575,1001.7672084851212,0.37356220402074236,4.320486914366484e-05,994124352.0,True,0.0014031255650972607,2.472033762205929e-06,0.05294039381869031,0.06739264977908016,0.31994435087027745,3.873847823077924e-05,0.00476855303878264,0.0009951549503549606,0.038171043461858734,0.7172242449910495,2.042424760886624,0.0009240740253492351,0.010268704185538725,0.001004845144639942,0.24569357388585855,0.9813985777704861,3.296583570412204,0.0010759260696456675,719,True,50,1,"['alpha_pos', 'alpha_neg', 'epsilon']",[]
10182,0.009505576454102993,0.0010000000474974513,0.2985905110836029,0.892233669757843,2.337786912918091,0.0010000000474974513,494.7303466796875,1001.460693359375,1028.7327913213815,1001.582609179404,0.35298424116300886,2.0813991795876063e-05,531464384.0,True,0.001750691676176128,4.0191294300235446e-06,0.04970880512700909,0.06389751085412132,0.30837104555044453,2.676144526461208e-05,0.006074283820763722,0.0009921226985654002,0.2011630433201451,0.7669968497820081,1.733390769764259,0.0009475485786045717,0.012936869087442264,0.0010078773964295024,0.3960179788470607,1.017470489733678,2.9421830560719227,0.001052451516390331,696,True,50,8,"['alpha_pos', 'alpha_neg', 'epsilon']",[]
10183,0.038400810211896896,0.0010000000474974513,0.3024194836616516,0.46144863963127136,3.000000238418579,0.3083002269268036,585.32861328125,1182.6572265625,1210.1243947088262,1182.7752040905898,0.258986002398214,0.022590551525354385,13692885.0,True,0.019581191716202907,4.677633993750999e-06,0.09430565568552869,0.28462216138791635,2.3861225278847673,0.04400902286925609,2.2379673765143826e-05,0.0009908320533368392,0.11758379497958041,-0.09640054589099145,-1.6767139789352354,0.22204412710826205,0.07677924075002865,0.0010091680416580635,0.48725517234372284,1.0192978251535343,7.676714455772394,0.39455632674534513,719,False,50,13,['alpha_neg'],[]
10184,0.009720541536808014,0.0010000000474974513,0.537013828754425,0.12918388843536377,6.0672173500061035,0.2470155656337738,740.4820556640625,1492.964111328125,1520.3809998506108,1493.0830914980966,0.05467627815048115,6.234819738892838e-05,inf,False,0.00299149379044138,1.551595165148109e-06,0.12086503087422287,0.09022786413266931,,0.17702907997132125,0.0038573214475676977,0.0009969589768551745,0.30012272125062656,-0.04765947566664139,,-0.09995505532627685,0.01558376162604833,0.0010030411181397281,0.7739049362582235,0.30602725253736895,,0.5939861865938245,713,True,50,4,"['alpha_pos', 'alpha_neg']",[]
10185,,,,,,,,,,,,,,False,,,,,,,,,,,,,,,,,,,710,False,48,0,[],
10186,,,,,,,,,,,,,,False,,,,,,,,,,,,,,,,,,,718,False,48,0,[],
10190,0.014406019821763039,0.0010000000474974513,0.5663225650787354,0.22099728882312775,6.955504417419434,0.13257218897342682,568.5562744140625,1149.112548828125,1175.4941267594218,1149.254201441953,0.1374629608058464,4.153564805164933e-05,inf,False,0.0033306038423593525,1.8564835834249081e-06,0.08473093858561254,0.08317629315747847,,0.09845993370524735,0.007878156243967989,0.0009963614065360486,0.40025297707465957,0.05797474986692461,,-0.060405735009059325,0.02093388339955809,0.001003638688458854,0.7323921530828111,0.38401982777933086,,0.32555011295591296,600,True,50,8,['alpha_neg'],[]
10191,0.07594487816095352,0.004566906951367855,0.1494663804769516,0.44746512174606323,4.237634658813477,0.1468094140291214,384.0782470703125,780.156494140625,807.5311587027874,780.2763229566021,0.5062103296928353,5.588508884102339e-06,479.6893005371094,True,0.028027497224906057,0.011704970470644364,0.06486496361698564,0.23203858941852878,2.805327461442983,0.02182637321495246,0.021011993023341335,-0.018374413611199944,0.022333387929158788,-0.007322156537730051,-1.2607061304559473,0.10403050861468485,0.1308777632985657,0.027508227513935654,0.2765993730247444,0.9022524000298565,9.7359754480829,0.18958831944355795,708,True,50,15,['alpha_neg'],[]
10192,0.0471467562019825,0.20652952790260315,0.522013783454895,0.838606595993042,6.207966327667236,0.31488901376724243,662.3008422851562,1336.6016845703125,1363.9848177295053,1336.7213426899707,0.14971480045706131,8.339775376953185e-06,inf,False,0.03900452136879831,0.22723269969730847,0.03351671749398592,0.06924060162735109,,0.0448464239561856,-0.029300700915085118,-0.23883837961392712,0.456322224286679,0.7028975105355484,,0.22699163797770439,0.12359421331905011,0.6518974354191334,0.587705342623111,0.9743156814505356,,0.4027863895567805,709,True,50,38,[],[]
10195,,,,,,,,,,,,,,False,,,,,,,,,,,,,,,,,,,684,False,49,0,[],
10196,0.00739792175590992,0.0010000000474974513,0.18264631927013397,0.7254038453102112,3.8914594650268555,0.001000000280328095,459.4547119140625,930.909423828125,958.3682412424143,931.0275672880406,0.417529663450261,2.416548340988811e-05,1768197120.0,True,0.0014642312613302125,2.8707469103794416e-06,0.06455810456235547,0.058782158232128366,0.5262862940300701,5.1955319080056125e-05,0.004528081218665048,0.000994373486944378,0.056114759417746296,0.6101929322417049,2.8599572831708606,0.0008981697261258982,0.010267762293154792,0.0010056266080505246,0.30917787912252165,0.8406147583787175,4.92296164688285,0.0011018308345302917,718,True,50,9,"['alpha_pos', 'alpha_neg', 'epsilon']",[]
10197,,,,,,,,,,,,,,False,,,,,,,,,,,,,,,,,,,716,False,49,0,[],
10198,0.04271475970745087,0.0010000000474974513,0.9990000128746033,0.0010000134352594614,6.955504417419434,0.22043918073177338,395.8270568847656,803.6541137695312,828.6843173539968,803.8320798712261,0.24781354042428771,6.924824265297502e-05,inf,False,0.012447584588474983,1.2588216742709127e-06,0.0002477451561111582,0.0002863338989529865,,0.05117176793889131,0.01831794221952407,0.000997532802352922,0.9985144412912812,0.0004388093057586768,,0.12014435854630497,0.06711157719537766,0.0010024672926419807,0.9994855844579253,0.001561217564760246,,0.3207340029172418,479,True,50,15,"['alpha_neg', 'phi', 'rho']",[]
10199,0.008627116680145264,0.0010000000474974513,0.19489413499832153,0.9691312313079834,4.465061187744141,0.06619532406330109,344.6178894042969,701.2357788085938,728.6273686288059,701.3552667175553,0.5581905336152956,1.2499782314989716e-05,16903728.0,True,0.0044308865171832365,4.872946928809588e-06,0.020313386601793857,0.06153592510724796,0.4190291008753631,0.03638527467187635,-5.72613131179945e-05,0.0009904492470184094,0.1550806288547671,0.8485230343424234,3.6437792415542276,-0.00511850386117399,0.01731149467340852,0.0010095508479764932,0.23470764114187598,1.0897394282735435,5.286343133934054,0.13750915198777616,710,True,50,13,"['alpha_pos', 'alpha_neg']",[]
10200,,,,,,,,,,,,,,False,,,,,,,,,,,,,,,,,,,719,False,49,0,[],
10201,0.014474512077867985,0.0010000000474974513,0.22443918883800507,0.9650164246559143,1.9055615663528442,0.08570902049541473,502.5601501464844,1017.1203002929688,1044.587468439295,1017.2382778210587,0.3637691760739873,0.005697350017726421,4658458.0,True,0.003268379106266777,2.714167388019456e-06,0.033078242895748004,1.757208472735407,3.476662566248989,0.04446381108908178,0.00806860674176189,0.00099468037716892,0.15960702409047106,-2.4790488952341168,-4.908571849893774,-0.001438447854578237,0.02088041741397408,0.0010053197178259826,0.28927135358553907,4.409081744545945,8.719694982599464,0.17285648884540772,719,False,50,9,['alpha_neg'],"[('rho', 'capacity', -0.9981406927108765)]"
10202,,,,,,,,,,,,,,False,,,,,,,,,,,,,,,,,,,718,False,49,0,[],
10203,0.041627272963523865,0.0010000000474974513,0.001001896453090012,0.6912716031074524,4.057562828063965,0.096689373254776,329.6803894042969,671.3607788085938,698.8028598103576,671.4792555363794,0.5808826498807238,1.1112749234598596e-05,1043505086464.0,True,0.012945985264143372,8.471141964849118e-06,0.32731701754627895,0.13780790503489723,1.2534711505101228,0.019217645941006233,0.016253608101416597,0.0009833969143384213,-0.6405276694646816,0.4211730724541378,1.6008045174041388,0.05902347934276143,0.06700093782563113,0.0010166031806564813,0.6425314623708617,0.961370133760767,6.5143211387237905,0.13435526716679058,716,True,50,6,"['alpha_neg', 'phi']",[]
10204,0.019215194508433342,0.0010000000474974513,0.18974611163139343,0.8429394364356995,3.7394325733184814,0.06526316702365875,354.10516357421875,720.2103271484375,747.6691445627268,720.3284706083531,0.5510857796150883,1.4917893167876173e-05,31276080.0,True,0.006944276896149306,8.207756220412663e-06,0.027097359822298463,0.08795238099763479,0.6626563434197326,0.02632778878234669,0.005604661893307109,0.000983913140911558,0.13663626230356576,0.6705559373257902,2.4406500060888,0.0136616492176816,0.03282572712355958,0.0010160869540833447,0.2428559609592211,1.0153229355456086,5.0382151405481626,0.11686468482963591,718,True,50,5,['alpha_neg'],[]
10206,0.01742684096097946,0.0010000000474974513,0.6002427339553833,0.39528751373291016,1.9990676641464233,0.5905873775482178,756.67138671875,1525.3427734375,1552.7512409059718,1525.4619223736702,0.032651716492230975,3.2648295018589124e-05,765463552.0,True,0.008278539325700775,2.5984105971848363e-06,0.27700442605340825,447.58975579198443,2263.5777548023325,0.11670496342353533,0.0012012020380074394,0.0009949072563099218,0.05732403533251451,-876.8645136876346,-4434.531807954462,0.3618498524210242,0.03365247988395148,0.0010050928386849808,1.143161432578252,877.6550887151004,4438.529943282755,0.8193249026754114,712,True,50,7,['alpha_neg'],"[('rho', 'capacity', -0.9999995827674866)]"
10208,0.01984085887670517,0.0010000000474974513,0.27006813883781433,0.503928542137146,1.9999449253082275,0.11422022432088852,507.2386779785156,1026.4773559570312,1053.732187720072,1026.5996266993893,0.3347139164864792,2.5029801690834574e-05,inf,True,0.004635995930908409,2.219525571981988e-06,0.05462955974922368,,,0.045641037851397864,0.010754473819650447,0.000995649857313601,0.16299616923805693,,,0.02476543391511933,0.028927243933759894,0.0010043502376813017,0.37714010843757173,,,0.20367501472665772,694,True,50,11,['alpha_neg'],"[('alpha_pos', 'rho', -24912.54296875), ('alpha_pos', 'capacity', 686.196044921875), ('alpha_neg', 'rho', -33.266109466552734), ('alpha_neg', 'capacity', 25.92896270751953), ('phi', 'rho', -28528.48828125), ('phi', 'capacity', 23726.3828125), ('rho', 'capacity', 3.2308446955044864e+16), ('rho', 'epsilon', 5069.880859375), ('capacity', 'epsilon', -15186.9521484375)]"
10209,,,,,,,,,,,,,,False,,,,,,,,,,,,,,,,,,,715,False,49,0,[],
10210,0.007117208559066057,0.0010000000474974513,0.43429654836654663,0.8824770450592041,2.2098090648651123,0.0010000000474974513,580.3679809570312,1172.7359619140625,1199.8949310714872,1172.860222269092,0.22653923551199528,4.1159171814797446e-05,1386842880.0,True,0.0018715315975760371,1.6188899621436181e-06,0.032569086751691276,0.06220460882496354,0.42209267837121534,4.4056826512556685e-05,0.0034490740318883144,0.0009968270814767165,0.3704623113238711,0.7605582520898732,1.3825226171194815,0.0009136502542597108,0.0107853430862438,0.0010031730135181861,0.4981307854092222,1.0043958380285352,3.037095512610743,0.0010863498407351919,683,True,50,4,"['alpha_pos', 'alpha_neg', 'epsilon']",[]
10211,0.007117208559066057,0.0010000000474974513,0.43429654836654663,0.8824770450592041,2.2098090648651123,0.0010000000474974513,580.3679809570312,1172.7359619140625,1199.8949310714872,1172.860222269092,0.22653923551199528,4.1159171814797446e-05,1386842880.0,True,0.0018715315975760371,1.6188899621436181e-06,0.032569086751691276,0.06220460882496354,0.42209267837121534,4.4056826512556685e-05,0.0034490740318883144,0.0009968270814767165,0.3704623113238711,0.7605582520898732,1.3825226171194815,0.0009136502542597108,0.0107853430862438,0.0010031730135181861,0.4981307854092222,1.0043958380285352,3.037095512610743,0.0010863498407351919,683,True,50,4,"['alpha_pos', 'alpha_neg', 'epsilon']",[]
10212,0.034662000834941864,0.0010000000474974513,0.001007230137474835,0.9978614449501038,1.6347324848175049,0.15231198072433472,445.47406005859375,902.9481201171875,930.3902011189514,903.0665968449731,0.43367602805858707,1.6136795238708146e-05,inf,True,0.008849035724822119,5.090064616457747e-06,0.33853673151120534,,,0.02799874613731535,0.01731820951638222,0.0009900237041702124,-0.6625125710683937,,,0.09743544668291668,0.05200579215350151,0.0010099763908246902,0.6645270313433433,,,0.20718851476575276,716,True,50,10,"['alpha_neg', 'phi', 'rho']","[('alpha_pos', 'rho', 9055.470703125), ('alpha_pos', 'capacity', -21415.830078125), ('alpha_neg', 'rho', 11.678423881530762), ('alpha_neg', 'capacity', -26.506855010986328), ('phi', 'rho', 21820.603515625), ('phi', 'capacity', -71.109375), ('rho', 'capacity', 1746062851178496.0), ('rho', 'epsilon', 1789.80126953125), ('capacity', 'epsilon', 5471.7841796875)]"
10215,0.02124108374118805,0.0010000000474974513,0.2076055258512497,0.9915622472763062,1.4353874921798706,0.13731974363327026,506.0347595214844,1024.0695190429688,1051.536687189295,1024.1874965710585,0.35937039199842347,1.653571962378919e-05,inf,True,0.006228922248137451,4.183980949371124e-06,0.03893847292057162,,,0.054411643757447316,0.00903262047233838,0.000991799595524682,0.13128752131394114,,,0.03067488152904986,0.03344954701003772,0.0010082004994702205,0.2839235303885582,,,0.24396460573749068,719,True,50,5,"['alpha_neg', 'rho']","[('alpha_pos', 'rho', 4588.34912109375), ('alpha_pos', 'capacity', 3163.54345703125), ('alpha_neg', 'rho', 5.497502326965332), ('alpha_neg', 'capacity', -2.576195240020752), ('phi', 'rho', 3510.817626953125), ('phi', 'capacity', 136.5560302734375), ('rho', 'capacity', 3278307466412032.0), ('rho', 'epsilon', -8902.8232421875), ('capacity', 'epsilon', 19874.697265625)]"
10216,0.01019459031522274,0.0010000000474974513,0.277423232793808,0.9990000128746033,2.014971971511841,0.08840490132570267,553.0243530273438,1118.0487060546875,1145.4991610982852,1118.1670159138425,0.2979296242602282,3.37974815920461e-05,26089164800.0,True,0.002216545404094549,2.256546261003871e-06,0.036764724103884955,0.00020227608141550277,0.3355995320653483,0.03265872480145169,0.005850241153099644,0.0009955772980964352,0.20536569764864188,0.998603559040095,1.3572089754352632,0.024394976933852328,0.014538939477345837,0.0010044227968984674,0.3494807679389741,0.9993964667091115,2.6727349675884184,0.152414825717553,717,True,50,9,"['alpha_pos', 'alpha_neg', 'rho']",[]
10217,0.07140897959470749,0.0010000000474974513,0.0018367442535236478,0.447992205619812,3.0,0.18006984889507294,442.6991882324219,897.3983764648438,924.86554461117,897.5163539929337,0.4395519238873319,0.3243752121925354,92169208.0,True,0.025257351335971727,1.3729601110262567e-05,0.7499518442272335,0.4637274655228109,3.6932303110758467,0.02470444253004874,0.021905480631328286,0.0009730905237992356,-1.4680418605712469,-0.46089692544693694,-4.238598396320319,0.13165003127803782,0.12091247855808669,0.001026909571195667,1.4717153490782942,1.3568813366865609,10.23859839632032,0.22848966651210806,719,False,50,3,"['alpha_neg', 'phi']","[('rho', 'capacity', -0.946333110332489)]"
10218,0.016422197222709656,0.0010000000474974513,0.5249519944190979,0.34870675206184387,6.57344913482666,0.03843436390161514,594.7611694335938,1201.5223388671875,1228.7771706302283,1201.6446096095456,0.21992082580272665,3.9116628613555804e-05,inf,False,0.004566682773934701,2.076148504018786e-06,0.0595322459180475,0.06700337156907213,,0.07281519817786493,0.007471663456978172,0.0009959308712030178,0.40827093650094315,0.21738255694370748,,-0.10428080205414669,0.025372730988441138,0.0010040692237918848,0.6416330523372527,0.4800309471799803,,0.18114952985737698,694,True,50,13,['alpha_neg'],[]
10219,0.00687925610691309,0.0010000000474974513,0.33320701122283936,0.8249673843383789,2.0900659561157227,0.049741800874471664,618.7420654296875,1249.484130859375,1276.9429482736643,1249.6022743192907,0.215594290921712,4.335675112088211e-05,2071860.625,True,0.0019277423254982493,1.8603663357664517e-06,0.03902040257919818,0.1819872447356637,0.3693945114014598,0.12587610149628067,0.0031009505774630313,0.0009963537964812984,0.25672842750535707,0.46827893901080153,1.3660660176820911,-0.19697082457254686,0.010657561636363149,0.0010036462985136042,0.40968559494032164,1.1816558296659563,2.814065894549354,0.2964544263214902,718,True,50,13,"['alpha_pos', 'alpha_neg']",[]
10220,0.02927177958190441,0.0010000000474974513,0.08211890608072281,0.9630671739578247,1.8194684982299805,0.20844121277332306,494.516357421875,1001.03271484375,1028.4915322580393,1001.1508583036656,0.3730805198690694,1.7024236512952484e-05,912286528.0,True,0.007417612254154471,3.286552422578808e-06,0.0476673508075157,138.40972575613188,261.4901808632712,0.030090695011069403,0.014733526712478682,0.000993558523115894,-0.011307384740444223,-270.3150104181266,-510.6918683046464,0.14946453428184794,0.04381003245133014,0.0010064415718790086,0.17554519690188986,272.2411447660422,514.3308053011064,0.2674178912647982,718,True,50,9,['alpha_neg'],"[('rho', 'capacity', -0.9999988079071045)]"
