participant_id,alpha_pos,alpha_neg,phi,rho,capacity,kappa_total,kappa_share,epsilon,nll,aic,bic,aicc,pseudo_r2,grad_norm,hessian_condition,hessian_invertible,alpha_pos_se,alpha_neg_se,phi_se,rho_se,capacity_se,kappa_total_se,kappa_share_se,epsilon_se,alpha_pos_ci_lower,alpha_neg_ci_lower,phi_ci_lower,rho_ci_lower,capacity_ci_lower,kappa_total_ci_lower,kappa_share_ci_lower,epsilon_ci_lower,alpha_pos_ci_upper,alpha_neg_ci_upper,phi_ci_upper,rho_ci_upper,capacity_ci_upper,kappa_total_ci_upper,kappa_share_ci_upper,epsilon_ci_upper,n_trials,converged,n_successful_starts,n_near_best,at_bounds,high_correlations
10000,0.007424017880111933,0.0010000000474974513,0.290726900100708,0.9393473863601685,2.7740535736083984,0.11877342313528061,2.9719808624364684e-17,0.09998679161071777,748.4442138671875,1512.888427734375,1552.053889316358,1513.035516600565,0.3104622647734818,3.457937418716028e-05,414196448.0,True,0.0024018785453175633,3.077124098257076e-06,0.04133488006845917,0.10902021755278445,0.3362114795236691,0.029428275227643533,2.5075573479712987e-05,0.06535073644558677,0.0027164224360500524,0.0009939689950889071,0.2097120238612455,0.7256716863699895,2.115091182553081,0.06109506356196703,-4.9147220911895455e-05,-0.028098298185801396,0.012131613324173812,0.0010060310999059955,0.3717417763401705,1.1530230863503474,3.4330159646637157,0.17645178270859418,4.9147220911954896e-05,0.22807188140723694,988,True,50,7,"['alpha_pos', 'alpha_neg', 'kappa_share']",[]
9187,0.010129686444997787,0.0010000005131587386,0.17085127532482147,0.2648635506629944,3.0,0.11120250076055527,0.04619131609797478,0.017416737973690033,857.589599609375,1731.17919921875,1770.3608387637792,1731.3259882095756,0.21150333948317512,0.6354668140411377,3495992.0,True,0.003240401748827023,1.7679820480550408e-06,0.09725933562235382,0.11699627021579953,1.7243571281433108,0.03219563135080951,0.1496971720444243,0.1598154850167946,0.0037786157218562162,0.0009965353320192374,-0.019773519655285537,0.03555507471451108,-0.37967786764580813,0.04810022285343998,-0.24720974969659304,-0.295815856831028,0.01648075716813936,0.0010034656942982398,0.36147607030492845,0.4941720266114777,6.379677867645809,0.17430477866767055,0.3395923818925426,0.3306493327784081,990,False,50,3,"['alpha_pos', 'alpha_neg']","[('alpha_pos', 'epsilon', 0.9166281223297119)]"
10002,0.028028307482600212,0.0010000000474974513,0.0010000000474974513,0.9990000128746033,2.4623584747314453,0.16821610927581787,0.630800724029541,0.07525982707738876,546.80517578125,1109.6103515625,1148.759602399321,1109.7577415317937,0.4952094114415042,1.507912475062767e-05,inf,True,0.008045592034691388,5.4048211068404545e-06,,3.940054762623841e-05,0.35825852222839394,0.03423224294577566,0.12772713422904267,0.02276907051573796,0.01225923686030276,0.0009894067927851621,,0.9989227892202847,1.7601846740092508,0.10112214599207224,0.38046014109210424,0.030633268905089522,0.043797378104897665,0.0010105933022097405,,0.9990772365289219,3.16453227545364,0.2353100725595635,0.8811413069669778,0.119886385249688,986,True,50,10,"['alpha_neg', 'phi', 'rho']","[('alpha_pos', 'phi', 44930.390625), ('alpha_neg', 'phi', -21.6033992767334), ('phi', 'rho', -9.135629653930664), ('phi', 'capacity', -110627.265625), ('phi', 'kappa_total', 22511.712890625), ('phi', 'kappa_share', -16077.36328125), ('phi', 'epsilon', 4983.13916015625)]"
10003,0.009996996261179447,0.0010000000474974513,0.3170500099658966,0.9692971110343933,2.678434371948242,0.12635007500648499,0.1743571162223816,0.0010000000474974513,619.9953002929688,1255.9906005859375,1295.0336732434255,1256.1399781792984,0.41999584516860666,3.5260949516668916e-05,396989152.0,True,0.0017449946535943043,3.3069372911493733e-06,0.02402092985357314,0.03255547853250316,0.22345151820812056,0.03290610172372196,0.12183341514637225,1.810332632043156e-05,0.006576869586919663,0.0009935185695076662,0.26996985257773026,0.9054895456112202,2.24047744396953,0.06185530075637856,-0.06443198957802473,0.0009645181799090294,0.013417122935439231,0.0010064815254872364,0.36413016735406295,1.0331046764575664,3.1163912999269545,0.1908448492565914,0.41314622202278795,0.0010354819150858732,973,True,50,3,"['alpha_pos', 'alpha_neg', 'epsilon']",[]
10004,0.06033412739634514,0.0010000000474974513,0.10516318678855896,0.9990000128746033,3.33085036277771,0.04180232807993889,0.7716741561889648,0.07860468327999115,410.81402587890625,837.6280517578125,876.8096913028415,837.7748407486382,0.6222837967641686,8.486312253808137e-06,727158400.0,True,0.021189350221600622,2.0051382829271307e-05,0.030626942993388036,4.719069290974619e-05,0.6229709431146482,0.024681222510905484,0.40245106577934436,0.01459285954697394,0.018803764106202103,0.0009607000593118547,0.04513548156495706,0.9989075208160947,2.1098497508580487,-0.006571979135855104,-0.017115438278310302,0.05000320413647074,0.10186449068648817,0.0010393000356830478,0.16519089201216086,0.9990925049331119,4.551850974697372,0.09017663529573289,1.56046375065624,0.10720616242351155,990,True,50,7,"['alpha_neg', 'rho']",[]
10005,,,,,,,,,,,,,,,,False,,,,,,,,,,,,,,,,,,,,,,,,,985,False,49,0,[],
10006,,,,,,,,,,,,,,,,False,,,,,,,,,,,,,,,,,,,,,,,,,987,False,49,0,[],
10007,,,,,,,,,,,,,,,,False,,,,,,,,,,,,,,,,,,,,,,,,,987,False,49,0,[],
10016,,,,,,,,,,,,,,,,False,,,,,,,,,,,,,,,,,,,,,,,,,987,False,48,0,[],
10017,,,,,,,,,,,,,,,,False,,,,,,,,,,,,,,,,,,,,,,,,,986,False,49,0,[],
10018,0.008093852549791336,0.0010000000474974513,0.2316468209028244,0.9990000128746033,2.4310848712921143,0.1274065375328064,0.3535866439342499,0.0010000000474974513,633.6643676757812,1283.3287353515625,1322.4779861883835,1283.4761253208562,0.41502417446837014,2.2880274627823383e-05,2119296896.0,True,0.0014415629461699184,4.877432568413169e-06,0.022895523826910402,5.026182348040407e-05,0.21830450578476407,0.034359746785057786,0.11683731894819394,1.6166786039503998e-05,0.005268441093850843,0.000990440455326339,0.18677241879490133,0.9989015015107844,2.003215902291161,0.06006267131617722,0.12458970674557054,0.0009683137291142585,0.01091926400573183,0.0010095596396685637,0.27652122301074744,0.9990985242384222,2.8589538402930676,0.19475040374943559,0.5825835811229292,0.0010316863658806441,986,True,50,13,"['alpha_pos', 'alpha_neg', 'rho', 'epsilon']",[]
10024,,,,,,,,,,,,,,,,False,,,,,,,,,,,,,,,,,,,,,,,,,718,False,49,0,[],
10025,,,,,,,,,,,,,,,,False,,,,,,,,,,,,,,,,,,,,,,,,,414,False,49,0,[],
10027,,,,,,,,,,,,,,,,False,,,,,,,,,,,,,,,,,,,,,,,,,718,False,49,0,[],
10028,0.015109463594853878,0.0010000000474974513,0.8074612617492676,0.7103462219238281,3.1654863357543945,0.05756411701440811,0.135684534907341,0.012784318067133427,685.6157836914062,1387.2315673828125,1423.628773320683,1387.4402630349864,0.10718972716678321,2.56576113315532e-05,2003046.25,True,0.0045297266400498295,2.4077454828195152e-06,0.0410625138997081,0.15103167069870505,0.8894913473718465,0.034000708086638194,0.41043387145742716,0.0813615238059355,0.006231362520544584,0.000995280953067186,0.7269802133911644,0.41432958682945287,1.422115330345569,-0.00907604628426252,-0.6687510711845583,-0.14668133831979838,0.023987564669163172,0.0010047191419277166,0.8879423101073708,1.0063628570182033,4.90885734116322,0.12420428031307874,0.9401201409992404,0.17224997445406523,699,True,50,5,['alpha_neg'],[]
10029,0.042049240320920944,0.0010000000474974513,0.2017108052968979,0.692541241645813,3.7293291091918945,0.05850538983941078,0.3231152296066284,0.05304760858416557,317.02557373046875,650.0511474609375,686.6851571570184,650.2536791065071,0.5992095652036787,8.660166713525541e-06,91604200.0,True,0.013715999346353149,1.513205180424587e-05,0.028712217482585203,0.1544849538231842,1.2198494313196018,0.04258397369631356,0.2880081424533477,0.01894568805636225,0.015166375590093848,0.000970341770948935,0.14543589311474958,0.38975629599903866,1.3384681572438089,-0.024957664923964798,-0.24137035685621444,0.015914742331364903,0.06893210505174804,0.0010296583240459675,0.2579857174790462,0.9953261872925874,6.12019006113998,0.14196844460278635,0.8876008160694713,0.09018047483696624,720,True,50,6,['alpha_neg'],[]
10030,0.02913057431578636,0.0010000000474974513,0.0010000203037634492,0.9319736957550049,3.1905460357666016,0.08859442919492722,0.4565907120704651,0.023719068616628647,276.9764099121094,569.9528198242188,606.5422611599039,570.156497334827,0.6478843671057593,1.0140866834262852e-05,2914037792768.0,True,0.008810903603817265,2.1188453484404502e-05,0.006594999784186501,0.07242412740557612,0.6789700504532478,0.04352257858504566,0.23460960343482962,0.012577219912336977,0.011861520581050354,0.0009584714417799163,-0.011925941751291523,0.7900250144283354,1.8597891902968926,0.003291742653923499,-0.00323566108902551,-0.0009318294371918438,0.04639962805052237,0.0010415286532149863,0.013925982358818421,1.0739223770816744,4.521302881236311,0.17389711573593092,0.9164170852299557,0.04836996667044914,716,True,50,12,"['alpha_neg', 'phi']",[]
10031,0.006170072127133608,0.0010000000474974513,0.21429948508739471,0.9169022440910339,3.949094533920288,0.15864497423171997,0.17290571331977844,0.01427531149238348,418.0281066894531,852.0562133789062,888.6791042406746,852.2590302803147,0.4707850062012673,0.0001332073734374717,6222038.5,True,0.0032759167906660294,2.738828355180073e-06,0.019658768375756617,0.10781210828600314,0.49358278417800383,0.04051620271426168,0.09796226773553111,0.07780228275177786,-0.00025060679892184926,0.0009946320425614614,0.17576900709049675,0.7055943947531355,2.981690053542394,0.0792346761214431,-0.01909680328573271,-0.13821436061610298,0.012590751053189065,0.0010053680524334412,0.2528299630842927,1.1282100934289325,4.916499014298182,0.23805527234199686,0.3649082299252896,0.16676498360086994,719,False,50,5,"['alpha_pos', 'alpha_neg']","[('rho', 'epsilon', 0.9090076088905334)]"
10035,,,,,,,,,,,,,,,,False,,,,,,,,,,,,,,,,,,,,,,,,,717,False,49,0,[],
10036,0.01239543966948986,0.0010000000474974513,0.40828242897987366,0.8543238043785095,2.491912364959717,0.11959193646907806,2.938758297831148e-39,0.0010000000474974513,512.30810546875,1040.6162109375,1077.1720623008143,1040.8207563920455,0.34597063994875854,3.231070513720624e-05,1563840512.0,True,0.0019585417705975552,2.648370596074885e-06,0.02719794591080559,0.0848690562816425,0.42969207414865995,0.03651461405073615,3.9236957615442884e-05,2.02774532176356e-05,0.008556768336901343,0.0009948093365114298,0.35497543454122626,0.6879835106645874,1.649731375186029,0.04802460802025499,-7.690302378919265e-05,0.0009602569694926897,0.016234111002078378,0.0010051907584834729,0.46158942341852105,1.0206640980924317,3.3340933547334046,0.19115926491790114,7.690302378919265e-05,0.0010397431255022129,713,True,50,4,"['alpha_neg', 'kappa_share', 'epsilon']",[]
10039,0.006116556469351053,0.0010000000474974513,0.20243775844573975,0.9990000128746033,2.8624789714813232,0.12815575301647186,0.1967906951904297,0.0010000000474974513,417.56024169921875,851.1204833984375,887.6538628368635,851.3256116035657,0.46542937907958915,4.264190647518262e-05,1189613056.0,True,0.0014076038544070103,3.354650206321658e-06,0.023714316106720368,2.5024343078622867e-05,0.1012408727011529,0.04134577872064337,0.1121052940984298,1.5757671829727953e-05,0.003357703610213551,0.000993425053912331,0.1559585529585697,0.9989509660634324,2.664050507223659,0.047119515811248305,-0.022931643718763384,0.0009691155782309832,0.008875409328488555,0.0010065750410825716,0.2489169639329098,0.9990490596857742,3.0609074357389874,0.20919199022169543,0.41651303409962276,0.0010308845167639196,711,True,50,7,"['alpha_pos', 'alpha_neg', 'rho', 'epsilon']",[]
10041,0.01132192462682724,0.0010000000474974513,0.5082192420959473,0.7506997585296631,1.9954991340637207,0.19261325895786285,0.7044558525085449,0.08129604160785675,639.397216796875,1294.79443359375,1331.1572308764253,1295.0040405806496,0.16378674120037395,2.75275124295149e-05,23143302.0,True,0.0038740996918791067,2.3674858927680097e-06,0.056758232623549225,133.12921488459676,353.88248947769137,0.0370409808401336,0.13767778373033226,0.10617374061800118,0.0037288287582264703,0.0009953598604137194,0.3969751503276444,-260.1777667053737,-691.601435001586,0.1200142705591628,0.4346123549257991,-0.12680066610732302,0.01891502049542801,0.0010046402345811833,0.6194633338642501,261.679166222433,695.5924332697134,0.2652122473565629,0.9742993500912908,0.2893927493230365,696,True,50,6,['alpha_neg'],"[('rho', 'capacity', -0.9999994039535522)]"
10043,,,,,,,,,,,,,,,,False,,,,,,,,,,,,,,,,,,,,,,,,,716,False,49,0,[],
10047,,,,,,,,,,,,,,,,False,,,,,,,,,,,,,,,,,,,,,,,,,717,False,49,0,[],
10048,,,,,,,,,,,,,,,,False,,,,,,,,,,,,,,,,,,,,,,,,,702,False,49,0,[],
10050,,,,,,,,,,,,,,,,False,,,,,,,,,,,,,,,,,,,,,,,,,717,False,49,0,[],
10051,0.009866970591247082,0.0010000000474974513,0.21119992434978485,0.8559808731079102,4.366213321685791,0.11289772391319275,0.07054479420185089,0.023949766531586647,363.56951904296875,743.1390380859375,779.6498822981945,743.3447523716518,0.5332366179989237,2.330302777409088e-05,8786378.0,True,0.005987635096196352,3.548262752603306e-06,0.022036254797978383,0.10095766728603134,0.8392247175431978,0.04138768906109551,0.12435452541760368,0.059202670464622284,-0.0018685785498657893,0.0009930455802946638,0.16800965859159925,0.6581074812641111,2.7213631003653234,0.03177934395010319,-0.17318559693122304,-0.09208533536766622,0.02160251973235995,0.0010069545147002388,0.2543901901079704,1.0538542649517093,6.011063543006259,0.19401610387628232,0.3142751853349248,0.13998486843083952,709,True,50,10,"['alpha_pos', 'alpha_neg']",[]
10052,,,,,,,,,,,,,,,,False,,,,,,,,,,,,,,,,,,,,,,,,,709,False,48,0,[],
10055,,,,,,,,,,,,,,,,False,,,,,,,,,,,,,,,,,,,,,,,,,719,False,48,0,[],
10057,,,,,,,,,,,,,,,,False,,,,,,,,,,,,,,,,,,,,,,,,,712,False,48,0,[],
10058,0.006681203842163086,0.0010000000474974513,0.24351811408996582,0.9990000128746033,2.1352245807647705,0.09724809229373932,0.05438897758722305,0.0010000000474974513,502.0430908203125,1020.086181640625,1056.4604649267092,1020.2954839662063,0.3443625326805906,3.119828397757374e-05,160982528.0,True,0.00166543154436848,3.204885335382784e-06,0.035055326669923274,1.8105106291758673e-05,0.26251076563825265,0.040305857676661054,0.19798938796877977,1.4908002512052771e-05,0.003417017996483944,0.0009937185876655204,0.17481093635062978,0.9989645275183352,1.6207129345597604,0.018250062881486395,-0.33366309215271317,0.0009707808994923953,0.009945389687842228,0.0010062815073293822,0.31222529182930187,0.9990354982308713,2.6497362269697806,0.17624612170599224,0.4424410473271593,0.0010292191955025075,697,True,50,6,"['alpha_pos', 'alpha_neg', 'rho', 'epsilon']",[]
10059,,,,,,,,,,,,,,,,False,,,,,,,,,,,,,,,,,,,,,,,,,718,False,46,0,[],
10062,0.0010000000474974513,0.9989998936653137,0.00100000761449337,0.9896102547645569,4.6424760818481445,0.09916367381811142,8.110879171333851e-19,0.02384023740887642,239.59814453125,495.1962890625,531.8080456148858,495.3993920244182,0.6962512120064761,4.548866854747757e-05,2.0293510020202496e+16,True,2.8542863673311566e-06,12.726858685580092,0.005133336763041627,0.02457002166213488,0.24758436962490502,0.03589409952945451,5.8667123436766206e-05,0.011787605557882372,0.0009944057490159186,-23.945184766402438,-0.009061147561583641,0.9414538972074036,4.157219634248278,0.028812531482884485,-0.00011498544901262667,0.0007369550514628002,0.001005594345978984,25.943184553733065,0.011061162790570381,1.0377666123217102,5.127732529448011,0.16951481615333835,0.00011498544901262829,0.046943519766290034,718,True,50,15,"['alpha_pos', 'alpha_neg', 'phi', 'rho', 'kappa_share']",[]
10063,0.012085886672139168,0.0010000000474974513,0.3097648024559021,0.35963714122772217,6.899661064147949,0.20101521909236908,0.25372686982154846,0.02507275529205799,575.7849731445312,1167.5699462890625,1204.1257976523768,1167.774491743608,0.26493398505128696,3.296581780887209e-05,3.4428215179083776e+16,False,0.003821562072393789,2.7707629538597503e-06,0.03969471012827505,0.08148784728426316,,0.0385876432661715,0.09813090758685362,0.10482030910607107,0.004595762645563091,0.0009945694518981884,0.2319646002277257,0.19992389537286634,,0.1253848280423934,0.06139382518108702,-0.18037127540419717,0.019576010698715243,0.0010054306430967142,0.3875650046840785,0.519350387082578,,0.2766456101423448,0.4460599144620099,0.23051678598831316,713,True,50,12,['alpha_neg'],[]
10064,,,,,,,,,,,,,,,,False,,,,,,,,,,,,,,,,,,,,,,,,,712,False,48,0,[],
10065,0.0036330153234302998,0.012274716980755329,0.11748912930488586,0.9859367609024048,4.439628601074219,0.1180906891822815,0.4675111174583435,0.0010000000474974513,311.677001953125,639.35400390625,675.9768947680184,639.5568208076585,0.6054233195894523,6.027873041603016e-06,385631520.0,True,0.0033186950960508977,0.012108235969537884,0.03880835128691063,0.015426764627112231,0.28646182080271204,0.03660763999566115,0.16574615531895157,2.4059589324833767e-05,-0.0028715075404991547,-0.011456989435851345,0.04142615848316236,0.9557008578352884,3.8781737493551365,0.04634103323177763,0.1426546224572165,0.0009528441189379528,0.010137538187359754,0.036006423397362,0.19355210012660937,1.0161726639695212,5.001083452793301,0.18984034513278536,0.7923676124594705,0.0010471559760569498,719,True,50,7,"['alpha_pos', 'epsilon']",[]
10066,,,,,,,,,,,,,,,,False,,,,,,,,,,,,,,,,,,,,,,,,,706,False,49,0,[],
10067,,,,,,,,,,,,,,,,False,,,,,,,,,,,,,,,,,,,,,,,,,716,False,49,0,[],
10071,,,,,,,,,,,,,,,,False,,,,,,,,,,,,,,,,,,,,,,,,,720,False,48,0,[],
10072,0.004920793231576681,0.008729610592126846,0.19473148882389069,0.8321820497512817,4.729641914367676,0.06753742694854736,0.3389582931995392,0.0010000000474974513,387.2505798339844,790.5011596679688,827.1129162203546,790.7042626298869,0.5090659215893032,9.226195288647432e-06,271369888.0,True,0.0023406522201918287,0.01088657157102236,0.023013866013232145,0.05755564090640287,0.4280672955688546,0.03837455466198748,0.2553880547806219,2.0376711090178178e-05,0.00033319917966698025,-0.012607677602194615,0.14962514029292528,0.7193750664676118,3.8906454320932586,-0.007675318111711724,-0.16159309625222207,0.0009600624276373242,0.009508387283486382,0.030066898786448307,0.2398378373548561,0.9449890330349516,5.568638396642093,0.14275017200880646,0.8395096826513004,0.0010399376673575784,718,True,50,4,"['alpha_pos', 'alpha_neg', 'epsilon']",[]
10074,,,,,,,,,,,,,,,,False,,,,,,,,,,,,,,,,,,,,,,,,,717,False,49,0,[],
10075,,,,,,,,,,,,,,,,False,,,,,,,,,,,,,,,,,,,,,,,,,717,False,49,0,[],
10076,0.011958320625126362,0.0010000000474974513,0.2950575053691864,0.9478991627693176,2.7289037704467773,0.2650534212589264,0.47263303399086,0.0010000000474974513,484.9048767089844,985.8097534179688,1022.3318731782516,986.0151742453581,0.37833881695328475,0.023081399500370026,107826576.0,True,0.003092289828908679,2.8425615121017255e-06,0.030943943271552386,0.054029938144560447,0.413431921027042,0.04003599473399556,0.08716804007920201,1.354566552128161e-05,0.005897543930705826,0.000994428729309892,0.2344084910172932,0.8420024299190523,1.9185920951745672,0.18658431349505983,0.3017868148326801,0.0009734510309291134,0.018019097319546897,0.0010055713656850105,0.3557065197210796,1.053795895619583,3.5392154457189875,0.34352252902279296,0.6434792531490399,0.0010265490640657892,710,False,50,10,"['alpha_neg', 'epsilon']",[]
10077,0.007961652241647243,0.0010000000474974513,0.14812684059143066,0.7763603329658508,3.7883963584899902,0.061791036278009415,0.0662619099020958,0.0010000000474974513,421.2208251953125,858.441650390625,895.0645412523934,858.6444672920335,0.4667430901739924,1.5203870134428144e-05,797307456.0,True,0.0015718059647180298,2.951846896751059e-06,0.04153406436053021,0.0593960643729868,0.48352626821073524,0.03678649755167485,0.25170815603885777,3.620762237718155e-05,0.00488096916011467,0.0009942145338919428,0.06672157031322282,0.6599461859713741,2.8407022872178946,-0.010309174040644173,-0.42707701054905356,0.0009290344116723489,0.011042335323179817,0.0010057855611029598,0.2295321108696385,0.8927744799603275,4.736090429762085,0.13389124659666302,0.5596008303532451,0.0010709656833225536,719,True,50,5,"['alpha_pos', 'alpha_neg', 'epsilon']",[]
10078,,,,,,,,,,,,,,,,False,,,,,,,,,,,,,,,,,,,,,,,,,719,False,49,0,[],
10079,,,,,,,,,,,,,,,,False,,,,,,,,,,,,,,,,,,,,,,,,,719,False,49,0,[],
10081,,,,,,,,,,,,,,,,False,,,,,,,,,,,,,,,,,,,,,,,,,716,False,48,0,[],
10083,0.023712292313575745,0.0010000001639127731,0.2566606402397156,0.5656808614730835,3.0,0.10253576934337616,0.22326402366161346,0.06533697247505188,438.4300231933594,892.8600463867188,929.302901521204,893.0675391821078,0.4323240323733858,0.3051045835018158,60895860.0,True,0.006655417856074453,1.0539680292552404e-05,0.053323442529022234,0.20708886151970365,1.5298158327738445,0.0421948566677096,0.15434626649115538,0.029979805826073513,0.010667913013605037,0.0009793427701308038,0.15214861335114058,0.15979415129506164,0.0016160647841148013,0.019835369941835587,-0.07924909980927247,0.006577632792443708,0.036756671613546454,0.0010206575576947425,0.36117266712829055,0.9715675716511054,5.998383935215886,0.18523616874491672,0.5257771471324995,0.12409631215766005,703,False,50,10,['alpha_neg'],[]
10084,0.9971936345100403,0.0010000000474974513,0.0010028291726484895,0.9990000128746033,5.129997730255127,0.046269338577985764,1.0,0.0459001287817955,220.73597717285156,457.4719543457031,494.0725610705001,457.6753441762116,0.7197732982558778,3.930388174921973e-06,423832070389760.0,True,907.51725932685,8.512133912925526e-05,0.08228093195128597,2.818145856096233e-05,0.9866930400637165,0.015446341828955767,0.052571024738446485,0.011541092906349977,-1777.7039499946125,0.000833165288488291,-0.160264834066263,0.998944778230792,3.196114907933906,0.01599506490033791,0.8969626848822807,0.023280002343118847,1779.6983372636325,0.0011668348065066118,0.16227049241155997,0.9990552475184146,7.063880552576348,0.07654361225563361,1.1030373151177193,0.06852025522047216,717,True,50,26,"['alpha_pos', 'alpha_neg', 'phi', 'rho', 'kappa_share']",[]
10086,0.04128042981028557,0.0010000000474974513,0.9990000128746033,0.7123914957046509,1.0000001192092896,0.7761783599853516,0.6338735818862915,0.0010000000474974513,269.91632080078125,555.8326416015625,591.3984001566471,556.0645256595335,0.6100183760322787,2.1508018107851967e-05,59334423740416.0,True,0.013385599319062113,3.845993426505882e-06,5.155470615951854e-05,0.2865616725498156,0.15161961015821251,0.03134319668160648,0.06782860304198123,2.8220844820330582e-05,0.015045137233439955,0.000992462038896722,0.9988989675072971,0.15074093815745204,0.7028311439491897,0.7147468233290475,0.5009319628023443,0.0009446882080363096,0.06751572238713119,0.0010075380560981807,0.9991010582419094,1.2740420532518497,1.2971690944693894,0.8376098966416556,0.7668152009702387,0.001055311886958593,630,True,50,1,"['alpha_neg', 'phi', 'capacity', 'epsilon']",[]
10087,0.009883550927042961,0.0010000000474974513,0.18024392426013947,0.937402069568634,4.413403034210205,0.16386225819587708,0.4320874810218811,0.01984071172773838,355.31146240234375,726.6229248046875,763.1899885034042,726.8271801238365,0.5470330101557983,1.2459784556995146e-05,10133661.0,True,0.006151828678750436,4.6547392014994774e-06,0.023390132109283125,0.07895251048973728,0.736836019394925,0.039625965449974924,0.12339716074148648,0.03484255428885641,-0.0021738117223685186,0.0009908769263050855,0.13440010773231065,0.7826579925197281,2.9692309736842954,0.08619679306129771,0.19023349017406774,-0.04844943980780178,0.02194091357645444,0.0010091231686898171,0.22608774078796828,1.09214614661754,5.857575094736115,0.24152772333045644,0.6739414718696944,0.08813086326327854,714,True,50,6,"['alpha_pos', 'alpha_neg']",[]
10088,0.004795370623469353,0.0075111109763383865,0.17444252967834473,0.9753923416137695,4.616551876068115,0.09633667021989822,0.7167258262634277,0.0010000000474974513,300.5882568359375,617.176513671875,653.8105233679559,617.3790453174446,0.6199899688396487,2.1928757632849738e-05,158672576.0,True,0.0041777983466502995,0.01062449918429989,0.025292936851728922,0.019120941308649487,0.3995720657285888,0.04519810047903644,0.265772770876845,1.6083352168268023e-05,-0.003392963670636219,-0.01331252477866458,0.12486928438571014,0.9379159852983123,3.8334050180118098,0.007750021111364233,0.1958207672733958,0.0009684772564969718,0.012983704917574924,0.028334746731341353,0.2240157749709793,1.0128686979292267,5.399698734124421,0.1849233193284322,1.2376308852534597,0.0010315228384979308,720,True,50,9,"['alpha_pos', 'alpha_neg', 'epsilon']",[]
10089,,,,,,,,,,,,,,,,False,,,,,,,,,,,,,,,,,,,,,,,,,716,False,46,0,[],
10090,0.9320065379142761,0.3688207268714905,0.4163912832736969,0.8427504897117615,5.556394100189209,0.1867321878671646,0.3031773269176483,0.716432511806488,754.0301513671875,1524.060302734375,1560.6831935961434,1524.2631196357834,0.04541332151072908,8.618374522484373e-06,126566260736.0,True,4458.4984497064315,0.7039719456737147,0.0629143680954482,0.289767682627078,2.629133983576417,0.03572227593897691,0.12071673029174754,0.05743828542732962,-8737.564380014357,-1.0109389327755778,0.2930813876965226,0.2748162678790558,0.40338618184910935,0.11671781358096812,0.06657688321438776,0.6038555410351901,8739.428393090186,1.7485803865185587,0.5397011788508712,1.4106847115444672,10.709402018529309,0.2567465621533611,0.5397777706209088,0.829009482577786,719,True,50,12,[],[]
10092,0.0010000000474974513,0.0010000000474974513,0.1918337494134903,0.9990000128746033,4.732583045959473,0.1820342093706131,0.19930610060691833,0.07089945673942566,389.8100891113281,795.6201782226562,832.1872419213729,795.8244335418052,0.5030526133837061,3.593301880755462e-05,8333829632.0,True,1.4688217135832656e-05,4.324159014375593e-06,0.017019238124034244,9.737172127336474e-05,0.25213952983232363,0.038660520150044383,0.0873753786987726,0.02618237311195508,0.0009712116709141152,0.000991524851565851,0.15847665564607213,0.9988091678077948,4.238398648409256,0.10626098225294106,0.028053505221775826,0.01958294841020381,0.0010287884240807873,0.0010084752434290517,0.22519084318090846,0.9991908579414117,5.226767443509689,0.25780743648828514,0.3705586959920608,0.12221596506864751,714,True,50,6,"['alpha_pos', 'alpha_neg', 'rho']",[]
10093,0.011928202584385872,0.0010000000474974513,0.23913675546646118,0.6797674298286438,2.933048725128174,0.11976262181997299,0.6515818238258362,0.0010000000474974513,512.9718627929688,1041.9437255859375,1078.4883488772334,1042.1485620013002,0.3442034948455056,2.628055153763853e-05,911275712.0,True,0.001818424462592913,3.8348731336483344e-06,0.03936513708052524,0.12211265321230705,0.6713895352944181,0.03353295911051056,0.17807083195467668,3.420632295871798e-05,0.00836415612909716,0.0009924838342702203,0.16198250454214952,0.44043102747589263,1.6171494163540308,0.054039229668318006,0.3025694064975857,0.0009329568864548185,0.015492249039674584,0.0010075162607246823,0.31629100639077284,0.9191038321813949,4.248948033902317,0.18548601397162798,1.0005942411540867,0.0010670432085400842,712,True,50,10,"['alpha_neg', 'epsilon']",[]
10094,0.003208419308066368,0.0010000000474974513,0.162892684340477,0.7611074447631836,2.9883956909179688,0.07008147239685059,2.518758584948294e-13,0.0010000000474974513,567.3524169921875,1150.704833984375,1187.215678196632,1150.9105482700893,0.27161294038387074,1.9890625480911694e-05,3414138368.0,True,0.001533093491128676,2.5476398451290675e-06,0.042741504442077326,0.07883031778302803,0.3795826065739493,0.03170036259498909,5.25474945917125e-05,7.649875566079361e-05,0.0002036112805213863,0.0009950067651554192,0.0791208749889467,0.6066028610186013,2.2444274528751915,0.007949903413811285,-0.00010299119662569391,0.0008500652415401662,0.0062132273356113495,0.0010049933298394834,0.24666449369200727,0.9156120285077659,3.732363928960746,0.13221304137988987,0.00010299119712944562,0.0011499348534547364,709,True,50,5,"['alpha_pos', 'alpha_neg', 'kappa_share', 'epsilon']",[]
10095,0.021250737830996513,0.0010000001639127731,0.3440886437892914,0.904661238193512,2.999999761581421,0.1395544409751892,2.5855588503542748e-11,0.07852201908826828,456.14794921875,928.2958984375,964.8405217287958,928.5007348528627,0.4168486565670044,0.9200500845909119,305033120.0,True,0.008915416154844775,4.317414717568036e-06,0.034299078726060556,0.133968516499499,0.627104245000818,0.03895576464038852,1.9577775683128473e-05,0.03243896759118266,0.003776843260314182,0.0009915381865600167,0.27686368478330875,0.6420877707922339,1.7708980268276355,0.06320254528980879,-3.8371709380747356e-05,0.014942810913888244,0.038724632401678845,0.0010084621412655296,0.411313602795274,1.16723470559479,4.229101496335206,0.21590633666056963,3.837176109192436e-05,0.14210122726264832,712,False,50,12,"['alpha_neg', 'kappa_share']",[]
10097,,,,,,,,,,,,,,,,False,,,,,,,,,,,,,,,,,,,,,,,,,717,False,49,0,[],
10098,0.006394497584551573,0.0010000000474974513,0.1718008816242218,0.9407408833503723,4.008303642272949,0.11315257102251053,5.191010381960792e-12,0.030925950035452843,372.042724609375,760.08544921875,796.6300725100458,760.2902856341127,0.5243709523587374,1.4519350770569872e-05,720220736.0,True,0.0035121114831605646,2.4434241347454436e-05,0.031749603371535255,0.08460077539612472,0.46134902244634424,0.03867320218410117,4.021749959782496e-05,0.058144099034711426,-0.0004891144321326861,0.0009521098144668811,0.10957280249258122,0.7749264105098055,3.1040761739753533,0.037354487574836476,-7.882484556898065e-05,-0.08303438998611168,0.013278109601235832,0.0010478902805280215,0.23402896075586238,1.1065553561909391,4.912531110570545,0.18895065447018458,7.882485595100142e-05,0.14488629005701736,712,True,50,12,"['alpha_pos', 'alpha_neg', 'kappa_share']",[]
10099,,,,,,,,,,,,,,,,False,,,,,,,,,,,,,,,,,,,,,,,,,714,False,49,0,[],
10101,,,,,,,,,,,,,,,,False,,,,,,,,,,,,,,,,,,,,,,,,,715,False,48,0,[],
10102,,,,,,,,,,,,,,,,False,,,,,,,,,,,,,,,,,,,,,,,,,716,False,49,0,[],
10103,,,,,,,,,,,,,,,,False,,,,,,,,,,,,,,,,,,,,,,,,,719,False,47,0,[],
10104,,,,,,,,,,,,,,,,False,,,,,,,,,,,,,,,,,,,,,,,,,715,False,49,0,[],
10106,,,,,,,,,,,,,,,,False,,,,,,,,,,,,,,,,,,,,,,,,,719,False,49,0,[],
10107,,,,,,,,,,,,,,,,False,,,,,,,,,,,,,,,,,,,,,,,,,714,False,49,0,[],
10109,,,,,,,,,,,,,,,,False,,,,,,,,,,,,,,,,,,,,,,,,,719,False,49,0,[],
10110,,,,,,,,,,,,,,,,False,,,,,,,,,,,,,,,,,,,,,,,,,719,False,49,0,[],
10111,0.010957852937281132,0.0010000000474974513,0.30516964197158813,0.9990000128746033,2.0,0.08561333268880844,2.938758297831148e-39,0.15797574818134308,579.6990966796875,1175.398193359375,1211.9540447226893,1175.6027388139205,0.2599370863422231,0.25504279136657715,16474903552.0,True,0.0029264273269698346,2.5195750547603013e-06,0.06944352886847731,0.00018865620785045242,0.41208155453205103,0.032971564967200336,6.113985290422641e-05,0.058263663991169244,0.005222160773046435,0.0009950617711337755,0.1690628264300051,0.9986302535017565,1.1923349944239017,0.020990252839173218,-0.00011983190971236039,0.04378106515130814,0.016693545101515828,0.001004938323861127,0.4412764575131712,0.99936977224745,2.8076650055760983,0.15023641253844366,0.00011983190971236039,0.272170431211378,713,False,50,2,"['alpha_pos', 'alpha_neg', 'rho', 'kappa_share']",[]
10112,0.01082371361553669,0.0010000000474974513,0.25813308358192444,0.978861927986145,2.999999761581421,0.41505950689315796,0.4194280207157135,0.05187227576971054,449.01513671875,914.0302734375,950.5185187646725,914.2365771624284,0.4219077923753627,0.26839256286621094,6670711.5,True,0.003937705186330661,4.038757453508905e-06,0.0387797694983875,0.11345358306778502,0.5213588165426905,0.041166343494859016,0.07034903892032572,0.05273291660071117,0.003105953268592012,0.0009920842283462812,0.18212613203632003,0.7564969912562631,1.9781552581353223,0.33437495626802954,0.28154643808486857,-0.051482341567437695,0.018541473962481368,0.0010079158666486214,0.3341400351275289,1.201226864716027,4.02184426502752,0.4957440575182864,0.5573096033465584,0.15522689310685878,707,False,50,4,"['alpha_pos', 'alpha_neg']",[]
10113,0.0010000010952353477,0.0010000000474974513,0.5068852305412292,0.9990000128746033,1.9999998807907104,0.12248603254556656,0.3285706639289856,0.528895378112793,739.7699584960938,1495.5399169921875,1531.9027142748628,1495.7495239790871,0.03251776594360356,0.3329542875289917,2455386624.0,True,8.59799590156886e-06,3.587537378065052e-06,0.07210209941710685,0.00011170222151456705,2.778851522237282,0.03554557766233367,0.18639184523588612,0.5959884644356983,0.0009831493329290498,0.0009929686034432525,0.3655677124739734,0.9987810805434416,-3.446449021178667,0.052817980517721116,-0.03675063974531484,-0.6392205473825066,0.0010168528575416457,0.00100703149155165,0.6482027486084851,0.9992189452057649,7.446448782760088,0.192154084573412,0.693891967603286,1.6970113036080925,696,False,50,2,"['alpha_pos', 'alpha_neg', 'rho']","[('capacity', 'epsilon', 0.9885714650154114)]"
10114,0.006630862597376108,0.0010000000474974513,0.21623019874095917,0.8928413391113281,2.526750326156616,0.11502715200185776,0.27762386202812195,0.0010000000474974513,518.904541015625,1053.80908203125,1090.319926243507,1054.0147963169643,0.3338120336992716,1.785628955985885e-05,453611744.0,True,0.0018093958316278145,4.605146813079386e-06,0.03157002506610286,0.06132616061639583,0.34818204007379816,0.038896487419362046,0.16366545696333817,3.0116581861920084e-05,0.0030845119336086924,0.0009909741256002964,0.1543540866203708,0.7726442729930736,1.84432606754829,0.03879143753479283,-0.043154539133311076,0.0009409726317106357,0.010177213261143524,0.0010090259693946062,0.2781063108615475,1.0130384052295827,3.209174584764942,0.19126286646892268,0.5984022631895549,0.001059027463284267,709,True,50,6,"['alpha_pos', 'alpha_neg', 'epsilon']",[]
10115,0.1749362200498581,0.0010000000474974513,0.001000300864689052,0.6708621382713318,2.5723962783813477,0.09360022842884064,1.0,0.15413621068000793,403.7911376953125,823.582275390625,860.115654829051,823.7874035957532,0.4830569157601238,2.6895136215898674e-06,4340512739819520.0,True,0.2196272284796187,3.1049889718797945e-05,0.05252232781894053,0.3451060330746521,1.6744525096573961,0.02442402731588325,0.10584284947340633,0.022665786112105284,-0.2555252377945442,0.0009391433819246668,-0.10194157004464055,-0.005533257402475011,-0.7094703343698558,0.04573001453228698,0.7925518270110293,0.10971208621899345,0.6053976778942605,0.0010608567130702359,0.10394217177401865,1.3472575339451387,5.854262891132551,0.1414704423253943,1.2074481729889706,0.19856033514102242,711,True,50,5,"['alpha_neg', 'phi', 'kappa_share']",[]
10116,,,,,,,,,,,,,,,,False,,,,,,,,,,,,,,,,,,,,,,,,,718,False,46,0,[],
10117,,,,,,,,,,,,,,,,False,,,,,,,,,,,,,,,,,,,,,,,,,715,False,49,0,[],
10119,0.007302784360945225,0.0010000000474974513,0.32920676469802856,0.9989989399909973,1.6018521785736084,0.1178407222032547,0.30273622274398804,0.012715417891740799,619.7376708984375,1255.475341796875,1292.0982326586434,1255.6781586982834,0.21542484246159777,4.621090192813426e-05,inf,True,0.0020319411647615805,2.168072897935968e-06,0.049742880596924374,,,0.03595224511080365,0.17136142297559132,0.09570638471799331,0.0033202528593081595,0.0009957507027016394,0.23171251024078054,,,0.0473756166227233,-0.03312599462770549,-0.1748656492460607,0.011285315862582291,0.0010042493922932632,0.4267010191552766,,,0.1883058277837861,0.6385984401156816,0.2002964850295423,719,True,50,2,"['alpha_pos', 'alpha_neg', 'rho']","[('alpha_pos', 'rho', 23632.16015625), ('alpha_pos', 'capacity', 17458.14453125), ('alpha_neg', 'rho', 30.681446075439453), ('alpha_neg', 'capacity', 33.66172409057617), ('phi', 'rho', -41439.9296875), ('phi', 'capacity', 4718.68603515625), ('rho', 'capacity', 8871723101323264.0), ('rho', 'kappa_total', -11846.462890625), ('rho', 'kappa_share', 897.9791870117188), ('rho', 'epsilon', -136607.875), ('capacity', 'kappa_total', 2334.359130859375), ('capacity', 'kappa_share', 1822.72802734375), ('capacity', 'epsilon', 39462.7265625)]"
10120,,,,,,,,,,,,,,,,False,,,,,,,,,,,,,,,,,,,,,,,,,715,False,48,0,[],
10121,,,,,,,,,,,,,,,,False,,,,,,,,,,,,,,,,,,,,,,,,,711,False,49,0,[],
10125,0.019123315811157227,0.0010000000474974513,0.3468025326728821,0.5693661570549011,3.0,0.12747317552566528,0.025194402784109116,0.0010000000474974513,431.88629150390625,879.7725830078125,916.3731897326095,879.975972838321,0.45171569878765905,0.5546790361404419,414378560.0,True,0.0027643509090934477,3.554191423198316e-06,0.04746299959044062,0.14879643404205503,1.1484580834706626,0.04128427222451718,0.10981964450736872,2.0293200468454693e-05,0.013705287588703513,0.0009930339603138215,0.25377676287737916,0.2777305053044836,0.7490635186436063,0.04655748883766431,-0.19004814524532554,0.0009602261054482287,0.02454134403361094,0.0010069661346810812,0.439828302468385,0.8610018088053186,5.250936481356394,0.20838886221366626,0.24043695081354377,0.001039773989546674,717,False,50,3,"['alpha_neg', 'epsilon']",[]
10126,,,,,,,,,,,,,,,,False,,,,,,,,,,,,,,,,,,,,,,,,,719,False,49,0,[],
10128,0.05961228907108307,0.0010000000474974513,0.09413208067417145,0.9113184809684753,1.0060292482376099,0.09011592715978622,5.519719126212408e-10,0.25782716274261475,503.1571960449219,1022.3143920898438,1058.7799745123418,1022.5212886415679,0.3503639475182161,1.1180170076841023e-05,1656249984.0,True,0.023936364004166807,8.284815537269023e-06,0.09519378193761477,25.243098208466044,27.85845476664449,0.03886116868067996,5.6842904705008394e-05,0.033077771811937946,0.012697877702075172,0.0009837621074258462,-0.09244430347571303,-48.564244865832535,-53.59553875932378,0.013949436148517583,-0.00011140949402654621,0.19299592130238216,0.10652670044009097,0.0010162379875690564,0.2807084648240559,50.386881827769486,55.607597255799,0.16628241817105488,0.00011141059797037145,0.3226584041828473,705,True,50,12,"['alpha_neg', 'capacity', 'kappa_share']","[('rho', 'capacity', -0.9997456669807434)]"
10130,0.012419899925589561,0.0010000000474974513,0.26551488041877747,0.9903665781021118,1.3265870809555054,0.03874797746539116,2.6998059343696923e-10,0.08230192214250565,583.7646484375,1183.529296875,1220.0851482383143,1183.7338423295455,0.25474686938872715,2.960149140562862e-05,inf,True,0.0037127538469646907,2.359001309112621e-06,0.11458907773663553,,,0.03143135933959679,3.5602499643974966e-05,0.08059070682663984,0.005143036102076232,0.0009953764898921076,0.04092441503331129,,,-0.022856354825355203,-6.977934708119759e-05,-0.0756529607263347,0.01969676374910289,0.001004623605102795,0.49010534580424364,,,0.10035230975613751,6.977988704238446e-05,0.240256805011346,713,True,50,9,"['alpha_neg', 'rho', 'kappa_share']","[('alpha_pos', 'rho', 5108.99560546875), ('alpha_pos', 'capacity', 8975.171875), ('alpha_neg', 'rho', -23.524616241455078), ('alpha_neg', 'capacity', 40.354942321777344), ('phi', 'rho', 5756.53076171875), ('phi', 'capacity', 3332.670654296875), ('rho', 'capacity', 5192319644991488.0), ('rho', 'kappa_total', -5913.92333984375), ('rho', 'kappa_share', 1.2314603328704834), ('rho', 'epsilon', -44945.1640625), ('capacity', 'kappa_total', 10471.056640625), ('capacity', 'kappa_share', -2.13625431060791), ('capacity', 'epsilon', 40281.46484375)]"
10134,0.6376493573188782,0.9673104882240295,0.973859965801239,0.9990000128746033,3.9467215538024902,0.26801055669784546,0.5777316689491272,0.35489553213119507,727.6395263671875,1471.279052734375,1507.6991158306516,1471.487145219924,0.05516970079374195,1.2189870176371187e-05,283882586112.0,True,1234.0665502887027,2934.5675161887707,0.02301387711687009,3.7485242855494074e-05,1.0283350841395975,0.03582529057898476,0.08778424487342017,0.4034140101296744,-2418.088343734126,-5750.679331442929,0.9287535955075431,0.9989265431486548,1.9312218248499131,0.19779427742735323,0.40567771058717883,-0.4357813985818434,2419.3636424487636,5752.613952419377,1.0189663360949348,0.9990734826005517,5.962221282755067,0.3382268359683377,0.7497856273110756,1.1455724628442336,701,True,50,12,['rho'],"[('capacity', 'epsilon', -0.9076955318450928)]"
10135,,,,,,,,,,,,,,,,False,,,,,,,,,,,,,,,,,,,,,,,,,704,False,49,0,[],
10137,,,,,,,,,,,,,,,,False,,,,,,,,,,,,,,,,,,,,,,,,,718,False,48,0,[],
10139,,,,,,,,,,,,,,,,False,,,,,,,,,,,,,,,,,,,,,,,,,705,False,49,0,[],
10140,,,,,,,,,,,,,,,,False,,,,,,,,,,,,,,,,,,,,,,,,,715,False,49,0,[],
10141,0.009256425313651562,0.0010000000474974513,0.21198640763759613,0.9990000128746033,2.8934078216552734,0.17481064796447754,0.12706780433654785,0.04776383936405182,431.5625305175781,879.1250610351562,915.7145023708414,879.3287385457645,0.45136153069910445,2.079817386402283e-05,1370525184.0,True,0.002358313933932225,3.419829035015573e-06,0.02925952083441696,4.8972176504398504e-05,0.2554730502742345,0.04066730463326726,0.09572826072255579,0.029579837277242015,0.0046342149389054284,0.0009932973057555363,0.15463880059723953,0.9989040291724101,2.392689844097183,0.09510419553495483,-0.06055613898232173,-0.010211576367897865,0.013878635688397695,0.0010067027892393663,0.2693340146779527,0.9990959965767965,3.3941257992133638,0.2545171003940002,0.3146917476554174,0.1057392550960015,716,True,50,4,"['alpha_pos', 'alpha_neg', 'rho']",[]
10142,0.0010000000474974513,0.0010000000474974513,0.19723375141620636,0.9548753499984741,4.9803009033203125,0.0641438439488411,0.4738101661205292,0.0010000000474974513,311.95703125,639.9140625,676.5369533617684,640.1168794014085,0.6050688082534017,9.542066982248798e-05,inf,True,,4.6187270808879196e-06,0.022409109343797938,0.020104103931627575,0.1951861817442391,0.03291134771967459,0.2680111754068978,7.602648920067252e-05,,0.000990947508764491,0.1533127041767424,0.915472030351034,4.597743016821714,-0.0003612122643955329,-0.05148208513123753,0.0008509908667931098,,0.0010090525862304115,0.24115479865567033,0.9942786696459143,5.362858789818911,0.12864890016207772,0.9991024173722959,0.0011490092282017928,719,True,50,6,"['alpha_pos', 'alpha_neg', 'epsilon']","[('alpha_pos', 'alpha_neg', 93.1830062866211), ('alpha_pos', 'phi', 138982.296875), ('alpha_pos', 'rho', 161112.671875), ('alpha_pos', 'capacity', 266785.96875), ('alpha_pos', 'kappa_total', 112322.0546875), ('alpha_pos', 'kappa_share', -84649.9765625), ('alpha_pos', 'epsilon', 311.1448059082031)]"
10143,,,,,,,,,,,,,,,,False,,,,,,,,,,,,,,,,,,,,,,,,,719,False,49,0,[],
10145,0.004953031428158283,0.0010000000474974513,0.0066328817047178745,0.8525360226631165,4.734856128692627,0.04054293781518936,0.23168326914310455,0.005719302222132683,362.2987976074219,740.5975952148438,777.1534465781581,740.8021406693892,0.537477451133222,1.3142866009729914e-05,89762648.0,True,0.004631736530034037,6.328299419138873e-06,6.743777191576725,0.20755641547974338,0.43350846608525323,0.034619499300408016,0.32431561226052363,0.19625158098146755,-0.00412500535658695,0.0009875968085525533,-13.210927533548336,0.44573292356258765,3.8851951481723273,-0.027310033976419942,-0.40396365051157856,-0.37892672841058955,0.014031068212903517,0.0010124032864423493,13.224193296957772,1.2593391217636452,5.584517109212927,0.10839590960679867,0.8673301887977877,0.3903653328548549,713,True,50,3,"['alpha_pos', 'alpha_neg', 'phi', 'epsilon']","[('rho', 'epsilon', 0.9713811278343201)]"
10147,,,,,,,,,,,,,,,,False,,,,,,,,,,,,,,,,,,,,,,,,,716,False,49,0,[],
10148,,,,,,,,,,,,,,,,False,,,,,,,,,,,,,,,,,,,,,,,,,705,False,49,0,[],
10149,0.009579124860465527,0.0010000000474974513,0.33143967390060425,0.7465558648109436,2.903627634048462,0.07652824372053146,4.3415955275349916e-09,0.004016782622784376,548.4307250976562,1112.8614501953125,1149.4173015586268,1113.065995649858,0.2998553168705663,4.2458421376068145e-05,3047966976.0,True,0.0028367540196607495,2.669147744914965e-06,0.028542430956998984,0.15541525076704132,0.5735254973280197,0.03206189283113329,6.0248861702198816e-05,0.07850677385762346,0.004019189148931229,0.0009947686140480017,0.27549753719366515,0.4419475706592816,1.7795383150701203,0.013688088495327266,-0.00011808125745031672,-0.14985366668058825,0.015139060571999825,0.0010052314809469009,0.38738181060754334,1.0511641589626057,4.027716953026804,0.13936839894573566,0.00011808994064137179,0.157887231926157,713,True,50,6,"['alpha_pos', 'alpha_neg', 'kappa_share', 'epsilon']",[]
10150,0.023197825998067856,0.0010000000474974513,0.10306812077760696,0.9990000128746033,2.435758590698242,0.20960813760757446,0.2980163097381592,0.0590922087430954,360.576904296875,737.15380859375,773.7320689353021,737.3577745994157,0.5409632971934453,1.1839343642350286e-05,805552896.0,True,0.02379781403914387,3.8209685036604275e-06,0.06042839342686369,5.475652697366684e-05,0.765671176502439,0.05095273816464289,0.11467255422858579,0.05652467376688707,-0.023445032429435797,0.000992511086844215,-0.0153693539826628,0.9988926920538164,0.9350706607530508,0.1097426058911749,0.07326223343491475,-0.05169411607787926,0.06984068442557151,0.0010074890081506877,0.22150559553787674,0.9991073336953902,3.9364465206434334,0.309473669323974,0.5227703860414036,0.16987853356407007,715,True,50,4,"['alpha_neg', 'rho']","[('alpha_pos', 'epsilon', 0.9315432906150818)]"
10151,0.009944363497197628,0.0010000000474974513,0.21539635956287384,0.825462281703949,4.1984992027282715,0.1296277493238449,0.3446867763996124,0.0010000000474974513,398.4192199707031,812.8384399414062,849.4390466662032,813.0418297719148,0.4942025067511847,1.756794699758757e-05,228034736.0,True,0.00240831844700027,3.7557473403722097e-06,0.02439464023087303,0.06063176496969434,0.5810990800052505,0.041421477299233504,0.14159861122628453,1.8700008975597545e-05,0.005224146077773663,0.0009926389179752896,0.16758374329455084,0.7066262060442507,3.0595659344686212,0.04844314563090381,0.06715859813520575,0.0009633487033947044,0.014664580916621593,0.001007361177019613,0.26320897583119685,0.9442983573636472,5.337432470987922,0.21081235301678602,0.6222149546640191,0.0010366513916001982,717,True,50,4,"['alpha_pos', 'alpha_neg', 'epsilon']",[]
10152,0.01655418798327446,0.001000001560896635,0.22017689049243927,0.7994301319122314,2.9999656677246094,0.2410324513912201,0.16639399528503418,0.07438470423221588,444.79595947265625,905.5919189453125,942.2148098070809,905.794735846721,0.4368974545797877,0.27716487646102905,4845551.0,True,0.005259361134343299,3.1486628621901256e-06,0.02678155483610213,0.1657970764878807,0.7689940092172995,0.043116988115048833,0.0738335053324699,0.04213550511440178,0.006246029578271868,0.0009938302950872836,0.1676860075636946,0.4744738332539527,1.49276510533164,0.15652470756388281,0.02168298398104712,-0.008199368262414866,0.02686234638827705,0.0010061728267059865,0.272667773421184,1.1243864305705102,4.507166230117579,0.32554019521855737,0.31110500658902124,0.15696877672684661,719,False,50,9,['alpha_neg'],[]
10154,,,,,,,,,,,,,,,,False,,,,,,,,,,,,,,,,,,,,,,,,,717,False,49,0,[],
10155,,,,,,,,,,,,,,,,False,,,,,,,,,,,,,,,,,,,,,,,,,713,False,48,0,[],
10156,,,,,,,,,,,,,,,,False,,,,,,,,,,,,,,,,,,,,,,,,,712,False,49,0,[],
10157,0.0021590464748442173,0.0010000000474974513,0.20350219309329987,0.9990000128746033,4.260011196136475,0.16250282526016235,0.09563206136226654,0.03423691168427467,381.7607116699219,779.5214233398438,816.1443142016121,779.7242402412522,0.5166987831057848,1.8355272914050147e-05,9879241728.0,True,0.004002898139339011,3.4968070329030195e-06,0.018444925035525007,0.00010666659032868302,0.37459536160628,0.038959632240986405,0.08364917500923322,0.019617206191681728,-0.0056864897120426396,0.000993146431652075,0.16735080432612967,0.9987909501992054,3.525817778612408,0.08614334921690349,-0.0683173089923185,-0.004212105928717666,0.010004582661731074,0.0010068536633428275,0.23965358186047006,0.9992090755500012,4.994204613660542,0.23886230130342123,0.25958143171685155,0.07268592929726701,719,True,50,5,"['alpha_pos', 'alpha_neg', 'rho']",[]
10158,0.06943792849779129,0.015545080415904522,0.04440198838710785,0.5419421792030334,5.000000476837158,0.05416041612625122,0.8866044282913208,0.04454770311713219,252.1276397705078,520.2552795410156,556.8447208767008,520.4589570516239,0.6794742069330211,0.0498860739171505,1530.0111083984375,True,0.022385671127490975,0.027149834045444462,0.03126784063520285,0.22827514413088953,2.6823724092197376,0.054917919295937166,0.9115836412375196,0.013240976645000756,0.025562819318150833,-0.03766761649940602,-0.016881853132227738,0.09453111814080006,-0.2573528383574635,-0.05347672779966291,-0.9000666774300992,0.01859586577279471,0.11331303767743175,0.06875777733121506,0.10568582990644343,0.9893532402652668,10.257353792031779,0.16179756005216533,2.673275534012741,0.07049954046146967,716,False,50,11,[],"[('kappa_total', 'kappa_share', -0.9459567070007324)]"
10159,,,,,,,,,,,,,,,,False,,,,,,,,,,,,,,,,,,,,,,,,,716,False,48,0,[],
10160,0.008092879317700863,0.0010000000474974513,0.20345623791217804,0.8654558062553406,2.3769659996032715,0.10589301586151123,0.11184247583150864,0.0010000000474974513,501.7981872558594,1019.5963745117188,1056.1969812365157,1019.7997643422273,0.36296179373706794,5.088373654871248e-05,1421597184.0,True,0.0015385995430717918,3.031089947716441e-06,0.032143537727786976,0.075415429946398,0.35878547115126647,0.03820982089686022,0.16306655903277792,5.0282821186624855e-05,0.0050772796266503675,0.0009940592203660256,0.14045606163001112,0.717644279681797,1.6737593979705547,0.03100314304793926,-0.2077621069556107,0.000901447528930599,0.011108479008751358,0.001005940874628877,0.26645641419434496,1.0132673328288841,3.0801726012359882,0.1807828886750832,0.431447058618628,0.0010985525660643035,717,True,50,9,"['alpha_pos', 'alpha_neg', 'epsilon']",[]
10162,0.002904679160565138,0.0010000000474974513,0.17757444083690643,0.9591943025588989,3.9937922954559326,0.10625077039003372,0.20964038372039795,0.02161318250000477,406.818115234375,829.63623046875,866.2032941674667,829.840485787899,0.4813700187832982,1.7153357475763187e-05,20036298.0,True,0.0038734714222209837,6.2868882672092356e-06,0.024526118320640913,0.2527125296379992,0.48337562538945916,0.0404162239556976,0.1439711005550593,0.21166917694287046,-0.004687185322133132,0.0009876779729188938,0.12950413224788226,0.46388684602640956,3.046393478688068,0.027036427045761466,-0.07253778818211287,-0.39325078094525734,0.010496543643263408,0.0010123221220760088,0.2256447494259306,1.4545017590913882,4.941191112223797,0.18546511373430596,0.49181855562290877,0.4364771459452669,714,True,50,3,"['alpha_pos', 'alpha_neg']","[('rho', 'epsilon', 0.9931442141532898)]"
10163,,,,,,,,,,,,,,,,False,,,,,,,,,,,,,,,,,,,,,,,,,719,False,48,0,[],
10164,0.007534913718700409,0.0010000000474974513,0.39364930987358093,0.6280813813209534,2.999999761581421,0.06096743792295456,6.384727651722657e-22,0.0010000000474974513,621.4830322265625,1258.966064453125,1295.5889553148934,1259.1688813545334,0.2132152508823254,0.16260772943496704,9829680128.0,True,0.001443421312257373,2.521497167167838e-06,0.030216149971064577,0.1039436973491183,0.6314138592433549,0.030514235750095195,3.9391491305303796e-05,0.0001104440782314966,0.004705859932158414,0.0009950580038626826,0.33442674417883334,0.42435547809675,1.7624513381250022,0.0011606348370034186,-7.720590425571812e-05,0.0007835336318579938,0.010363967505242403,0.00100494209113222,0.45287187556832853,0.8318072845451567,4.23754818503784,0.1207742410089057,7.720590425571812e-05,0.0012164664631369088,719,False,50,4,"['alpha_pos', 'alpha_neg', 'kappa_share', 'epsilon']",[]
10165,0.00874889176338911,0.0010000000474974513,0.32198092341423035,0.8195253014564514,2.105118751525879,0.062465835362672806,4.897748635964653e-15,0.11072102934122086,617.594482421875,1251.18896484375,1287.7448162070643,1251.3935102982955,0.2115585917970696,5.215799683355726e-05,771245888.0,True,0.002859122109893304,2.9343870745379618e-06,0.04141926867623493,0.23520772787019972,0.4965569231048583,0.03126785076044483,3.898195273518043e-05,0.13647187740158,0.0031451154005960637,0.000994248754514657,0.24080064854282188,0.35852662594536205,1.1318850659663315,0.0011819739982275937,-7.640322340309856e-05,-0.15675893526844165,0.014352668126182157,0.0010057513404802456,0.4031611982856388,1.2805239769675407,3.0783524370854263,0.12374969672711802,7.640322341289405e-05,0.37820099395088336,713,True,50,3,"['alpha_pos', 'alpha_neg', 'kappa_share']",[]
10166,0.00709551339969039,0.0010000000474974513,0.2004324197769165,0.9826801419258118,2.999999523162842,0.19462041556835175,0.11030542850494385,0.035217683762311935,444.90545654296875,905.8109130859375,942.3779767846542,906.0151684050865,0.4328145676670422,1.1867048740386963,8679372.0,True,0.0020652228817374003,3.7130658460480484e-06,0.024348365785637968,0.10017596012636443,0.2921144812765218,0.04164893215000095,0.07857684713332656,0.0504090052090336,0.0030477509314370613,0.0009927225721669715,0.15271049975465878,0.7863388679614169,2.4274656604982594,0.11299000855979753,-0.04370236189508561,-0.0635821509438859,0.011143275867943718,0.0010072775228279311,0.24815433979917423,1.1790214158902066,3.572533385827424,0.276250822576906,0.2643132189049733,0.1340175184685098,714,False,50,10,"['alpha_pos', 'alpha_neg']",[]
10168,,,,,,,,,,,,,,,,False,,,,,,,,,,,,,,,,,,,,,,,,,718,False,49,0,[],
10169,,,,,,,,,,,,,,,,False,,,,,,,,,,,,,,,,,,,,,,,,,713,False,48,0,[],
10170,0.06120814383029938,0.0010000003967434168,0.001057359972037375,0.34083542227745056,3.000000238418579,0.17067790031433105,0.6720490455627441,0.07360852509737015,359.8633728027344,735.7267456054688,772.3385021578546,735.9298485673869,0.5437858521569829,0.22101129591464996,3178040320.0,True,0.013681764705207227,7.268671975653116e-06,0.6109587120405235,0.3133383241081699,3.09122103996399,0.04611371166929878,0.18615014437427824,0.018713756032263863,0.03439237776314194,0.0009857540614557011,-1.1963997116683667,-0.273296407950701,-3.058681668163292,0.08029668624904103,0.30720146687222744,0.036930237258663796,0.08802390989745681,0.0010142467320311324,1.1985144316124414,0.9549672525056021,9.05868214500045,0.2610591143796211,1.036896624253261,0.1102868129360765,718,False,50,10,"['alpha_neg', 'phi']",[]
10171,0.010617054998874664,0.0010000000474974513,0.0010000000474974513,0.9990000128746033,3.2075116634368896,0.09187054634094238,0.22766610980033875,0.054054345935583115,383.8771667480469,783.7543334960938,820.3660900484796,783.9574364580119,0.5133425412528639,1.5473468010895886e-05,2024711936.0,True,0.0031303828117620865,4.422136189299141e-06,5.431376166389357e-06,7.210168404557364e-05,0.4350936225415913,0.037683621531648,0.15376873684977493,0.022953323609459172,0.004481617429997747,0.0009913328198316938,0.000989354745824839,0.9988586961706493,2.3547438333523063,0.018012005331874206,-0.07371507637343716,0.009066658335550218,0.016752492567751583,0.0010086672751632088,0.0010106453491700636,0.9991413295785573,4.060279493521473,0.16572908735001057,0.5290472959741146,0.09904203353561601,718,True,50,2,"['alpha_pos', 'alpha_neg', 'phi', 'rho']",[]
10172,,,,,,,,,,,,,,,,False,,,,,,,,,,,,,,,,,,,,,,,,,719,False,49,0,[],
10173,,,,,,,,,,,,,,,,False,,,,,,,,,,,,,,,,,,,,,,,,,677,False,49,0,[],
10174,0.008109130896627903,0.0010000000474974513,0.2515692114830017,0.8930187821388245,2.9605202674865723,0.030928216874599457,0.2486589103937149,0.010937448590993881,454.3827209472656,924.7654418945312,961.3325055932479,924.9696972136802,0.4207325258996679,2.2801625163992867e-05,10641353.0,True,0.0020818913395133243,3.4397960398207857e-06,0.028239197840208775,0.09858296604199766,0.2885790945423924,0.037909289632160746,0.4567033190647052,0.05813421903640556,0.004028698851455938,0.0009932581711452392,0.19622140076389122,0.6997997192073739,2.394915635492304,-0.04337262548393328,-0.6464631465930123,-0.10300352698972381,0.012189562941799868,0.0010067419238496635,0.3069170222021122,1.086237845070275,3.5261248994808407,0.1052290592331322,1.143780967380442,0.12487842417171158,714,True,50,1,"['alpha_pos', 'alpha_neg', 'epsilon']",[]
10175,,,,,,,,,,,,,,,,False,,,,,,,,,,,,,,,,,,,,,,,,,717,False,49,0,[],
10176,,,,,,,,,,,,,,,,False,,,,,,,,,,,,,,,,,,,,,,,,,577,False,49,0,[],
10177,,,,,,,,,,,,,,,,False,,,,,,,,,,,,,,,,,,,,,,,,,715,False,49,0,[],
10178,,,,,,,,,,,,,,,,False,,,,,,,,,,,,,,,,,,,,,,,,,718,False,48,0,[],
10179,0.0010000000474974513,0.04527011141180992,0.19519169628620148,0.9523139595985413,4.734766006469727,0.0968497171998024,6.787290283340647e-20,0.0010000000474974513,291.457275390625,598.91455078125,635.5039921169351,599.1182282918583,0.6294750768906039,4.99182497151196e-05,1512409856.0,True,2.846673449926817e-06,0.015864710225024854,0.016390420012210378,0.023821402443331353,0.2261184381551033,0.04004826168527853,3.6730119261605016e-05,3.916645600481977e-05,0.0009944206700598483,0.014175850745596873,0.16306706337078458,0.9056248687483773,4.291582011445277,0.018356566653221107,-7.198971090060668e-05,0.000923235204325932,0.0010055794249350543,0.07636437207802296,0.22731632920161837,0.9990030504487052,5.177950001494176,0.1753428677463837,7.198971090060682e-05,0.0010767648906689707,716,True,50,5,"['alpha_pos', 'kappa_share', 'epsilon']",[]
10180,,,,,,,,,,,,,,,,False,,,,,,,,,,,,,,,,,,,,,,,,,708,False,49,0,[],
10181,,,,,,,,,,,,,,,,False,,,,,,,,,,,,,,,,,,,,,,,,,719,False,49,0,[],
10182,0.008342459797859192,0.0010000000474974513,0.28653404116630554,0.9527331590652466,2.3035151958465576,0.07875791192054749,2.938758297831148e-39,0.0010000000474974513,491.1842956542969,998.3685913085938,1034.731388591269,998.5781982954933,0.3576218198166451,2.36766500165686e-05,3950547712.0,True,0.0017059975804079783,5.039906040909528e-06,0.039653224755455775,0.04838982357375933,0.2703156086031073,0.03302578680121539,5.977241639446327e-05,7.942728137369585e-05,0.004998765982547079,0.0009901220131718028,0.2088151487747401,0.857890847642431,1.7737063385254417,0.014028559229067053,-0.00011715178340207948,0.0008443254366150783,0.011686153613171305,0.0010098780818230998,0.364252933557871,1.0475754704880622,2.8333240531676736,0.14348726461202793,0.00011715178340207948,0.0011556746583798242,696,True,50,5,"['alpha_pos', 'alpha_neg', 'kappa_share', 'epsilon']",[]
10183,0.055633991956710815,0.03403584286570549,0.47807466983795166,0.22638219594955444,6.180129051208496,0.3217327296733856,0.2824443280696869,0.26326224207878113,545.115966796875,1106.23193359375,1142.8548244555184,1106.4347504951584,0.30989438659370205,8.655522833578289e-06,inf,False,0.02766132665813511,0.019337807278225302,0.16549293107437874,0.10132291666469154,3.615581035484688e-16,0.03997541016751925,0.0732263173943864,0.05718294749284358,0.0014187879421683133,-0.003865562939592629,0.1537144852361998,0.027792928478205775,6.180129051208495,0.2433823654778316,0.13892338325619066,0.15118572446296275,0.10984919597125331,0.07193724867100361,0.8024348544397035,0.4249714634209031,6.180129051208497,0.40008309386893964,0.4259652728831831,0.3753387596945995,719,True,50,11,[],[]
10184,,,,,,,,,,,,,,,,False,,,,,,,,,,,,,,,,,,,,,,,,,713,False,49,0,[],
10185,0.007461013738065958,0.0010000000474974513,0.3893938362598419,0.9650318622589111,1.647720456123352,0.137796089053154,0.016399655491113663,0.001000000280328095,611.6693725585938,1239.3387451171875,1275.8608648774705,1239.544165944577,0.21582330052245458,7.231275958474725e-05,inf,True,0.001391082541547439,1.962243470978149e-06,0.03858761008703473,,,0.03508257721928321,0.163828260016979,4.35334905216963e-05,0.004734542057110535,0.0009961541209654353,0.31376351023977933,,,0.06903550121851354,-0.3046978337920285,0.0009146762067842544,0.010187485419021381,0.0010038459740294673,0.4650241622799045,,,0.20655667688779444,0.33749714477425585,0.0010853243538719356,710,True,50,5,"['alpha_pos', 'alpha_neg', 'epsilon']","[('alpha_pos', 'rho', 4569.02587890625), ('alpha_pos', 'capacity', -9548.6787109375), ('alpha_neg', 'rho', -2.0337636470794678), ('alpha_neg', 'capacity', 3.4655261039733887), ('phi', 'rho', -8.65027141571045), ('phi', 'capacity', -583.5062866210938), ('rho', 'capacity', 894806842671104.0), ('rho', 'kappa_total', -661.740478515625), ('rho', 'kappa_share', -929.5687866210938), ('rho', 'epsilon', -9.430359840393066), ('capacity', 'kappa_total', 1206.3450927734375), ('capacity', 'kappa_share', 995.8988647460938), ('capacity', 'epsilon', 17.249858856201172)]"
10186,0.05309855937957764,0.005179923493415117,0.0010000000474974513,0.9990000128746033,3.069624900817871,0.19142383337020874,0.3342907726764679,0.0657959058880806,318.48388671875,652.9677734375,689.5795299898858,653.1708763994181,0.5962443917270415,6.624944944633171e-06,29204561264640.0,True,0.024717387592021852,0.016771858794728416,0.011491902520080963,3.002060248247621e-05,0.9366665894758593,0.049307860294307095,0.11364657776682237,0.01835036158608828,0.004653369907297596,-0.027692315698043937,-0.02152371500570632,0.9989411735749434,1.2337921199232227,0.09478220303863429,0.11154757328726561,0.029829858076060263,0.10154374885185768,0.03805216268487417,0.023523715100701222,0.9990588521742632,4.9054576817125195,0.2880654637017832,0.5570339720656702,0.10176195370010094,718,True,50,8,"['alpha_neg', 'phi', 'rho']",[]
10190,,,,,,,,,,,,,,,,False,,,,,,,,,,,,,,,,,,,,,,,,,600,False,49,0,[],
10191,,,,,,,,,,,,,,,,False,,,,,,,,,,,,,,,,,,,,,,,,,708,False,49,0,[],
10192,0.0010000000474974513,0.0010000000474974513,0.43183067440986633,0.9990000128746033,2.8526577949523926,0.11094161868095398,0.6089748740196228,0.05890447273850441,618.3641967773438,1252.7283935546875,1289.2392377669446,1252.9341078404018,0.20612221685707366,5.303241414367221e-05,inf,True,4.326377164377825e-06,4.583563174989558e-06,0.03218705877214488,,0.24913518605117513,0.035410573451711384,0.19261917285830088,0.03394314893393741,0.0009915205040717343,0.0009910164287536076,0.36874519844818837,,2.3643618030104037,0.04153817004368948,0.23144823248545798,-0.007622876693892056,0.0010084795909231683,0.001008983666241295,0.4949161503715443,,3.3409537868943815,0.18034506731821848,0.9865015155537876,0.12543182217090088,709,True,50,1,"['alpha_pos', 'alpha_neg', 'rho']","[('alpha_pos', 'rho', 508.43646240234375), ('alpha_neg', 'rho', -277.0464172363281), ('phi', 'rho', 29307.625), ('rho', 'capacity', 21273.580078125), ('rho', 'kappa_total', 2891.138427734375), ('rho', 'kappa_share', 28.807754516601562), ('rho', 'epsilon', -1820852.5)]"
10195,,,,,,,,,,,,,,,,False,,,,,,,,,,,,,,,,,,,,,,,,,684,False,49,0,[],
10196,,,,,,,,,,,,,,,,False,,,,,,,,,,,,,,,,,,,,,,,,,718,False,49,0,[],
10197,,,,,,,,,,,,,,,,False,,,,,,,,,,,,,,,,,,,,,,,,,716,False,49,0,[],
10198,0.02803507074713707,0.1596570909023285,0.31322991847991943,0.537746012210846,6.029458999633789,0.7502388954162598,0.566251814365387,0.161513552069664,254.38478088378906,524.7695617675781,558.1431665468655,525.0759447463015,0.5165949765818421,6.75426417728886e-06,1.454724664608686e+17,False,0.01600946091187806,0.22670914197626363,0.06631504258854334,0.2288950247564496,1.8626448540892216e-15,0.03436894557265324,0.06248053956366066,0.0756491495838619,-0.003342896052045699,-0.28468466233712597,0.18325482337313465,0.08912000744780069,6.0294589996337855,0.682876999907242,0.4437922070859821,0.013243943424211452,0.05941303754631984,0.603998844141783,0.4432050135867042,0.9863720169738912,6.029458999633793,0.8176007909252775,0.6887114216447918,0.3097831607151166,479,True,50,19,[],[]
10199,0.00593520188704133,0.0010000000474974513,0.18860799074172974,0.9543097019195557,5.0,0.14917387068271637,0.6664975881576538,0.016407208517193794,322.0394592285156,660.0789184570312,696.6010382173141,660.2843392844206,0.5871366925190296,0.6718757748603821,inf,True,,9.434307588762383e-06,0.019605921401828073,,,0.038259789343439814,0.18407858695108392,,,0.0009815091444044042,0.15018109091042367,,,0.07418606151348497,0.3057101874085046,,,0.0010184909505904984,0.2270348905730358,,,0.22416167985194776,1.027284988906803,,710,False,50,12,"['alpha_pos', 'alpha_neg']","[('alpha_pos', 'alpha_neg', -15.273473739624023), ('alpha_pos', 'phi', 15046.3017578125), ('alpha_pos', 'rho', -11224409088.0), ('alpha_pos', 'capacity', 2725082368.0), ('alpha_pos', 'kappa_total', 11955.671875), ('alpha_pos', 'kappa_share', -2462.268798828125), ('alpha_pos', 'epsilon', -20940349440.0), ('alpha_neg', 'rho', -16.55207061767578), ('alpha_neg', 'capacity', 2.6044058799743652), ('alpha_neg', 'epsilon', -15.922828674316406), ('phi', 'rho', 24111.240234375), ('phi', 'capacity', -1270.23974609375), ('phi', 'epsilon', 45305.8671875), ('rho', 'capacity', 3199336960.0), ('rho', 'kappa_total', 30781.734375), ('rho', 'kappa_share', -21558.810546875), ('rho', 'epsilon', -13077214208.0), ('capacity', 'kappa_total', -3413.78564453125), ('capacity', 'kappa_share', 3096.14794921875), ('capacity', 'epsilon', 7767969280.0), ('kappa_total', 'epsilon', 62231.49609375), ('kappa_share', 'epsilon', -45147.5234375)]"
10200,,,,,,,,,,,,,,,,False,,,,,,,,,,,,,,,,,,,,,,,,,719,False,49,0,[],
10201,,,,,,,,,,,,,,,,False,,,,,,,,,,,,,,,,,,,,,,,,,719,False,49,0,[],
10202,0.014408794231712818,0.0010000000474974513,0.15065687894821167,0.9990000128746033,2.5095763206481934,0.11642994731664658,0.22272969782352448,0.05038589984178543,404.67181396484375,825.3436279296875,861.9553844820733,825.5467308916056,0.48698027997069804,1.2141834304202348e-05,549527104.0,True,0.0030121628139251574,4.036132404096679e-06,0.03075916693763638,3.33163975686179e-05,0.2732652372716978,0.03692501072649905,0.12473057873858513,0.029994550936622122,0.008505063600848685,0.0009920893733485867,0.09037001955598918,0.9989347139352741,1.973986297368873,0.04405825616395326,-0.021737744274939796,-0.008402339726446072,0.020312524862576953,0.001007910721646316,0.21094373834043417,0.9990653118139324,3.0451663439275136,0.1888016384693399,0.46719713992198875,0.10917413941001694,718,True,50,5,"['alpha_neg', 'rho']",[]
10203,0.04263504222035408,0.0010000000474974513,0.001000216114334762,0.8002417087554932,4.154080867767334,0.14539743959903717,0.30327174067497253,0.07098687440156937,319.4934387207031,654.9868774414062,691.5763187770914,655.1905549520145,0.5938331556236289,7.006182840996189e-06,4668141338624.0,True,0.014517046561777441,2.2340181046129416e-05,0.10195398193945777,0.14320837229262384,1.1407817734772363,0.043225290031298,0.11853569020050234,0.019290186435045837,0.014182153797379277,0.0009562140972389333,-0.1988259165674496,0.5195584567773467,1.9181896775322205,0.06067742791639487,0.07094605699939055,0.033178803733816424,0.07108793064332888,0.0010437859977559694,0.20082634879611913,1.0809249607336398,6.3899720580024475,0.23011745128167949,0.5355974243505546,0.1087949450693223,716,True,50,6,"['alpha_neg', 'phi']",[]
10204,0.008852126076817513,0.0010000000474974513,0.1807195246219635,0.8939992785453796,4.384223937988281,0.13179811835289001,0.2690116763114929,0.0010000000474974513,346.28118896484375,708.5623779296875,745.1741344820733,708.7654808916056,0.5610045659627004,1.1539746992639266e-05,2928539648.0,True,0.0028395673101426705,3.6461525172494084e-05,0.02193510334774231,0.05002120666634107,0.43712000954071223,0.03996088782037192,0.11695102773704838,7.473297303196705e-05,0.0032866764172606007,0.0009285367713379623,0.1377275120632246,0.7959595150161163,3.5274844623666803,0.053476217434715756,0.03979187399193321,0.0008535261118971928,0.014417575736374425,0.0010714633236569404,0.2237115371807024,0.992039042074643,5.240963413609882,0.21012001927106427,0.49823147863105266,0.0011464739830977099,718,True,50,5,"['alpha_pos', 'alpha_neg', 'epsilon']",[]
10206,,,,,,,,,,,,,,,,False,,,,,,,,,,,,,,,,,,,,,,,,,712,False,49,0,[],
10208,,,,,,,,,,,,,,,,False,,,,,,,,,,,,,,,,,,,,,,,,,694,False,49,0,[],
10209,,,,,,,,,,,,,,,,False,,,,,,,,,,,,,,,,,,,,,,,,,715,False,49,0,[],
10210,,,,,,,,,,,,,,,,False,,,,,,,,,,,,,,,,,,,,,,,,,683,False,49,0,[],
10211,,,,,,,,,,,,,,,,False,,,,,,,,,,,,,,,,,,,,,,,,,683,False,49,0,[],
10212,0.03605664148926735,0.0010000000474974513,0.0010000000474974513,0.9990000128746033,1.577347755432129,0.07961824536323547,0.9836527109146118,0.09682518243789673,434.42230224609375,884.8446044921875,921.4340458278726,885.0482820027958,0.44772594912578967,1.0744408427854069e-05,inf,True,0.008127426903612837,5.379830295322785e-06,0.011905857945941407,,0.3186697765234295,0.03447836046673435,0.4219877856292381,0.025618185319286148,0.020127177471204297,0.0009894557738756812,-0.02233505273159773,,0.9527664704847795,0.012041900602446531,0.15657184916549616,0.046614461862823135,0.051986105507330405,0.0010105443211192214,0.024335052826592634,,2.2019290403794782,0.14719459012402442,1.8107335726637275,0.14703590301297031,716,True,50,10,"['alpha_neg', 'phi', 'rho']","[('alpha_pos', 'rho', 98435.171875), ('alpha_neg', 'rho', 24.009780883789062), ('phi', 'rho', 618.6420288085938), ('rho', 'capacity', 461815447552.0), ('rho', 'kappa_total', -97.16462707519531), ('rho', 'kappa_share', 2190.951904296875), ('rho', 'epsilon', -28452.45703125)]"
10215,0.010629021562635899,0.0010000000474974513,0.19414183497428894,0.54973304271698,4.049328327178955,0.1328428089618683,8.279770776333309e-15,0.0010000000474974513,493.52459716796875,1003.0491943359375,1039.6720851977059,1003.252011237346,0.3752080004902736,3.2454343454446644e-05,1585806336.0,True,0.001643992849805523,3.7929564031104708e-06,0.030132487099309463,0.0853979293370303,0.8737312978114117,0.0339930298116207,2.578006810157429e-05,4.5550103489811416e-05,0.007406854786175707,0.000992565989552424,0.1350832454950246,0.3823561768621041,2.336846451303148,0.06621769480569534,-5.052800498979573e-05,0.0009107234851653487,0.01385118833909609,0.0010074341054424785,0.2532004244535533,0.7171099085718559,5.761810203054762,0.19946792311804123,5.052800500635526e-05,0.001089276609829554,719,True,50,4,"['alpha_pos', 'alpha_neg', 'kappa_share', 'epsilon']",[]
10216,,,,,,,,,,,,,,,,False,,,,,,,,,,,,,,,,,,,,,,,,,717,False,49,0,[],
10217,0.0010000000474974513,0.010688068345189095,0.19800421595573425,0.9990000128746033,4.660148620605469,0.18791864812374115,3.553429461416443e-39,0.15794530510902405,441.2581787109375,898.516357421875,935.1392482836434,898.7191743232835,0.44137621233294777,3.228387868148275e-05,inf,True,5.367103115274275e-06,0.013863493216343066,0.01807955412621601,,0.4205322404148903,0.03770715982026545,,0.036499683500233235,0.000989480718690201,-0.01648387905875867,0.16256894101180835,,3.8359205750543444,0.11401397291672505,,0.08640724000145605,0.0010105193763047017,0.03786001574913686,0.23343949089966015,,5.484376666156593,0.26182332333075725,,0.22948337021659204,719,True,50,9,"['alpha_pos', 'alpha_neg', 'rho', 'kappa_share']","[('alpha_pos', 'rho', 68.73552703857422), ('alpha_pos', 'kappa_share', 1.6664615869522095), ('alpha_neg', 'rho', 56460.765625), ('alpha_neg', 'kappa_share', -25648.919921875), ('phi', 'rho', 17167.32421875), ('phi', 'kappa_share', 34817.55078125), ('rho', 'capacity', -33113.13671875), ('rho', 'kappa_total', 4089.193359375), ('rho', 'kappa_share', -2691855104.0), ('rho', 'epsilon', -298417.9375), ('capacity', 'kappa_share', -9470.19921875), ('kappa_total', 'kappa_share', -219578.21875), ('kappa_share', 'epsilon', 164113.078125)]"
10218,0.009671585634350777,0.0010000000474974513,0.40007713437080383,0.9974253177642822,1.9996204376220703,0.12277247756719589,1.3824331717939376e-22,0.03353087976574898,576.0202026367188,1168.0404052734375,1204.380180957492,1168.2506242515396,0.24450117612466715,2.6400173737783916e-05,1886943616.0,True,0.002062401397885707,2.2748112019222957e-06,0.0464307846765457,9.587560616385568,19.224279609347317,0.031763068383435504,2.928311005873137e-05,0.05868154107463394,0.005629353172829729,0.0009955414994700553,0.30907446863084004,-17.793848189946072,-35.67927522542641,0.06051800749717943,-5.739384107043607e-05,-0.08148282729784141,0.013713818095871824,0.0010044585955248473,0.49107980011076763,19.788698825474636,39.67851610067055,0.18502694763721236,5.739384107043607e-05,0.14854458682933935,694,True,50,5,"['alpha_pos', 'alpha_neg', 'rho', 'kappa_share']","[('rho', 'capacity', -0.9998279213905334)]"
10219,,,,,,,,,,,,,,,,False,,,,,,,,,,,,,,,,,,,,,,,,,718,False,49,0,[],
10220,0.019178302958607674,0.0010000000474974513,0.08451182395219803,0.9990000128746033,2.5982091426849365,0.15974412858486176,0.3012571930885315,0.18015944957733154,485.75390625,987.5078125,1024.1195690523857,987.7109154619181,0.3841890529861208,8.91196214070078e-06,3599741184.0,True,0.012274883321644952,4.581636189535195e-06,0.041011713985669655,9.611913381865916e-05,0.734487167626579,0.044336921201528455,0.12734818194907785,0.045557369777446004,-0.0048800262662478215,0.000991020205575697,0.0041303415960278755,0.9988116228340935,1.1586407470300082,0.07284535984447564,0.05165934297168509,0.09086864558316383,0.04323663218346317,0.0010089798894192055,0.16489330630836818,0.999188402915113,4.037777538339865,0.24664289732524786,0.5508550432053779,0.26945025357149927,718,True,50,8,"['alpha_neg', 'rho']",[]
